ISO-10303-21;
HEADER;
/* Generated by software containing ST-Developer
 * from STEP Tools, Inc. (www.steptools.com) 
 */

FILE_DESCRIPTION(
/* description */ (''),
/* implementation_level */ '2;1');

FILE_NAME(
/* name */ 'GBA_Link_Port_Male.step',
/* time_stamp */ '2026-01-04T13:24:50-08:00',
/* author */ (''),
/* organization */ (''),
/* preprocessor_version */ 'ST-DEVELOPER v20.1',
/* originating_system */ 'Autodesk Translation Framework v14.21.0.0',
/* authorisation */ '');

FILE_SCHEMA (('AUTOMOTIVE_DESIGN { 1 0 10303 214 3 1 1 }'));
ENDSEC;

DATA;
#10=MECHANICAL_DESIGN_GEOMETRIC_PRESENTATION_REPRESENTATION('',(#108,#109,
#110,#111),#8138);
#11=ITEM_DEFINED_TRANSFORMATION($,$,#4832,#5306);
#12=ITEM_DEFINED_TRANSFORMATION($,$,#5009,#5307);
#13=ITEM_DEFINED_TRANSFORMATION($,$,#5240,#5308);
#14=ITEM_DEFINED_TRANSFORMATION($,$,#5273,#5309);
#15=ITEM_DEFINED_TRANSFORMATION($,$,#5240,#5310);
#16=ITEM_DEFINED_TRANSFORMATION($,$,#5240,#5311);
#17=ITEM_DEFINED_TRANSFORMATION($,$,#5273,#5312);
#18=ITEM_DEFINED_TRANSFORMATION($,$,#5273,#5313);
#19=(
REPRESENTATION_RELATIONSHIP($,$,#8162,#8161)
REPRESENTATION_RELATIONSHIP_WITH_TRANSFORMATION(#11)
SHAPE_REPRESENTATION_RELATIONSHIP()
);
#20=(
REPRESENTATION_RELATIONSHIP($,$,#8163,#8161)
REPRESENTATION_RELATIONSHIP_WITH_TRANSFORMATION(#12)
SHAPE_REPRESENTATION_RELATIONSHIP()
);
#21=(
REPRESENTATION_RELATIONSHIP($,$,#8164,#8161)
REPRESENTATION_RELATIONSHIP_WITH_TRANSFORMATION(#13)
SHAPE_REPRESENTATION_RELATIONSHIP()
);
#22=(
REPRESENTATION_RELATIONSHIP($,$,#8165,#8161)
REPRESENTATION_RELATIONSHIP_WITH_TRANSFORMATION(#14)
SHAPE_REPRESENTATION_RELATIONSHIP()
);
#23=(
REPRESENTATION_RELATIONSHIP($,$,#8164,#8161)
REPRESENTATION_RELATIONSHIP_WITH_TRANSFORMATION(#15)
SHAPE_REPRESENTATION_RELATIONSHIP()
);
#24=(
REPRESENTATION_RELATIONSHIP($,$,#8164,#8161)
REPRESENTATION_RELATIONSHIP_WITH_TRANSFORMATION(#16)
SHAPE_REPRESENTATION_RELATIONSHIP()
);
#25=(
REPRESENTATION_RELATIONSHIP($,$,#8165,#8161)
REPRESENTATION_RELATIONSHIP_WITH_TRANSFORMATION(#17)
SHAPE_REPRESENTATION_RELATIONSHIP()
);
#26=(
REPRESENTATION_RELATIONSHIP($,$,#8165,#8161)
REPRESENTATION_RELATIONSHIP_WITH_TRANSFORMATION(#18)
SHAPE_REPRESENTATION_RELATIONSHIP()
);
#27=CONTEXT_DEPENDENT_SHAPE_REPRESENTATION(#19,#8153);
#28=CONTEXT_DEPENDENT_SHAPE_REPRESENTATION(#20,#8154);
#29=CONTEXT_DEPENDENT_SHAPE_REPRESENTATION(#21,#8155);
#30=CONTEXT_DEPENDENT_SHAPE_REPRESENTATION(#22,#8156);
#31=CONTEXT_DEPENDENT_SHAPE_REPRESENTATION(#23,#8157);
#32=CONTEXT_DEPENDENT_SHAPE_REPRESENTATION(#24,#8158);
#33=CONTEXT_DEPENDENT_SHAPE_REPRESENTATION(#25,#8159);
#34=CONTEXT_DEPENDENT_SHAPE_REPRESENTATION(#26,#8160);
#35=NEXT_ASSEMBLY_USAGE_OCCURRENCE('Shell:1','Shell:1','Shell:1',#8167,
#8168,'Shell:1');
#36=NEXT_ASSEMBLY_USAGE_OCCURRENCE('Plastic Insert:1',
'Plastic Insert:1','Plastic Insert:1',#8167,#8169,'Plastic Insert:1');
#37=NEXT_ASSEMBLY_USAGE_OCCURRENCE('Pin Long:1','Pin Long:1',
'Pin Long:1',#8167,#8170,'Pin Long:1');
#38=NEXT_ASSEMBLY_USAGE_OCCURRENCE('Pin Short:1','Pin Short:1',
'Pin Short:1',#8167,#8171,'Pin Short:1');
#39=NEXT_ASSEMBLY_USAGE_OCCURRENCE('Pin Long:2','Pin Long:2',
'Pin Long:2',#8167,#8170,'Pin Long:2');
#40=NEXT_ASSEMBLY_USAGE_OCCURRENCE('Pin Long:3','Pin Long:3',
'Pin Long:3',#8167,#8170,'Pin Long:3');
#41=NEXT_ASSEMBLY_USAGE_OCCURRENCE('Pin Short:2','Pin Short:2',
'Pin Short:2',#8167,#8171,'Pin Short:2');
#42=NEXT_ASSEMBLY_USAGE_OCCURRENCE('Pin Short:3','Pin Short:3',
'Pin Short:3',#8167,#8171,'Pin Short:3');
#43=TOROIDAL_SURFACE('',#5118,0.500000000000001,0.1);
#44=TOROIDAL_SURFACE('',#5123,0.499999999999998,0.1);
#45=TOROIDAL_SURFACE('',#5128,0.5,0.1);
#46=TOROIDAL_SURFACE('',#5133,0.500000000000003,0.1);
#47=TOROIDAL_SURFACE('',#5138,0.500000000000002,0.1);
#48=TOROIDAL_SURFACE('',#5143,0.499999999999996,0.1);
#49=TOROIDAL_SURFACE('',#5148,0.500000000000001,0.1);
#50=TOROIDAL_SURFACE('',#5153,0.499999999999999,0.1);
#51=SPHERICAL_SURFACE('',#5089,0.1);
#52=SPHERICAL_SURFACE('',#5093,0.1);
#53=SPHERICAL_SURFACE('',#5098,0.1);
#54=SPHERICAL_SURFACE('',#5102,0.1);
#55=FACE_BOUND('',#682,.T.);
#56=FACE_BOUND('',#683,.T.);
#57=FACE_BOUND('',#684,.T.);
#58=FACE_BOUND('',#685,.T.);
#59=FACE_BOUND('',#686,.T.);
#60=FACE_BOUND('',#687,.T.);
#61=FACE_BOUND('',#688,.T.);
#62=FACE_BOUND('',#772,.T.);
#63=FACE_BOUND('',#787,.T.);
#64=FACE_BOUND('',#796,.T.);
#65=FACE_BOUND('',#797,.T.);
#66=FACE_BOUND('',#798,.T.);
#67=FACE_BOUND('',#799,.T.);
#68=FACE_BOUND('',#800,.T.);
#69=FACE_BOUND('',#801,.T.);
#70=ELLIPSE('',#5011,0.14142135623731,0.1);
#71=ELLIPSE('',#5012,0.14142135623731,0.1);
#72=ELLIPSE('',#5014,0.14142135623731,0.1);
#73=ELLIPSE('',#5016,0.14142135623731,0.1);
#74=ELLIPSE('',#5030,0.14142135623731,0.1);
#75=ELLIPSE('',#5031,0.141421356237308,0.1);
#76=ELLIPSE('',#5033,0.14142135623731,0.1);
#77=ELLIPSE('',#5035,0.141421356237311,0.1);
#78=ELLIPSE('',#5040,0.14142135623731,0.1);
#79=ELLIPSE('',#5041,0.141421356237308,0.1);
#80=ELLIPSE('',#5043,0.14142135623731,0.1);
#81=ELLIPSE('',#5045,0.141421356237311,0.1);
#82=ELLIPSE('',#5050,0.141421356237311,0.1);
#83=ELLIPSE('',#5051,0.14142135623731,0.1);
#84=ELLIPSE('',#5053,0.141421356237308,0.1);
#85=ELLIPSE('',#5055,0.14142135623731,0.1);
#86=ELLIPSE('',#5060,0.14142135623731,0.1);
#87=ELLIPSE('',#5061,0.141421356237308,0.1);
#88=ELLIPSE('',#5063,0.14142135623731,0.1);
#89=ELLIPSE('',#5065,0.141421356237311,0.1);
#90=ELLIPSE('',#5070,0.14142135623731,0.1);
#91=ELLIPSE('',#5071,0.141421356237308,0.1);
#92=ELLIPSE('',#5073,0.14142135623731,0.1);
#93=ELLIPSE('',#5075,0.141421356237311,0.1);
#94=ELLIPSE('',#5080,0.14142135623731,0.1);
#95=ELLIPSE('',#5081,0.141421356237308,0.1);
#96=ELLIPSE('',#5083,0.14142135623731,0.1);
#97=ELLIPSE('',#5085,0.141421356237311,0.1);
#98=ELLIPSE('',#5112,0.141421356237309,0.1);
#99=ELLIPSE('',#5117,0.14142135623731,0.1);
#100=SHAPE_REPRESENTATION_RELATIONSHIP('SRR','None',#8162,#104);
#101=SHAPE_REPRESENTATION_RELATIONSHIP('SRR','None',#8163,#105);
#102=SHAPE_REPRESENTATION_RELATIONSHIP('SRR','None',#8164,#106);
#103=SHAPE_REPRESENTATION_RELATIONSHIP('SRR','None',#8165,#107);
#104=ADVANCED_BREP_SHAPE_REPRESENTATION('',(#112),#8134);
#105=ADVANCED_BREP_SHAPE_REPRESENTATION('',(#113),#8135);
#106=ADVANCED_BREP_SHAPE_REPRESENTATION('',(#114),#8136);
#107=ADVANCED_BREP_SHAPE_REPRESENTATION('',(#115),#8137);
#108=STYLED_ITEM('',(#8191),#112);
#109=STYLED_ITEM('',(#8192),#113);
#110=STYLED_ITEM('',(#8193),#114);
#111=STYLED_ITEM('',(#8193),#115);
#112=MANIFOLD_SOLID_BREP('Body1',#4782);
#113=MANIFOLD_SOLID_BREP('Body1',#4783);
#114=MANIFOLD_SOLID_BREP('Body1',#4784);
#115=MANIFOLD_SOLID_BREP('Body1',#4785);
#116=PLANE('',#4836);
#117=PLANE('',#4837);
#118=PLANE('',#4843);
#119=PLANE('',#4844);
#120=PLANE('',#4850);
#121=PLANE('',#4851);
#122=PLANE('',#4855);
#123=PLANE('',#4859);
#124=PLANE('',#4860);
#125=PLANE('',#4862);
#126=PLANE('',#4865);
#127=PLANE('',#4868);
#128=PLANE('',#4869);
#129=PLANE('',#4870);
#130=PLANE('',#4871);
#131=PLANE('',#4872);
#132=PLANE('',#4873);
#133=PLANE('',#4877);
#134=PLANE('',#4881);
#135=PLANE('',#4886);
#136=PLANE('',#4890);
#137=PLANE('',#4891);
#138=PLANE('',#4897);
#139=PLANE('',#4898);
#140=PLANE('',#4902);
#141=PLANE('',#4903);
#142=PLANE('',#4905);
#143=PLANE('',#4906);
#144=PLANE('',#4907);
#145=PLANE('',#4908);
#146=PLANE('',#4909);
#147=PLANE('',#4910);
#148=PLANE('',#4911);
#149=PLANE('',#4915);
#150=PLANE('',#4916);
#151=PLANE('',#4917);
#152=PLANE('',#4919);
#153=PLANE('',#4921);
#154=PLANE('',#4922);
#155=PLANE('',#4924);
#156=PLANE('',#4928);
#157=PLANE('',#4929);
#158=PLANE('',#4930);
#159=PLANE('',#4932);
#160=PLANE('',#4934);
#161=PLANE('',#4935);
#162=PLANE('',#4937);
#163=PLANE('',#4938);
#164=PLANE('',#4939);
#165=PLANE('',#4943);
#166=PLANE('',#4944);
#167=PLANE('',#4946);
#168=PLANE('',#4948);
#169=PLANE('',#4950);
#170=PLANE('',#4954);
#171=PLANE('',#4955);
#172=PLANE('',#4957);
#173=PLANE('',#4959);
#174=PLANE('',#4961);
#175=PLANE('',#4963);
#176=PLANE('',#4965);
#177=PLANE('',#4969);
#178=PLANE('',#4971);
#179=PLANE('',#4977);
#180=PLANE('',#4978);
#181=PLANE('',#4980);
#182=PLANE('',#4982);
#183=PLANE('',#4984);
#184=PLANE('',#4985);
#185=PLANE('',#4989);
#186=PLANE('',#4990);
#187=PLANE('',#4992);
#188=PLANE('',#4994);
#189=PLANE('',#4996);
#190=PLANE('',#5000);
#191=PLANE('',#5001);
#192=PLANE('',#5003);
#193=PLANE('',#5005);
#194=PLANE('',#5007);
#195=PLANE('',#5008);
#196=PLANE('',#5018);
#197=PLANE('',#5019);
#198=PLANE('',#5020);
#199=PLANE('',#5037);
#200=PLANE('',#5038);
#201=PLANE('',#5047);
#202=PLANE('',#5048);
#203=PLANE('',#5057);
#204=PLANE('',#5058);
#205=PLANE('',#5067);
#206=PLANE('',#5068);
#207=PLANE('',#5077);
#208=PLANE('',#5078);
#209=PLANE('',#5087);
#210=PLANE('',#5088);
#211=PLANE('',#5160);
#212=PLANE('',#5163);
#213=PLANE('',#5166);
#214=PLANE('',#5169);
#215=PLANE('',#5172);
#216=PLANE('',#5175);
#217=PLANE('',#5178);
#218=PLANE('',#5179);
#219=PLANE('',#5180);
#220=PLANE('',#5181);
#221=PLANE('',#5182);
#222=PLANE('',#5192);
#223=PLANE('',#5193);
#224=PLANE('',#5194);
#225=PLANE('',#5195);
#226=PLANE('',#5196);
#227=PLANE('',#5197);
#228=PLANE('',#5200);
#229=PLANE('',#5203);
#230=PLANE('',#5206);
#231=PLANE('',#5209);
#232=PLANE('',#5212);
#233=PLANE('',#5215);
#234=PLANE('',#5218);
#235=PLANE('',#5221);
#236=PLANE('',#5222);
#237=PLANE('',#5223);
#238=PLANE('',#5224);
#239=PLANE('',#5225);
#240=PLANE('',#5226);
#241=PLANE('',#5227);
#242=PLANE('',#5228);
#243=PLANE('',#5229);
#244=PLANE('',#5230);
#245=PLANE('',#5231);
#246=PLANE('',#5232);
#247=PLANE('',#5233);
#248=PLANE('',#5234);
#249=PLANE('',#5235);
#250=PLANE('',#5236);
#251=PLANE('',#5237);
#252=PLANE('',#5239);
#253=PLANE('',#5244);
#254=PLANE('',#5250);
#255=PLANE('',#5254);
#256=PLANE('',#5256);
#257=PLANE('',#5257);
#258=PLANE('',#5258);
#259=PLANE('',#5262);
#260=PLANE('',#5263);
#261=PLANE('',#5265);
#262=PLANE('',#5268);
#263=PLANE('',#5269);
#264=PLANE('',#5270);
#265=PLANE('',#5271);
#266=PLANE('',#5272);
#267=PLANE('',#5277);
#268=PLANE('',#5278);
#269=PLANE('',#5282);
#270=PLANE('',#5286);
#271=PLANE('',#5287);
#272=PLANE('',#5291);
#273=PLANE('',#5292);
#274=PLANE('',#5296);
#275=PLANE('',#5298);
#276=PLANE('',#5300);
#277=PLANE('',#5302);
#278=PLANE('',#5303);
#279=PLANE('',#5304);
#280=PLANE('',#5305);
#281=FACE_OUTER_BOUND('',#563,.T.);
#282=FACE_OUTER_BOUND('',#564,.T.);
#283=FACE_OUTER_BOUND('',#565,.T.);
#284=FACE_OUTER_BOUND('',#566,.T.);
#285=FACE_OUTER_BOUND('',#567,.T.);
#286=FACE_OUTER_BOUND('',#568,.T.);
#287=FACE_OUTER_BOUND('',#569,.T.);
#288=FACE_OUTER_BOUND('',#570,.T.);
#289=FACE_OUTER_BOUND('',#571,.T.);
#290=FACE_OUTER_BOUND('',#572,.T.);
#291=FACE_OUTER_BOUND('',#573,.T.);
#292=FACE_OUTER_BOUND('',#574,.T.);
#293=FACE_OUTER_BOUND('',#575,.T.);
#294=FACE_OUTER_BOUND('',#576,.T.);
#295=FACE_OUTER_BOUND('',#577,.T.);
#296=FACE_OUTER_BOUND('',#578,.T.);
#297=FACE_OUTER_BOUND('',#579,.T.);
#298=FACE_OUTER_BOUND('',#580,.T.);
#299=FACE_OUTER_BOUND('',#581,.T.);
#300=FACE_OUTER_BOUND('',#582,.T.);
#301=FACE_OUTER_BOUND('',#583,.T.);
#302=FACE_OUTER_BOUND('',#584,.T.);
#303=FACE_OUTER_BOUND('',#585,.T.);
#304=FACE_OUTER_BOUND('',#586,.T.);
#305=FACE_OUTER_BOUND('',#587,.T.);
#306=FACE_OUTER_BOUND('',#588,.T.);
#307=FACE_OUTER_BOUND('',#589,.T.);
#308=FACE_OUTER_BOUND('',#590,.T.);
#309=FACE_OUTER_BOUND('',#591,.T.);
#310=FACE_OUTER_BOUND('',#592,.T.);
#311=FACE_OUTER_BOUND('',#593,.T.);
#312=FACE_OUTER_BOUND('',#594,.T.);
#313=FACE_OUTER_BOUND('',#595,.T.);
#314=FACE_OUTER_BOUND('',#596,.T.);
#315=FACE_OUTER_BOUND('',#597,.T.);
#316=FACE_OUTER_BOUND('',#598,.T.);
#317=FACE_OUTER_BOUND('',#599,.T.);
#318=FACE_OUTER_BOUND('',#600,.T.);
#319=FACE_OUTER_BOUND('',#601,.T.);
#320=FACE_OUTER_BOUND('',#602,.T.);
#321=FACE_OUTER_BOUND('',#603,.T.);
#322=FACE_OUTER_BOUND('',#604,.T.);
#323=FACE_OUTER_BOUND('',#605,.T.);
#324=FACE_OUTER_BOUND('',#606,.T.);
#325=FACE_OUTER_BOUND('',#607,.T.);
#326=FACE_OUTER_BOUND('',#608,.T.);
#327=FACE_OUTER_BOUND('',#609,.T.);
#328=FACE_OUTER_BOUND('',#610,.T.);
#329=FACE_OUTER_BOUND('',#611,.T.);
#330=FACE_OUTER_BOUND('',#612,.T.);
#331=FACE_OUTER_BOUND('',#613,.T.);
#332=FACE_OUTER_BOUND('',#614,.T.);
#333=FACE_OUTER_BOUND('',#615,.T.);
#334=FACE_OUTER_BOUND('',#616,.T.);
#335=FACE_OUTER_BOUND('',#617,.T.);
#336=FACE_OUTER_BOUND('',#618,.T.);
#337=FACE_OUTER_BOUND('',#619,.T.);
#338=FACE_OUTER_BOUND('',#620,.T.);
#339=FACE_OUTER_BOUND('',#621,.T.);
#340=FACE_OUTER_BOUND('',#622,.T.);
#341=FACE_OUTER_BOUND('',#623,.T.);
#342=FACE_OUTER_BOUND('',#624,.T.);
#343=FACE_OUTER_BOUND('',#625,.T.);
#344=FACE_OUTER_BOUND('',#626,.T.);
#345=FACE_OUTER_BOUND('',#627,.T.);
#346=FACE_OUTER_BOUND('',#628,.T.);
#347=FACE_OUTER_BOUND('',#629,.T.);
#348=FACE_OUTER_BOUND('',#630,.T.);
#349=FACE_OUTER_BOUND('',#631,.T.);
#350=FACE_OUTER_BOUND('',#632,.T.);
#351=FACE_OUTER_BOUND('',#633,.T.);
#352=FACE_OUTER_BOUND('',#634,.T.);
#353=FACE_OUTER_BOUND('',#635,.T.);
#354=FACE_OUTER_BOUND('',#636,.T.);
#355=FACE_OUTER_BOUND('',#637,.T.);
#356=FACE_OUTER_BOUND('',#638,.T.);
#357=FACE_OUTER_BOUND('',#639,.T.);
#358=FACE_OUTER_BOUND('',#640,.T.);
#359=FACE_OUTER_BOUND('',#641,.T.);
#360=FACE_OUTER_BOUND('',#642,.T.);
#361=FACE_OUTER_BOUND('',#643,.T.);
#362=FACE_OUTER_BOUND('',#644,.T.);
#363=FACE_OUTER_BOUND('',#645,.T.);
#364=FACE_OUTER_BOUND('',#646,.T.);
#365=FACE_OUTER_BOUND('',#647,.T.);
#366=FACE_OUTER_BOUND('',#648,.T.);
#367=FACE_OUTER_BOUND('',#649,.T.);
#368=FACE_OUTER_BOUND('',#650,.T.);
#369=FACE_OUTER_BOUND('',#651,.T.);
#370=FACE_OUTER_BOUND('',#652,.T.);
#371=FACE_OUTER_BOUND('',#653,.T.);
#372=FACE_OUTER_BOUND('',#654,.T.);
#373=FACE_OUTER_BOUND('',#655,.T.);
#374=FACE_OUTER_BOUND('',#656,.T.);
#375=FACE_OUTER_BOUND('',#657,.T.);
#376=FACE_OUTER_BOUND('',#658,.T.);
#377=FACE_OUTER_BOUND('',#659,.T.);
#378=FACE_OUTER_BOUND('',#660,.T.);
#379=FACE_OUTER_BOUND('',#661,.T.);
#380=FACE_OUTER_BOUND('',#662,.T.);
#381=FACE_OUTER_BOUND('',#663,.T.);
#382=FACE_OUTER_BOUND('',#664,.T.);
#383=FACE_OUTER_BOUND('',#665,.T.);
#384=FACE_OUTER_BOUND('',#666,.T.);
#385=FACE_OUTER_BOUND('',#667,.T.);
#386=FACE_OUTER_BOUND('',#668,.T.);
#387=FACE_OUTER_BOUND('',#669,.T.);
#388=FACE_OUTER_BOUND('',#670,.T.);
#389=FACE_OUTER_BOUND('',#671,.T.);
#390=FACE_OUTER_BOUND('',#672,.T.);
#391=FACE_OUTER_BOUND('',#673,.T.);
#392=FACE_OUTER_BOUND('',#674,.T.);
#393=FACE_OUTER_BOUND('',#675,.T.);
#394=FACE_OUTER_BOUND('',#676,.T.);
#395=FACE_OUTER_BOUND('',#677,.T.);
#396=FACE_OUTER_BOUND('',#678,.T.);
#397=FACE_OUTER_BOUND('',#679,.T.);
#398=FACE_OUTER_BOUND('',#680,.T.);
#399=FACE_OUTER_BOUND('',#681,.T.);
#400=FACE_OUTER_BOUND('',#689,.T.);
#401=FACE_OUTER_BOUND('',#690,.T.);
#402=FACE_OUTER_BOUND('',#691,.T.);
#403=FACE_OUTER_BOUND('',#692,.T.);
#404=FACE_OUTER_BOUND('',#693,.T.);
#405=FACE_OUTER_BOUND('',#694,.T.);
#406=FACE_OUTER_BOUND('',#695,.T.);
#407=FACE_OUTER_BOUND('',#696,.T.);
#408=FACE_OUTER_BOUND('',#697,.T.);
#409=FACE_OUTER_BOUND('',#698,.T.);
#410=FACE_OUTER_BOUND('',#699,.T.);
#411=FACE_OUTER_BOUND('',#700,.T.);
#412=FACE_OUTER_BOUND('',#701,.T.);
#413=FACE_OUTER_BOUND('',#702,.T.);
#414=FACE_OUTER_BOUND('',#703,.T.);
#415=FACE_OUTER_BOUND('',#704,.T.);
#416=FACE_OUTER_BOUND('',#705,.T.);
#417=FACE_OUTER_BOUND('',#706,.T.);
#418=FACE_OUTER_BOUND('',#707,.T.);
#419=FACE_OUTER_BOUND('',#708,.T.);
#420=FACE_OUTER_BOUND('',#709,.T.);
#421=FACE_OUTER_BOUND('',#710,.T.);
#422=FACE_OUTER_BOUND('',#711,.T.);
#423=FACE_OUTER_BOUND('',#712,.T.);
#424=FACE_OUTER_BOUND('',#713,.T.);
#425=FACE_OUTER_BOUND('',#714,.T.);
#426=FACE_OUTER_BOUND('',#715,.T.);
#427=FACE_OUTER_BOUND('',#716,.T.);
#428=FACE_OUTER_BOUND('',#717,.T.);
#429=FACE_OUTER_BOUND('',#718,.T.);
#430=FACE_OUTER_BOUND('',#719,.T.);
#431=FACE_OUTER_BOUND('',#720,.T.);
#432=FACE_OUTER_BOUND('',#721,.T.);
#433=FACE_OUTER_BOUND('',#722,.T.);
#434=FACE_OUTER_BOUND('',#723,.T.);
#435=FACE_OUTER_BOUND('',#724,.T.);
#436=FACE_OUTER_BOUND('',#725,.T.);
#437=FACE_OUTER_BOUND('',#726,.T.);
#438=FACE_OUTER_BOUND('',#727,.T.);
#439=FACE_OUTER_BOUND('',#728,.T.);
#440=FACE_OUTER_BOUND('',#729,.T.);
#441=FACE_OUTER_BOUND('',#730,.T.);
#442=FACE_OUTER_BOUND('',#731,.T.);
#443=FACE_OUTER_BOUND('',#732,.T.);
#444=FACE_OUTER_BOUND('',#733,.T.);
#445=FACE_OUTER_BOUND('',#734,.T.);
#446=FACE_OUTER_BOUND('',#735,.T.);
#447=FACE_OUTER_BOUND('',#736,.T.);
#448=FACE_OUTER_BOUND('',#737,.T.);
#449=FACE_OUTER_BOUND('',#738,.T.);
#450=FACE_OUTER_BOUND('',#739,.T.);
#451=FACE_OUTER_BOUND('',#740,.T.);
#452=FACE_OUTER_BOUND('',#741,.T.);
#453=FACE_OUTER_BOUND('',#742,.T.);
#454=FACE_OUTER_BOUND('',#743,.T.);
#455=FACE_OUTER_BOUND('',#744,.T.);
#456=FACE_OUTER_BOUND('',#745,.T.);
#457=FACE_OUTER_BOUND('',#746,.T.);
#458=FACE_OUTER_BOUND('',#747,.T.);
#459=FACE_OUTER_BOUND('',#748,.T.);
#460=FACE_OUTER_BOUND('',#749,.T.);
#461=FACE_OUTER_BOUND('',#750,.T.);
#462=FACE_OUTER_BOUND('',#751,.T.);
#463=FACE_OUTER_BOUND('',#752,.T.);
#464=FACE_OUTER_BOUND('',#753,.T.);
#465=FACE_OUTER_BOUND('',#754,.T.);
#466=FACE_OUTER_BOUND('',#755,.T.);
#467=FACE_OUTER_BOUND('',#756,.T.);
#468=FACE_OUTER_BOUND('',#757,.T.);
#469=FACE_OUTER_BOUND('',#758,.T.);
#470=FACE_OUTER_BOUND('',#759,.T.);
#471=FACE_OUTER_BOUND('',#760,.T.);
#472=FACE_OUTER_BOUND('',#761,.T.);
#473=FACE_OUTER_BOUND('',#762,.T.);
#474=FACE_OUTER_BOUND('',#763,.T.);
#475=FACE_OUTER_BOUND('',#764,.T.);
#476=FACE_OUTER_BOUND('',#765,.T.);
#477=FACE_OUTER_BOUND('',#766,.T.);
#478=FACE_OUTER_BOUND('',#767,.T.);
#479=FACE_OUTER_BOUND('',#768,.T.);
#480=FACE_OUTER_BOUND('',#769,.T.);
#481=FACE_OUTER_BOUND('',#770,.T.);
#482=FACE_OUTER_BOUND('',#771,.T.);
#483=FACE_OUTER_BOUND('',#773,.T.);
#484=FACE_OUTER_BOUND('',#774,.T.);
#485=FACE_OUTER_BOUND('',#775,.T.);
#486=FACE_OUTER_BOUND('',#776,.T.);
#487=FACE_OUTER_BOUND('',#777,.T.);
#488=FACE_OUTER_BOUND('',#778,.T.);
#489=FACE_OUTER_BOUND('',#779,.T.);
#490=FACE_OUTER_BOUND('',#780,.T.);
#491=FACE_OUTER_BOUND('',#781,.T.);
#492=FACE_OUTER_BOUND('',#782,.T.);
#493=FACE_OUTER_BOUND('',#783,.T.);
#494=FACE_OUTER_BOUND('',#784,.T.);
#495=FACE_OUTER_BOUND('',#785,.T.);
#496=FACE_OUTER_BOUND('',#786,.T.);
#497=FACE_OUTER_BOUND('',#788,.T.);
#498=FACE_OUTER_BOUND('',#789,.T.);
#499=FACE_OUTER_BOUND('',#790,.T.);
#500=FACE_OUTER_BOUND('',#791,.T.);
#501=FACE_OUTER_BOUND('',#792,.T.);
#502=FACE_OUTER_BOUND('',#793,.T.);
#503=FACE_OUTER_BOUND('',#794,.T.);
#504=FACE_OUTER_BOUND('',#795,.T.);
#505=FACE_OUTER_BOUND('',#802,.T.);
#506=FACE_OUTER_BOUND('',#803,.T.);
#507=FACE_OUTER_BOUND('',#804,.T.);
#508=FACE_OUTER_BOUND('',#805,.T.);
#509=FACE_OUTER_BOUND('',#806,.T.);
#510=FACE_OUTER_BOUND('',#807,.T.);
#511=FACE_OUTER_BOUND('',#808,.T.);
#512=FACE_OUTER_BOUND('',#809,.T.);
#513=FACE_OUTER_BOUND('',#810,.T.);
#514=FACE_OUTER_BOUND('',#811,.T.);
#515=FACE_OUTER_BOUND('',#812,.T.);
#516=FACE_OUTER_BOUND('',#813,.T.);
#517=FACE_OUTER_BOUND('',#814,.T.);
#518=FACE_OUTER_BOUND('',#815,.T.);
#519=FACE_OUTER_BOUND('',#816,.T.);
#520=FACE_OUTER_BOUND('',#817,.T.);
#521=FACE_OUTER_BOUND('',#818,.T.);
#522=FACE_OUTER_BOUND('',#819,.T.);
#523=FACE_OUTER_BOUND('',#820,.T.);
#524=FACE_OUTER_BOUND('',#821,.T.);
#525=FACE_OUTER_BOUND('',#822,.T.);
#526=FACE_OUTER_BOUND('',#823,.T.);
#527=FACE_OUTER_BOUND('',#824,.T.);
#528=FACE_OUTER_BOUND('',#825,.T.);
#529=FACE_OUTER_BOUND('',#826,.T.);
#530=FACE_OUTER_BOUND('',#827,.T.);
#531=FACE_OUTER_BOUND('',#828,.T.);
#532=FACE_OUTER_BOUND('',#829,.T.);
#533=FACE_OUTER_BOUND('',#830,.T.);
#534=FACE_OUTER_BOUND('',#831,.T.);
#535=FACE_OUTER_BOUND('',#832,.T.);
#536=FACE_OUTER_BOUND('',#833,.T.);
#537=FACE_OUTER_BOUND('',#834,.T.);
#538=FACE_OUTER_BOUND('',#835,.T.);
#539=FACE_OUTER_BOUND('',#836,.T.);
#540=FACE_OUTER_BOUND('',#837,.T.);
#541=FACE_OUTER_BOUND('',#838,.T.);
#542=FACE_OUTER_BOUND('',#839,.T.);
#543=FACE_OUTER_BOUND('',#840,.T.);
#544=FACE_OUTER_BOUND('',#841,.T.);
#545=FACE_OUTER_BOUND('',#842,.T.);
#546=FACE_OUTER_BOUND('',#843,.T.);
#547=FACE_OUTER_BOUND('',#844,.T.);
#548=FACE_OUTER_BOUND('',#845,.T.);
#549=FACE_OUTER_BOUND('',#846,.T.);
#550=FACE_OUTER_BOUND('',#847,.T.);
#551=FACE_OUTER_BOUND('',#848,.T.);
#552=FACE_OUTER_BOUND('',#849,.T.);
#553=FACE_OUTER_BOUND('',#850,.T.);
#554=FACE_OUTER_BOUND('',#851,.T.);
#555=FACE_OUTER_BOUND('',#852,.T.);
#556=FACE_OUTER_BOUND('',#853,.T.);
#557=FACE_OUTER_BOUND('',#854,.T.);
#558=FACE_OUTER_BOUND('',#855,.T.);
#559=FACE_OUTER_BOUND('',#856,.T.);
#560=FACE_OUTER_BOUND('',#857,.T.);
#561=FACE_OUTER_BOUND('',#858,.T.);
#562=FACE_OUTER_BOUND('',#859,.T.);
#563=EDGE_LOOP('',(#3053,#3054,#3055,#3056));
#564=EDGE_LOOP('',(#3057,#3058,#3059,#3060));
#565=EDGE_LOOP('',(#3061,#3062,#3063,#3064,#3065,#3066,#3067,#3068,#3069,
#3070,#3071,#3072,#3073,#3074,#3075,#3076));
#566=EDGE_LOOP('',(#3077,#3078,#3079,#3080));
#567=EDGE_LOOP('',(#3081,#3082,#3083,#3084));
#568=EDGE_LOOP('',(#3085,#3086,#3087,#3088,#3089,#3090,#3091,#3092,#3093,
#3094,#3095,#3096,#3097,#3098,#3099,#3100));
#569=EDGE_LOOP('',(#3101,#3102,#3103,#3104));
#570=EDGE_LOOP('',(#3105,#3106,#3107,#3108));
#571=EDGE_LOOP('',(#3109,#3110,#3111,#3112,#3113,#3114));
#572=EDGE_LOOP('',(#3115,#3116,#3117,#3118));
#573=EDGE_LOOP('',(#3119,#3120,#3121,#3122));
#574=EDGE_LOOP('',(#3123,#3124,#3125,#3126));
#575=EDGE_LOOP('',(#3127,#3128,#3129,#3130));
#576=EDGE_LOOP('',(#3131,#3132,#3133,#3134));
#577=EDGE_LOOP('',(#3135,#3136,#3137,#3138));
#578=EDGE_LOOP('',(#3139,#3140,#3141,#3142));
#579=EDGE_LOOP('',(#3143,#3144,#3145,#3146,#3147,#3148));
#580=EDGE_LOOP('',(#3149,#3150,#3151,#3152));
#581=EDGE_LOOP('',(#3153,#3154,#3155,#3156));
#582=EDGE_LOOP('',(#3157,#3158,#3159,#3160));
#583=EDGE_LOOP('',(#3161,#3162,#3163,#3164));
#584=EDGE_LOOP('',(#3165,#3166,#3167,#3168));
#585=EDGE_LOOP('',(#3169,#3170,#3171,#3172));
#586=EDGE_LOOP('',(#3173,#3174,#3175,#3176));
#587=EDGE_LOOP('',(#3177,#3178,#3179,#3180));
#588=EDGE_LOOP('',(#3181,#3182,#3183,#3184));
#589=EDGE_LOOP('',(#3185,#3186,#3187,#3188,#3189,#3190,#3191,#3192,#3193,
#3194,#3195,#3196,#3197,#3198));
#590=EDGE_LOOP('',(#3199,#3200,#3201,#3202));
#591=EDGE_LOOP('',(#3203,#3204,#3205,#3206));
#592=EDGE_LOOP('',(#3207,#3208,#3209,#3210));
#593=EDGE_LOOP('',(#3211,#3212,#3213,#3214));
#594=EDGE_LOOP('',(#3215,#3216,#3217,#3218));
#595=EDGE_LOOP('',(#3219,#3220,#3221,#3222));
#596=EDGE_LOOP('',(#3223,#3224,#3225,#3226,#3227,#3228,#3229,#3230,#3231,
#3232,#3233,#3234,#3235,#3236));
#597=EDGE_LOOP('',(#3237,#3238,#3239,#3240));
#598=EDGE_LOOP('',(#3241,#3242,#3243,#3244));
#599=EDGE_LOOP('',(#3245,#3246,#3247,#3248,#3249,#3250,#3251,#3252,#3253,
#3254,#3255,#3256,#3257,#3258));
#600=EDGE_LOOP('',(#3259,#3260,#3261,#3262));
#601=EDGE_LOOP('',(#3263,#3264,#3265,#3266));
#602=EDGE_LOOP('',(#3267,#3268,#3269,#3270,#3271,#3272,#3273,#3274,#3275,
#3276,#3277,#3278,#3279,#3280));
#603=EDGE_LOOP('',(#3281,#3282,#3283,#3284));
#604=EDGE_LOOP('',(#3285,#3286,#3287,#3288));
#605=EDGE_LOOP('',(#3289,#3290,#3291,#3292));
#606=EDGE_LOOP('',(#3293,#3294,#3295,#3296));
#607=EDGE_LOOP('',(#3297,#3298,#3299,#3300));
#608=EDGE_LOOP('',(#3301,#3302,#3303,#3304));
#609=EDGE_LOOP('',(#3305,#3306,#3307,#3308));
#610=EDGE_LOOP('',(#3309,#3310,#3311,#3312));
#611=EDGE_LOOP('',(#3313,#3314,#3315,#3316));
#612=EDGE_LOOP('',(#3317,#3318,#3319,#3320));
#613=EDGE_LOOP('',(#3321,#3322,#3323,#3324));
#614=EDGE_LOOP('',(#3325,#3326,#3327,#3328));
#615=EDGE_LOOP('',(#3329,#3330,#3331,#3332));
#616=EDGE_LOOP('',(#3333,#3334,#3335,#3336));
#617=EDGE_LOOP('',(#3337,#3338,#3339,#3340));
#618=EDGE_LOOP('',(#3341,#3342,#3343,#3344));
#619=EDGE_LOOP('',(#3345,#3346,#3347,#3348));
#620=EDGE_LOOP('',(#3349,#3350,#3351,#3352));
#621=EDGE_LOOP('',(#3353,#3354,#3355,#3356));
#622=EDGE_LOOP('',(#3357,#3358,#3359,#3360));
#623=EDGE_LOOP('',(#3361,#3362,#3363,#3364));
#624=EDGE_LOOP('',(#3365,#3366,#3367,#3368));
#625=EDGE_LOOP('',(#3369,#3370,#3371,#3372));
#626=EDGE_LOOP('',(#3373,#3374,#3375,#3376));
#627=EDGE_LOOP('',(#3377,#3378,#3379,#3380));
#628=EDGE_LOOP('',(#3381,#3382,#3383,#3384));
#629=EDGE_LOOP('',(#3385,#3386,#3387,#3388));
#630=EDGE_LOOP('',(#3389,#3390,#3391,#3392));
#631=EDGE_LOOP('',(#3393,#3394,#3395,#3396));
#632=EDGE_LOOP('',(#3397,#3398,#3399,#3400));
#633=EDGE_LOOP('',(#3401,#3402,#3403,#3404));
#634=EDGE_LOOP('',(#3405,#3406,#3407,#3408));
#635=EDGE_LOOP('',(#3409,#3410,#3411,#3412));
#636=EDGE_LOOP('',(#3413,#3414,#3415,#3416));
#637=EDGE_LOOP('',(#3417,#3418,#3419,#3420));
#638=EDGE_LOOP('',(#3421,#3422,#3423,#3424));
#639=EDGE_LOOP('',(#3425,#3426,#3427,#3428));
#640=EDGE_LOOP('',(#3429,#3430,#3431,#3432));
#641=EDGE_LOOP('',(#3433,#3434,#3435,#3436));
#642=EDGE_LOOP('',(#3437,#3438,#3439,#3440));
#643=EDGE_LOOP('',(#3441,#3442,#3443,#3444));
#644=EDGE_LOOP('',(#3445,#3446,#3447,#3448));
#645=EDGE_LOOP('',(#3449,#3450,#3451,#3452));
#646=EDGE_LOOP('',(#3453,#3454,#3455,#3456));
#647=EDGE_LOOP('',(#3457,#3458,#3459,#3460));
#648=EDGE_LOOP('',(#3461,#3462,#3463,#3464));
#649=EDGE_LOOP('',(#3465,#3466,#3467,#3468));
#650=EDGE_LOOP('',(#3469,#3470,#3471,#3472));
#651=EDGE_LOOP('',(#3473,#3474,#3475,#3476));
#652=EDGE_LOOP('',(#3477,#3478,#3479,#3480));
#653=EDGE_LOOP('',(#3481,#3482,#3483,#3484));
#654=EDGE_LOOP('',(#3485,#3486,#3487,#3488));
#655=EDGE_LOOP('',(#3489,#3490,#3491,#3492));
#656=EDGE_LOOP('',(#3493,#3494,#3495,#3496));
#657=EDGE_LOOP('',(#3497,#3498,#3499,#3500));
#658=EDGE_LOOP('',(#3501,#3502,#3503,#3504));
#659=EDGE_LOOP('',(#3505,#3506,#3507,#3508));
#660=EDGE_LOOP('',(#3509,#3510,#3511,#3512));
#661=EDGE_LOOP('',(#3513,#3514,#3515,#3516));
#662=EDGE_LOOP('',(#3517,#3518,#3519,#3520));
#663=EDGE_LOOP('',(#3521,#3522,#3523,#3524));
#664=EDGE_LOOP('',(#3525,#3526,#3527,#3528));
#665=EDGE_LOOP('',(#3529,#3530,#3531,#3532));
#666=EDGE_LOOP('',(#3533,#3534,#3535,#3536));
#667=EDGE_LOOP('',(#3537,#3538,#3539,#3540));
#668=EDGE_LOOP('',(#3541,#3542,#3543,#3544));
#669=EDGE_LOOP('',(#3545,#3546,#3547,#3548));
#670=EDGE_LOOP('',(#3549,#3550,#3551,#3552));
#671=EDGE_LOOP('',(#3553,#3554,#3555,#3556));
#672=EDGE_LOOP('',(#3557,#3558,#3559,#3560));
#673=EDGE_LOOP('',(#3561,#3562,#3563,#3564));
#674=EDGE_LOOP('',(#3565,#3566,#3567,#3568));
#675=EDGE_LOOP('',(#3569,#3570,#3571,#3572));
#676=EDGE_LOOP('',(#3573,#3574,#3575,#3576));
#677=EDGE_LOOP('',(#3577,#3578,#3579,#3580));
#678=EDGE_LOOP('',(#3581,#3582,#3583,#3584));
#679=EDGE_LOOP('',(#3585,#3586,#3587,#3588));
#680=EDGE_LOOP('',(#3589,#3590,#3591,#3592));
#681=EDGE_LOOP('',(#3593,#3594,#3595,#3596,#3597,#3598,#3599,#3600,#3601,
#3602,#3603,#3604,#3605,#3606,#3607,#3608,#3609,#3610,#3611,#3612));
#682=EDGE_LOOP('',(#3613,#3614,#3615,#3616));
#683=EDGE_LOOP('',(#3617,#3618,#3619,#3620));
#684=EDGE_LOOP('',(#3621,#3622,#3623,#3624));
#685=EDGE_LOOP('',(#3625,#3626,#3627,#3628));
#686=EDGE_LOOP('',(#3629,#3630,#3631,#3632));
#687=EDGE_LOOP('',(#3633,#3634,#3635,#3636));
#688=EDGE_LOOP('',(#3637,#3638,#3639,#3640));
#689=EDGE_LOOP('',(#3641,#3642,#3643,#3644));
#690=EDGE_LOOP('',(#3645,#3646,#3647,#3648));
#691=EDGE_LOOP('',(#3649,#3650,#3651,#3652));
#692=EDGE_LOOP('',(#3653,#3654,#3655,#3656));
#693=EDGE_LOOP('',(#3657,#3658,#3659,#3660));
#694=EDGE_LOOP('',(#3661,#3662,#3663,#3664));
#695=EDGE_LOOP('',(#3665,#3666,#3667,#3668));
#696=EDGE_LOOP('',(#3669,#3670,#3671,#3672));
#697=EDGE_LOOP('',(#3673,#3674,#3675,#3676));
#698=EDGE_LOOP('',(#3677,#3678,#3679,#3680));
#699=EDGE_LOOP('',(#3681,#3682,#3683,#3684));
#700=EDGE_LOOP('',(#3685,#3686,#3687,#3688));
#701=EDGE_LOOP('',(#3689,#3690,#3691,#3692));
#702=EDGE_LOOP('',(#3693,#3694,#3695,#3696));
#703=EDGE_LOOP('',(#3697,#3698,#3699,#3700));
#704=EDGE_LOOP('',(#3701,#3702,#3703,#3704));
#705=EDGE_LOOP('',(#3705,#3706,#3707,#3708,#3709,#3710,#3711,#3712));
#706=EDGE_LOOP('',(#3713,#3714,#3715,#3716));
#707=EDGE_LOOP('',(#3717,#3718,#3719,#3720));
#708=EDGE_LOOP('',(#3721,#3722,#3723,#3724));
#709=EDGE_LOOP('',(#3725,#3726,#3727,#3728));
#710=EDGE_LOOP('',(#3729,#3730,#3731,#3732));
#711=EDGE_LOOP('',(#3733,#3734,#3735,#3736));
#712=EDGE_LOOP('',(#3737,#3738,#3739,#3740));
#713=EDGE_LOOP('',(#3741,#3742,#3743,#3744));
#714=EDGE_LOOP('',(#3745,#3746,#3747,#3748));
#715=EDGE_LOOP('',(#3749,#3750,#3751,#3752));
#716=EDGE_LOOP('',(#3753,#3754,#3755,#3756));
#717=EDGE_LOOP('',(#3757,#3758,#3759,#3760));
#718=EDGE_LOOP('',(#3761,#3762,#3763,#3764));
#719=EDGE_LOOP('',(#3765,#3766,#3767,#3768));
#720=EDGE_LOOP('',(#3769,#3770,#3771,#3772));
#721=EDGE_LOOP('',(#3773,#3774,#3775,#3776));
#722=EDGE_LOOP('',(#3777,#3778,#3779,#3780));
#723=EDGE_LOOP('',(#3781,#3782,#3783,#3784));
#724=EDGE_LOOP('',(#3785,#3786,#3787,#3788));
#725=EDGE_LOOP('',(#3789,#3790,#3791));
#726=EDGE_LOOP('',(#3792,#3793,#3794));
#727=EDGE_LOOP('',(#3795,#3796,#3797,#3798));
#728=EDGE_LOOP('',(#3799,#3800,#3801));
#729=EDGE_LOOP('',(#3802,#3803,#3804));
#730=EDGE_LOOP('',(#3805,#3806,#3807,#3808));
#731=EDGE_LOOP('',(#3809,#3810,#3811,#3812));
#732=EDGE_LOOP('',(#3813,#3814,#3815,#3816));
#733=EDGE_LOOP('',(#3817,#3818,#3819,#3820));
#734=EDGE_LOOP('',(#3821,#3822,#3823,#3824));
#735=EDGE_LOOP('',(#3825,#3826,#3827,#3828));
#736=EDGE_LOOP('',(#3829,#3830,#3831,#3832));
#737=EDGE_LOOP('',(#3833,#3834,#3835,#3836));
#738=EDGE_LOOP('',(#3837,#3838,#3839,#3840));
#739=EDGE_LOOP('',(#3841,#3842,#3843,#3844));
#740=EDGE_LOOP('',(#3845,#3846,#3847,#3848));
#741=EDGE_LOOP('',(#3849,#3850,#3851,#3852));
#742=EDGE_LOOP('',(#3853,#3854,#3855,#3856));
#743=EDGE_LOOP('',(#3857,#3858,#3859,#3860));
#744=EDGE_LOOP('',(#3861,#3862,#3863,#3864));
#745=EDGE_LOOP('',(#3865,#3866,#3867,#3868));
#746=EDGE_LOOP('',(#3869,#3870,#3871,#3872));
#747=EDGE_LOOP('',(#3873,#3874,#3875,#3876));
#748=EDGE_LOOP('',(#3877,#3878,#3879,#3880));
#749=EDGE_LOOP('',(#3881,#3882,#3883,#3884));
#750=EDGE_LOOP('',(#3885,#3886,#3887,#3888));
#751=EDGE_LOOP('',(#3889,#3890,#3891,#3892));
#752=EDGE_LOOP('',(#3893,#3894,#3895,#3896));
#753=EDGE_LOOP('',(#3897,#3898,#3899,#3900));
#754=EDGE_LOOP('',(#3901,#3902,#3903,#3904));
#755=EDGE_LOOP('',(#3905,#3906,#3907,#3908));
#756=EDGE_LOOP('',(#3909,#3910,#3911,#3912));
#757=EDGE_LOOP('',(#3913,#3914,#3915,#3916));
#758=EDGE_LOOP('',(#3917,#3918,#3919,#3920));
#759=EDGE_LOOP('',(#3921,#3922,#3923,#3924));
#760=EDGE_LOOP('',(#3925,#3926,#3927,#3928));
#761=EDGE_LOOP('',(#3929,#3930,#3931,#3932));
#762=EDGE_LOOP('',(#3933,#3934,#3935,#3936));
#763=EDGE_LOOP('',(#3937,#3938,#3939,#3940));
#764=EDGE_LOOP('',(#3941,#3942,#3943,#3944));
#765=EDGE_LOOP('',(#3945,#3946,#3947,#3948));
#766=EDGE_LOOP('',(#3949,#3950,#3951,#3952));
#767=EDGE_LOOP('',(#3953,#3954,#3955,#3956));
#768=EDGE_LOOP('',(#3957,#3958,#3959,#3960));
#769=EDGE_LOOP('',(#3961,#3962,#3963,#3964,#3965,#3966));
#770=EDGE_LOOP('',(#3967,#3968,#3969,#3970));
#771=EDGE_LOOP('',(#3971,#3972,#3973,#3974,#3975,#3976,#3977,#3978,#3979,
#3980,#3981,#3982,#3983,#3984,#3985,#3986,#3987,#3988));
#772=EDGE_LOOP('',(#3989,#3990,#3991,#3992,#3993,#3994,#3995,#3996,#3997,
#3998,#3999,#4000,#4001,#4002,#4003,#4004));
#773=EDGE_LOOP('',(#4005,#4006,#4007,#4008));
#774=EDGE_LOOP('',(#4009,#4010,#4011,#4012));
#775=EDGE_LOOP('',(#4013,#4014,#4015,#4016,#4017,#4018,#4019,#4020));
#776=EDGE_LOOP('',(#4021,#4022,#4023,#4024));
#777=EDGE_LOOP('',(#4025,#4026,#4027,#4028));
#778=EDGE_LOOP('',(#4029,#4030,#4031,#4032));
#779=EDGE_LOOP('',(#4033,#4034,#4035,#4036));
#780=EDGE_LOOP('',(#4037,#4038,#4039,#4040));
#781=EDGE_LOOP('',(#4041,#4042,#4043,#4044));
#782=EDGE_LOOP('',(#4045,#4046,#4047,#4048));
#783=EDGE_LOOP('',(#4049,#4050,#4051,#4052));
#784=EDGE_LOOP('',(#4053,#4054,#4055,#4056));
#785=EDGE_LOOP('',(#4057,#4058,#4059,#4060));
#786=EDGE_LOOP('',(#4061,#4062,#4063,#4064));
#787=EDGE_LOOP('',(#4065,#4066,#4067,#4068));
#788=EDGE_LOOP('',(#4069,#4070,#4071,#4072));
#789=EDGE_LOOP('',(#4073,#4074,#4075,#4076));
#790=EDGE_LOOP('',(#4077,#4078,#4079,#4080));
#791=EDGE_LOOP('',(#4081,#4082,#4083,#4084));
#792=EDGE_LOOP('',(#4085,#4086,#4087,#4088));
#793=EDGE_LOOP('',(#4089,#4090,#4091,#4092));
#794=EDGE_LOOP('',(#4093,#4094,#4095,#4096));
#795=EDGE_LOOP('',(#4097,#4098,#4099,#4100,#4101,#4102,#4103,#4104,#4105,
#4106,#4107,#4108,#4109,#4110,#4111,#4112));
#796=EDGE_LOOP('',(#4113,#4114,#4115,#4116));
#797=EDGE_LOOP('',(#4117,#4118,#4119,#4120));
#798=EDGE_LOOP('',(#4121,#4122,#4123,#4124));
#799=EDGE_LOOP('',(#4125,#4126,#4127,#4128));
#800=EDGE_LOOP('',(#4129,#4130,#4131,#4132));
#801=EDGE_LOOP('',(#4133,#4134,#4135,#4136));
#802=EDGE_LOOP('',(#4137,#4138,#4139,#4140));
#803=EDGE_LOOP('',(#4141,#4142,#4143,#4144));
#804=EDGE_LOOP('',(#4145,#4146,#4147,#4148));
#805=EDGE_LOOP('',(#4149,#4150,#4151,#4152));
#806=EDGE_LOOP('',(#4153,#4154,#4155,#4156));
#807=EDGE_LOOP('',(#4157,#4158,#4159,#4160));
#808=EDGE_LOOP('',(#4161,#4162,#4163,#4164));
#809=EDGE_LOOP('',(#4165,#4166,#4167,#4168));
#810=EDGE_LOOP('',(#4169,#4170,#4171,#4172));
#811=EDGE_LOOP('',(#4173,#4174,#4175,#4176));
#812=EDGE_LOOP('',(#4177,#4178,#4179,#4180));
#813=EDGE_LOOP('',(#4181,#4182,#4183,#4184));
#814=EDGE_LOOP('',(#4185,#4186,#4187,#4188));
#815=EDGE_LOOP('',(#4189,#4190,#4191,#4192,#4193));
#816=EDGE_LOOP('',(#4194,#4195,#4196,#4197,#4198));
#817=EDGE_LOOP('',(#4199,#4200,#4201,#4202));
#818=EDGE_LOOP('',(#4203,#4204,#4205,#4206));
#819=EDGE_LOOP('',(#4207,#4208,#4209,#4210));
#820=EDGE_LOOP('',(#4211,#4212,#4213,#4214));
#821=EDGE_LOOP('',(#4215,#4216,#4217,#4218,#4219,#4220,#4221,#4222,#4223,
#4224));
#822=EDGE_LOOP('',(#4225,#4226,#4227,#4228));
#823=EDGE_LOOP('',(#4229,#4230,#4231,#4232,#4233,#4234,#4235,#4236,#4237,
#4238));
#824=EDGE_LOOP('',(#4239,#4240,#4241,#4242));
#825=EDGE_LOOP('',(#4243,#4244,#4245,#4246));
#826=EDGE_LOOP('',(#4247,#4248,#4249,#4250));
#827=EDGE_LOOP('',(#4251,#4252,#4253,#4254));
#828=EDGE_LOOP('',(#4255,#4256,#4257,#4258));
#829=EDGE_LOOP('',(#4259,#4260,#4261,#4262));
#830=EDGE_LOOP('',(#4263,#4264,#4265,#4266));
#831=EDGE_LOOP('',(#4267,#4268,#4269,#4270));
#832=EDGE_LOOP('',(#4271,#4272,#4273,#4274));
#833=EDGE_LOOP('',(#4275,#4276,#4277,#4278));
#834=EDGE_LOOP('',(#4279,#4280,#4281,#4282));
#835=EDGE_LOOP('',(#4283,#4284,#4285,#4286));
#836=EDGE_LOOP('',(#4287,#4288,#4289,#4290));
#837=EDGE_LOOP('',(#4291,#4292,#4293,#4294));
#838=EDGE_LOOP('',(#4295,#4296,#4297,#4298));
#839=EDGE_LOOP('',(#4299,#4300,#4301,#4302));
#840=EDGE_LOOP('',(#4303,#4304,#4305,#4306));
#841=EDGE_LOOP('',(#4307,#4308,#4309,#4310));
#842=EDGE_LOOP('',(#4311,#4312,#4313,#4314,#4315,#4316));
#843=EDGE_LOOP('',(#4317,#4318,#4319,#4320));
#844=EDGE_LOOP('',(#4321,#4322,#4323,#4324));
#845=EDGE_LOOP('',(#4325,#4326,#4327,#4328));
#846=EDGE_LOOP('',(#4329,#4330,#4331,#4332));
#847=EDGE_LOOP('',(#4333,#4334,#4335,#4336,#4337,#4338,#4339,#4340));
#848=EDGE_LOOP('',(#4341,#4342,#4343,#4344));
#849=EDGE_LOOP('',(#4345,#4346,#4347,#4348));
#850=EDGE_LOOP('',(#4349,#4350,#4351,#4352,#4353,#4354,#4355,#4356));
#851=EDGE_LOOP('',(#4357,#4358,#4359,#4360));
#852=EDGE_LOOP('',(#4361,#4362,#4363,#4364));
#853=EDGE_LOOP('',(#4365,#4366,#4367,#4368));
#854=EDGE_LOOP('',(#4369,#4370,#4371,#4372));
#855=EDGE_LOOP('',(#4373,#4374,#4375,#4376));
#856=EDGE_LOOP('',(#4377,#4378,#4379,#4380,#4381,#4382));
#857=EDGE_LOOP('',(#4383,#4384,#4385,#4386));
#858=EDGE_LOOP('',(#4387,#4388,#4389,#4390));
#859=EDGE_LOOP('',(#4391,#4392,#4393,#4394));
#860=LINE('',#6770,#1343);
#861=LINE('',#6773,#1344);
#862=LINE('',#6776,#1345);
#863=LINE('',#6778,#1346);
#864=LINE('',#6779,#1347);
#865=LINE('',#6782,#1348);
#866=LINE('',#6784,#1349);
#867=LINE('',#6786,#1350);
#868=LINE('',#6788,#1351);
#869=LINE('',#6790,#1352);
#870=LINE('',#6792,#1353);
#871=LINE('',#6794,#1354);
#872=LINE('',#6796,#1355);
#873=LINE('',#6798,#1356);
#874=LINE('',#6802,#1357);
#875=LINE('',#6806,#1358);
#876=LINE('',#6810,#1359);
#877=LINE('',#6813,#1360);
#878=LINE('',#6816,#1361);
#879=LINE('',#6817,#1362);
#880=LINE('',#6822,#1363);
#881=LINE('',#6825,#1364);
#882=LINE('',#6827,#1365);
#883=LINE('',#6829,#1366);
#884=LINE('',#6831,#1367);
#885=LINE('',#6833,#1368);
#886=LINE('',#6835,#1369);
#887=LINE('',#6837,#1370);
#888=LINE('',#6839,#1371);
#889=LINE('',#6840,#1372);
#890=LINE('',#6846,#1373);
#891=LINE('',#6849,#1374);
#892=LINE('',#6852,#1375);
#893=LINE('',#6854,#1376);
#894=LINE('',#6855,#1377);
#895=LINE('',#6858,#1378);
#896=LINE('',#6860,#1379);
#897=LINE('',#6862,#1380);
#898=LINE('',#6867,#1381);
#899=LINE('',#6870,#1382);
#900=LINE('',#6871,#1383);
#901=LINE('',#6874,#1384);
#902=LINE('',#6878,#1385);
#903=LINE('',#6879,#1386);
#904=LINE('',#6882,#1387);
#905=LINE('',#6884,#1388);
#906=LINE('',#6891,#1389);
#907=LINE('',#6892,#1390);
#908=LINE('',#6894,#1391);
#909=LINE('',#6896,#1392);
#910=LINE('',#6898,#1393);
#911=LINE('',#6900,#1394);
#912=LINE('',#6902,#1395);
#913=LINE('',#6908,#1396);
#914=LINE('',#6911,#1397);
#915=LINE('',#6914,#1398);
#916=LINE('',#6918,#1399);
#917=LINE('',#6920,#1400);
#918=LINE('',#6922,#1401);
#919=LINE('',#6924,#1402);
#920=LINE('',#6928,#1403);
#921=LINE('',#6930,#1404);
#922=LINE('',#6932,#1405);
#923=LINE('',#6934,#1406);
#924=LINE('',#6937,#1407);
#925=LINE('',#6940,#1408);
#926=LINE('',#6941,#1409);
#927=LINE('',#6945,#1410);
#928=LINE('',#6948,#1411);
#929=LINE('',#6951,#1412);
#930=LINE('',#6954,#1413);
#931=LINE('',#6955,#1414);
#932=LINE('',#6961,#1415);
#933=LINE('',#6964,#1416);
#934=LINE('',#6967,#1417);
#935=LINE('',#6969,#1418);
#936=LINE('',#6970,#1419);
#937=LINE('',#6973,#1420);
#938=LINE('',#6975,#1421);
#939=LINE('',#6977,#1422);
#940=LINE('',#6979,#1423);
#941=LINE('',#6983,#1424);
#942=LINE('',#6987,#1425);
#943=LINE('',#6991,#1426);
#944=LINE('',#6993,#1427);
#945=LINE('',#6994,#1428);
#946=LINE('',#6997,#1429);
#947=LINE('',#7000,#1430);
#948=LINE('',#7003,#1431);
#949=LINE('',#7004,#1432);
#950=LINE('',#7007,#1433);
#951=LINE('',#7009,#1434);
#952=LINE('',#7011,#1435);
#953=LINE('',#7015,#1436);
#954=LINE('',#7018,#1437);
#955=LINE('',#7020,#1438);
#956=LINE('',#7022,#1439);
#957=LINE('',#7023,#1440);
#958=LINE('',#7025,#1441);
#959=LINE('',#7028,#1442);
#960=LINE('',#7029,#1443);
#961=LINE('',#7034,#1444);
#962=LINE('',#7036,#1445);
#963=LINE('',#7038,#1446);
#964=LINE('',#7039,#1447);
#965=LINE('',#7041,#1448);
#966=LINE('',#7043,#1449);
#967=LINE('',#7044,#1450);
#968=LINE('',#7046,#1451);
#969=LINE('',#7048,#1452);
#970=LINE('',#7051,#1453);
#971=LINE('',#7053,#1454);
#972=LINE('',#7054,#1455);
#973=LINE('',#7060,#1456);
#974=LINE('',#7064,#1457);
#975=LINE('',#7068,#1458);
#976=LINE('',#7070,#1459);
#977=LINE('',#7072,#1460);
#978=LINE('',#7073,#1461);
#979=LINE('',#7076,#1462);
#980=LINE('',#7078,#1463);
#981=LINE('',#7079,#1464);
#982=LINE('',#7081,#1465);
#983=LINE('',#7084,#1466);
#984=LINE('',#7087,#1467);
#985=LINE('',#7091,#1468);
#986=LINE('',#7092,#1469);
#987=LINE('',#7094,#1470);
#988=LINE('',#7096,#1471);
#989=LINE('',#7101,#1472);
#990=LINE('',#7105,#1473);
#991=LINE('',#7109,#1474);
#992=LINE('',#7111,#1475);
#993=LINE('',#7113,#1476);
#994=LINE('',#7114,#1477);
#995=LINE('',#7117,#1478);
#996=LINE('',#7119,#1479);
#997=LINE('',#7120,#1480);
#998=LINE('',#7122,#1481);
#999=LINE('',#7125,#1482);
#1000=LINE('',#7128,#1483);
#1001=LINE('',#7132,#1484);
#1002=LINE('',#7133,#1485);
#1003=LINE('',#7135,#1486);
#1004=LINE('',#7137,#1487);
#1005=LINE('',#7141,#1488);
#1006=LINE('',#7143,#1489);
#1007=LINE('',#7144,#1490);
#1008=LINE('',#7147,#1491);
#1009=LINE('',#7149,#1492);
#1010=LINE('',#7150,#1493);
#1011=LINE('',#7154,#1494);
#1012=LINE('',#7158,#1495);
#1013=LINE('',#7159,#1496);
#1014=LINE('',#7161,#1497);
#1015=LINE('',#7163,#1498);
#1016=LINE('',#7165,#1499);
#1017=LINE('',#7168,#1500);
#1018=LINE('',#7174,#1501);
#1019=LINE('',#7178,#1502);
#1020=LINE('',#7179,#1503);
#1021=LINE('',#7181,#1504);
#1022=LINE('',#7183,#1505);
#1023=LINE('',#7185,#1506);
#1024=LINE('',#7188,#1507);
#1025=LINE('',#7193,#1508);
#1026=LINE('',#7196,#1509);
#1027=LINE('',#7201,#1510);
#1028=LINE('',#7206,#1511);
#1029=LINE('',#7209,#1512);
#1030=LINE('',#7212,#1513);
#1031=LINE('',#7217,#1514);
#1032=LINE('',#7220,#1515);
#1033=LINE('',#7222,#1516);
#1034=LINE('',#7225,#1517);
#1035=LINE('',#7228,#1518);
#1036=LINE('',#7232,#1519);
#1037=LINE('',#7235,#1520);
#1038=LINE('',#7237,#1521);
#1039=LINE('',#7238,#1522);
#1040=LINE('',#7241,#1523);
#1041=LINE('',#7243,#1524);
#1042=LINE('',#7244,#1525);
#1043=LINE('',#7248,#1526);
#1044=LINE('',#7252,#1527);
#1045=LINE('',#7253,#1528);
#1046=LINE('',#7255,#1529);
#1047=LINE('',#7258,#1530);
#1048=LINE('',#7261,#1531);
#1049=LINE('',#7267,#1532);
#1050=LINE('',#7271,#1533);
#1051=LINE('',#7272,#1534);
#1052=LINE('',#7274,#1535);
#1053=LINE('',#7279,#1536);
#1054=LINE('',#7287,#1537);
#1055=LINE('',#7291,#1538);
#1056=LINE('',#7295,#1539);
#1057=LINE('',#7298,#1540);
#1058=LINE('',#7301,#1541);
#1059=LINE('',#7304,#1542);
#1060=LINE('',#7306,#1543);
#1061=LINE('',#7307,#1544);
#1062=LINE('',#7310,#1545);
#1063=LINE('',#7312,#1546);
#1064=LINE('',#7313,#1547);
#1065=LINE('',#7316,#1548);
#1066=LINE('',#7317,#1549);
#1067=LINE('',#7321,#1550);
#1068=LINE('',#7325,#1551);
#1069=LINE('',#7329,#1552);
#1070=LINE('',#7333,#1553);
#1071=LINE('',#7337,#1554);
#1072=LINE('',#7341,#1555);
#1073=LINE('',#7345,#1556);
#1074=LINE('',#7349,#1557);
#1075=LINE('',#7353,#1558);
#1076=LINE('',#7355,#1559);
#1077=LINE('',#7357,#1560);
#1078=LINE('',#7358,#1561);
#1079=LINE('',#7361,#1562);
#1080=LINE('',#7363,#1563);
#1081=LINE('',#7365,#1564);
#1082=LINE('',#7366,#1565);
#1083=LINE('',#7369,#1566);
#1084=LINE('',#7371,#1567);
#1085=LINE('',#7373,#1568);
#1086=LINE('',#7374,#1569);
#1087=LINE('',#7377,#1570);
#1088=LINE('',#7379,#1571);
#1089=LINE('',#7381,#1572);
#1090=LINE('',#7382,#1573);
#1091=LINE('',#7385,#1574);
#1092=LINE('',#7387,#1575);
#1093=LINE('',#7389,#1576);
#1094=LINE('',#7390,#1577);
#1095=LINE('',#7393,#1578);
#1096=LINE('',#7395,#1579);
#1097=LINE('',#7397,#1580);
#1098=LINE('',#7398,#1581);
#1099=LINE('',#7401,#1582);
#1100=LINE('',#7403,#1583);
#1101=LINE('',#7405,#1584);
#1102=LINE('',#7406,#1585);
#1103=LINE('',#7411,#1586);
#1104=LINE('',#7416,#1587);
#1105=LINE('',#7420,#1588);
#1106=LINE('',#7422,#1589);
#1107=LINE('',#7425,#1590);
#1108=LINE('',#7427,#1591);
#1109=LINE('',#7428,#1592);
#1110=LINE('',#7431,#1593);
#1111=LINE('',#7432,#1594);
#1112=LINE('',#7437,#1595);
#1113=LINE('',#7442,#1596);
#1114=LINE('',#7446,#1597);
#1115=LINE('',#7448,#1598);
#1116=LINE('',#7451,#1599);
#1117=LINE('',#7453,#1600);
#1118=LINE('',#7454,#1601);
#1119=LINE('',#7457,#1602);
#1120=LINE('',#7458,#1603);
#1121=LINE('',#7463,#1604);
#1122=LINE('',#7468,#1605);
#1123=LINE('',#7472,#1606);
#1124=LINE('',#7474,#1607);
#1125=LINE('',#7477,#1608);
#1126=LINE('',#7479,#1609);
#1127=LINE('',#7481,#1610);
#1128=LINE('',#7483,#1611);
#1129=LINE('',#7485,#1612);
#1130=LINE('',#7487,#1613);
#1131=LINE('',#7488,#1614);
#1132=LINE('',#7491,#1615);
#1133=LINE('',#7492,#1616);
#1134=LINE('',#7497,#1617);
#1135=LINE('',#7502,#1618);
#1136=LINE('',#7506,#1619);
#1137=LINE('',#7508,#1620);
#1138=LINE('',#7511,#1621);
#1139=LINE('',#7513,#1622);
#1140=LINE('',#7514,#1623);
#1141=LINE('',#7517,#1624);
#1142=LINE('',#7518,#1625);
#1143=LINE('',#7523,#1626);
#1144=LINE('',#7528,#1627);
#1145=LINE('',#7532,#1628);
#1146=LINE('',#7534,#1629);
#1147=LINE('',#7537,#1630);
#1148=LINE('',#7539,#1631);
#1149=LINE('',#7540,#1632);
#1150=LINE('',#7543,#1633);
#1151=LINE('',#7544,#1634);
#1152=LINE('',#7549,#1635);
#1153=LINE('',#7554,#1636);
#1154=LINE('',#7558,#1637);
#1155=LINE('',#7560,#1638);
#1156=LINE('',#7563,#1639);
#1157=LINE('',#7565,#1640);
#1158=LINE('',#7566,#1641);
#1159=LINE('',#7569,#1642);
#1160=LINE('',#7570,#1643);
#1161=LINE('',#7585,#1644);
#1162=LINE('',#7586,#1645);
#1163=LINE('',#7601,#1646);
#1164=LINE('',#7602,#1647);
#1165=LINE('',#7607,#1648);
#1166=LINE('',#7608,#1649);
#1167=LINE('',#7610,#1650);
#1168=LINE('',#7611,#1651);
#1169=LINE('',#7613,#1652);
#1170=LINE('',#7616,#1653);
#1171=LINE('',#7622,#1654);
#1172=LINE('',#7623,#1655);
#1173=LINE('',#7627,#1656);
#1174=LINE('',#7637,#1657);
#1175=LINE('',#7645,#1658);
#1176=LINE('',#7653,#1659);
#1177=LINE('',#7661,#1660);
#1178=LINE('',#7669,#1661);
#1179=LINE('',#7677,#1662);
#1180=LINE('',#7685,#1663);
#1181=LINE('',#7691,#1664);
#1182=LINE('',#7693,#1665);
#1183=LINE('',#7696,#1666);
#1184=LINE('',#7699,#1667);
#1185=LINE('',#7702,#1668);
#1186=LINE('',#7703,#1669);
#1187=LINE('',#7706,#1670);
#1188=LINE('',#7710,#1671);
#1189=LINE('',#7711,#1672);
#1190=LINE('',#7714,#1673);
#1191=LINE('',#7718,#1674);
#1192=LINE('',#7719,#1675);
#1193=LINE('',#7722,#1676);
#1194=LINE('',#7726,#1677);
#1195=LINE('',#7727,#1678);
#1196=LINE('',#7730,#1679);
#1197=LINE('',#7734,#1680);
#1198=LINE('',#7735,#1681);
#1199=LINE('',#7738,#1682);
#1200=LINE('',#7742,#1683);
#1201=LINE('',#7743,#1684);
#1202=LINE('',#7746,#1685);
#1203=LINE('',#7750,#1686);
#1204=LINE('',#7751,#1687);
#1205=LINE('',#7755,#1688);
#1206=LINE('',#7756,#1689);
#1207=LINE('',#7757,#1690);
#1208=LINE('',#7758,#1691);
#1209=LINE('',#7762,#1692);
#1210=LINE('',#7765,#1693);
#1211=LINE('',#7768,#1694);
#1212=LINE('',#7772,#1695);
#1213=LINE('',#7776,#1696);
#1214=LINE('',#7780,#1697);
#1215=LINE('',#7784,#1698);
#1216=LINE('',#7788,#1699);
#1217=LINE('',#7792,#1700);
#1218=LINE('',#7796,#1701);
#1219=LINE('',#7800,#1702);
#1220=LINE('',#7802,#1703);
#1221=LINE('',#7803,#1704);
#1222=LINE('',#7806,#1705);
#1223=LINE('',#7808,#1706);
#1224=LINE('',#7809,#1707);
#1225=LINE('',#7811,#1708);
#1226=LINE('',#7812,#1709);
#1227=LINE('',#7814,#1710);
#1228=LINE('',#7815,#1711);
#1229=LINE('',#7817,#1712);
#1230=LINE('',#7820,#1713);
#1231=LINE('',#7821,#1714);
#1232=LINE('',#7824,#1715);
#1233=LINE('',#7826,#1716);
#1234=LINE('',#7827,#1717);
#1235=LINE('',#7831,#1718);
#1236=LINE('',#7834,#1719);
#1237=LINE('',#7835,#1720);
#1238=LINE('',#7839,#1721);
#1239=LINE('',#7842,#1722);
#1240=LINE('',#7843,#1723);
#1241=LINE('',#7847,#1724);
#1242=LINE('',#7850,#1725);
#1243=LINE('',#7851,#1726);
#1244=LINE('',#7855,#1727);
#1245=LINE('',#7858,#1728);
#1246=LINE('',#7859,#1729);
#1247=LINE('',#7863,#1730);
#1248=LINE('',#7866,#1731);
#1249=LINE('',#7867,#1732);
#1250=LINE('',#7871,#1733);
#1251=LINE('',#7874,#1734);
#1252=LINE('',#7875,#1735);
#1253=LINE('',#7879,#1736);
#1254=LINE('',#7882,#1737);
#1255=LINE('',#7883,#1738);
#1256=LINE('',#7888,#1739);
#1257=LINE('',#7889,#1740);
#1258=LINE('',#7891,#1741);
#1259=LINE('',#7892,#1742);
#1260=LINE('',#7894,#1743);
#1261=LINE('',#7895,#1744);
#1262=LINE('',#7897,#1745);
#1263=LINE('',#7898,#1746);
#1264=LINE('',#7900,#1747);
#1265=LINE('',#7901,#1748);
#1266=LINE('',#7903,#1749);
#1267=LINE('',#7906,#1750);
#1268=LINE('',#7909,#1751);
#1269=LINE('',#7913,#1752);
#1270=LINE('',#7916,#1753);
#1271=LINE('',#7919,#1754);
#1272=LINE('',#7923,#1755);
#1273=LINE('',#7925,#1756);
#1274=LINE('',#7927,#1757);
#1275=LINE('',#7935,#1758);
#1276=LINE('',#7938,#1759);
#1277=LINE('',#7941,#1760);
#1278=LINE('',#7943,#1761);
#1279=LINE('',#7945,#1762);
#1280=LINE('',#7949,#1763);
#1281=LINE('',#7953,#1764);
#1282=LINE('',#7956,#1765);
#1283=LINE('',#7959,#1766);
#1284=LINE('',#7962,#1767);
#1285=LINE('',#7965,#1768);
#1286=LINE('',#7969,#1769);
#1287=LINE('',#7972,#1770);
#1288=LINE('',#7974,#1771);
#1289=LINE('',#7976,#1772);
#1290=LINE('',#7977,#1773);
#1291=LINE('',#7979,#1774);
#1292=LINE('',#7980,#1775);
#1293=LINE('',#7982,#1776);
#1294=LINE('',#7984,#1777);
#1295=LINE('',#7988,#1778);
#1296=LINE('',#7993,#1779);
#1297=LINE('',#7996,#1780);
#1298=LINE('',#8000,#1781);
#1299=LINE('',#8003,#1782);
#1300=LINE('',#8006,#1783);
#1301=LINE('',#8009,#1784);
#1302=LINE('',#8011,#1785);
#1303=LINE('',#8012,#1786);
#1304=LINE('',#8015,#1787);
#1305=LINE('',#8016,#1788);
#1306=LINE('',#8019,#1789);
#1307=LINE('',#8020,#1790);
#1308=LINE('',#8022,#1791);
#1309=LINE('',#8030,#1792);
#1310=LINE('',#8033,#1793);
#1311=LINE('',#8036,#1794);
#1312=LINE('',#8038,#1795);
#1313=LINE('',#8039,#1796);
#1314=LINE('',#8042,#1797);
#1315=LINE('',#8046,#1798);
#1316=LINE('',#8047,#1799);
#1317=LINE('',#8052,#1800);
#1318=LINE('',#8053,#1801);
#1319=LINE('',#8056,#1802);
#1320=LINE('',#8057,#1803);
#1321=LINE('',#8063,#1804);
#1322=LINE('',#8066,#1805);
#1323=LINE('',#8069,#1806);
#1324=LINE('',#8071,#1807);
#1325=LINE('',#8072,#1808);
#1326=LINE('',#8075,#1809);
#1327=LINE('',#8077,#1810);
#1328=LINE('',#8079,#1811);
#1329=LINE('',#8083,#1812);
#1330=LINE('',#8084,#1813);
#1331=LINE('',#8089,#1814);
#1332=LINE('',#8090,#1815);
#1333=LINE('',#8093,#1816);
#1334=LINE('',#8094,#1817);
#1335=LINE('',#8096,#1818);
#1336=LINE('',#8098,#1819);
#1337=LINE('',#8100,#1820);
#1338=LINE('',#8101,#1821);
#1339=LINE('',#8103,#1822);
#1340=LINE('',#8108,#1823);
#1341=LINE('',#8110,#1824);
#1342=LINE('',#8113,#1825);
#1343=VECTOR('',#5322,10.);
#1344=VECTOR('',#5325,10.);
#1345=VECTOR('',#5328,10.);
#1346=VECTOR('',#5329,10.);
#1347=VECTOR('',#5330,10.);
#1348=VECTOR('',#5333,10.);
#1349=VECTOR('',#5334,10.);
#1350=VECTOR('',#5335,10.);
#1351=VECTOR('',#5336,10.);
#1352=VECTOR('',#5337,10.);
#1353=VECTOR('',#5338,10.);
#1354=VECTOR('',#5339,10.);
#1355=VECTOR('',#5340,10.);
#1356=VECTOR('',#5341,10.);
#1357=VECTOR('',#5344,10.);
#1358=VECTOR('',#5347,10.);
#1359=VECTOR('',#5352,10.);
#1360=VECTOR('',#5355,10.);
#1361=VECTOR('',#5358,10.);
#1362=VECTOR('',#5359,10.);
#1363=VECTOR('',#5364,10.);
#1364=VECTOR('',#5367,10.);
#1365=VECTOR('',#5368,10.);
#1366=VECTOR('',#5369,10.);
#1367=VECTOR('',#5370,10.);
#1368=VECTOR('',#5371,10.);
#1369=VECTOR('',#5372,10.);
#1370=VECTOR('',#5373,10.);
#1371=VECTOR('',#5374,10.);
#1372=VECTOR('',#5375,10.);
#1373=VECTOR('',#5380,10.);
#1374=VECTOR('',#5383,10.);
#1375=VECTOR('',#5386,10.);
#1376=VECTOR('',#5387,10.);
#1377=VECTOR('',#5388,10.);
#1378=VECTOR('',#5391,0.432);
#1379=VECTOR('',#5392,10.);
#1380=VECTOR('',#5393,0.432);
#1381=VECTOR('',#5400,10.);
#1382=VECTOR('',#5403,10.);
#1383=VECTOR('',#5404,10.);
#1384=VECTOR('',#5407,10.);
#1385=VECTOR('',#5414,0.432);
#1386=VECTOR('',#5415,10.);
#1387=VECTOR('',#5420,10.);
#1388=VECTOR('',#5423,10.);
#1389=VECTOR('',#5436,10.);
#1390=VECTOR('',#5437,10.);
#1391=VECTOR('',#5440,10.);
#1392=VECTOR('',#5443,10.);
#1393=VECTOR('',#5446,10.);
#1394=VECTOR('',#5449,10.);
#1395=VECTOR('',#5452,10.);
#1396=VECTOR('',#5457,10.);
#1397=VECTOR('',#5460,10.);
#1398=VECTOR('',#5463,10.);
#1399=VECTOR('',#5466,10.);
#1400=VECTOR('',#5467,10.);
#1401=VECTOR('',#5468,10.);
#1402=VECTOR('',#5469,10.);
#1403=VECTOR('',#5472,10.);
#1404=VECTOR('',#5473,10.);
#1405=VECTOR('',#5474,0.432);
#1406=VECTOR('',#5475,10.);
#1407=VECTOR('',#5478,10.);
#1408=VECTOR('',#5481,10.);
#1409=VECTOR('',#5482,10.);
#1410=VECTOR('',#5487,10.);
#1411=VECTOR('',#5490,10.);
#1412=VECTOR('',#5493,10.);
#1413=VECTOR('',#5496,10.);
#1414=VECTOR('',#5497,10.);
#1415=VECTOR('',#5502,10.);
#1416=VECTOR('',#5505,10.);
#1417=VECTOR('',#5508,0.432);
#1418=VECTOR('',#5509,10.);
#1419=VECTOR('',#5510,0.432);
#1420=VECTOR('',#5513,10.);
#1421=VECTOR('',#5514,10.);
#1422=VECTOR('',#5515,10.);
#1423=VECTOR('',#5516,10.);
#1424=VECTOR('',#5519,10.);
#1425=VECTOR('',#5522,10.);
#1426=VECTOR('',#5525,10.);
#1427=VECTOR('',#5526,10.);
#1428=VECTOR('',#5527,10.);
#1429=VECTOR('',#5530,10.);
#1430=VECTOR('',#5533,10.);
#1431=VECTOR('',#5536,10.);
#1432=VECTOR('',#5537,10.);
#1433=VECTOR('',#5540,10.);
#1434=VECTOR('',#5541,0.432);
#1435=VECTOR('',#5542,10.);
#1436=VECTOR('',#5545,10.);
#1437=VECTOR('',#5548,10.);
#1438=VECTOR('',#5549,10.);
#1439=VECTOR('',#5550,10.);
#1440=VECTOR('',#5551,10.);
#1441=VECTOR('',#5554,10.);
#1442=VECTOR('',#5557,10.);
#1443=VECTOR('',#5558,10.);
#1444=VECTOR('',#5563,10.);
#1445=VECTOR('',#5564,0.432);
#1446=VECTOR('',#5565,10.);
#1447=VECTOR('',#5566,0.432);
#1448=VECTOR('',#5567,10.);
#1449=VECTOR('',#5568,10.);
#1450=VECTOR('',#5569,10.);
#1451=VECTOR('',#5572,10.);
#1452=VECTOR('',#5575,10.);
#1453=VECTOR('',#5580,10.);
#1454=VECTOR('',#5583,10.);
#1455=VECTOR('',#5584,10.);
#1456=VECTOR('',#5591,10.);
#1457=VECTOR('',#5594,10.);
#1458=VECTOR('',#5599,10.);
#1459=VECTOR('',#5600,0.432);
#1460=VECTOR('',#5601,10.);
#1461=VECTOR('',#5602,0.432);
#1462=VECTOR('',#5605,10.);
#1463=VECTOR('',#5606,0.432);
#1464=VECTOR('',#5607,10.);
#1465=VECTOR('',#5610,10.);
#1466=VECTOR('',#5613,10.);
#1467=VECTOR('',#5616,10.);
#1468=VECTOR('',#5621,10.);
#1469=VECTOR('',#5622,10.);
#1470=VECTOR('',#5625,10.);
#1471=VECTOR('',#5628,10.);
#1472=VECTOR('',#5633,10.);
#1473=VECTOR('',#5636,10.);
#1474=VECTOR('',#5641,10.);
#1475=VECTOR('',#5642,0.432);
#1476=VECTOR('',#5643,10.);
#1477=VECTOR('',#5644,0.432);
#1478=VECTOR('',#5647,10.);
#1479=VECTOR('',#5648,0.432);
#1480=VECTOR('',#5649,10.);
#1481=VECTOR('',#5652,10.);
#1482=VECTOR('',#5655,10.);
#1483=VECTOR('',#5658,10.);
#1484=VECTOR('',#5663,10.);
#1485=VECTOR('',#5664,10.);
#1486=VECTOR('',#5667,10.);
#1487=VECTOR('',#5670,10.);
#1488=VECTOR('',#5675,0.432);
#1489=VECTOR('',#5676,10.);
#1490=VECTOR('',#5677,0.432);
#1491=VECTOR('',#5680,0.432);
#1492=VECTOR('',#5681,10.);
#1493=VECTOR('',#5682,0.432);
#1494=VECTOR('',#5685,10.);
#1495=VECTOR('',#5692,0.432);
#1496=VECTOR('',#5693,10.);
#1497=VECTOR('',#5696,10.);
#1498=VECTOR('',#5699,10.);
#1499=VECTOR('',#5702,10.);
#1500=VECTOR('',#5707,10.);
#1501=VECTOR('',#5714,10.);
#1502=VECTOR('',#5721,0.432);
#1503=VECTOR('',#5722,10.);
#1504=VECTOR('',#5725,10.);
#1505=VECTOR('',#5728,10.);
#1506=VECTOR('',#5731,10.);
#1507=VECTOR('',#5736,10.);
#1508=VECTOR('',#5745,10.);
#1509=VECTOR('',#5750,10.);
#1510=VECTOR('',#5755,10.);
#1511=VECTOR('',#5762,10.);
#1512=VECTOR('',#5765,10.);
#1513=VECTOR('',#5770,10.);
#1514=VECTOR('',#5775,10.);
#1515=VECTOR('',#5780,10.);
#1516=VECTOR('',#5783,10.);
#1517=VECTOR('',#5786,10.);
#1518=VECTOR('',#5789,10.);
#1519=VECTOR('',#5796,10.);
#1520=VECTOR('',#5799,0.432);
#1521=VECTOR('',#5800,10.);
#1522=VECTOR('',#5801,0.432);
#1523=VECTOR('',#5804,0.432);
#1524=VECTOR('',#5805,10.);
#1525=VECTOR('',#5806,0.432);
#1526=VECTOR('',#5809,10.);
#1527=VECTOR('',#5816,0.432);
#1528=VECTOR('',#5817,10.);
#1529=VECTOR('',#5820,10.);
#1530=VECTOR('',#5825,10.);
#1531=VECTOR('',#5830,10.);
#1532=VECTOR('',#5837,10.);
#1533=VECTOR('',#5844,0.432);
#1534=VECTOR('',#5845,10.);
#1535=VECTOR('',#5848,10.);
#1536=VECTOR('',#5857,10.);
#1537=VECTOR('',#5868,10.);
#1538=VECTOR('',#5871,10.);
#1539=VECTOR('',#5876,10.);
#1540=VECTOR('',#5879,10.);
#1541=VECTOR('',#5882,10.);
#1542=VECTOR('',#5885,10.);
#1543=VECTOR('',#5888,10.);
#1544=VECTOR('',#5889,10.);
#1545=VECTOR('',#5892,10.);
#1546=VECTOR('',#5893,10.);
#1547=VECTOR('',#5894,10.);
#1548=VECTOR('',#5897,10.);
#1549=VECTOR('',#5898,10.);
#1550=VECTOR('',#5901,10.);
#1551=VECTOR('',#5904,10.);
#1552=VECTOR('',#5907,10.);
#1553=VECTOR('',#5910,10.);
#1554=VECTOR('',#5913,10.);
#1555=VECTOR('',#5916,10.);
#1556=VECTOR('',#5919,10.);
#1557=VECTOR('',#5922,10.);
#1558=VECTOR('',#5925,10.);
#1559=VECTOR('',#5926,10.);
#1560=VECTOR('',#5927,10.);
#1561=VECTOR('',#5928,10.);
#1562=VECTOR('',#5929,10.);
#1563=VECTOR('',#5930,10.);
#1564=VECTOR('',#5931,10.);
#1565=VECTOR('',#5932,10.);
#1566=VECTOR('',#5933,10.);
#1567=VECTOR('',#5934,10.);
#1568=VECTOR('',#5935,10.);
#1569=VECTOR('',#5936,10.);
#1570=VECTOR('',#5937,10.);
#1571=VECTOR('',#5938,10.);
#1572=VECTOR('',#5939,10.);
#1573=VECTOR('',#5940,10.);
#1574=VECTOR('',#5941,10.);
#1575=VECTOR('',#5942,10.);
#1576=VECTOR('',#5943,10.);
#1577=VECTOR('',#5944,10.);
#1578=VECTOR('',#5945,10.);
#1579=VECTOR('',#5946,10.);
#1580=VECTOR('',#5947,10.);
#1581=VECTOR('',#5948,10.);
#1582=VECTOR('',#5949,10.);
#1583=VECTOR('',#5950,10.);
#1584=VECTOR('',#5951,10.);
#1585=VECTOR('',#5952,10.);
#1586=VECTOR('',#5957,10.);
#1587=VECTOR('',#5964,10.);
#1588=VECTOR('',#5969,10.);
#1589=VECTOR('',#5972,10.);
#1590=VECTOR('',#5975,10.);
#1591=VECTOR('',#5976,10.);
#1592=VECTOR('',#5977,10.);
#1593=VECTOR('',#5980,10.);
#1594=VECTOR('',#5981,10.);
#1595=VECTOR('',#5986,10.);
#1596=VECTOR('',#5993,10.);
#1597=VECTOR('',#5998,10.);
#1598=VECTOR('',#6001,10.);
#1599=VECTOR('',#6004,10.);
#1600=VECTOR('',#6005,10.);
#1601=VECTOR('',#6006,10.);
#1602=VECTOR('',#6009,10.);
#1603=VECTOR('',#6010,10.);
#1604=VECTOR('',#6015,10.);
#1605=VECTOR('',#6022,10.);
#1606=VECTOR('',#6027,10.);
#1607=VECTOR('',#6030,10.);
#1608=VECTOR('',#6033,10.);
#1609=VECTOR('',#6034,10.);
#1610=VECTOR('',#6035,10.);
#1611=VECTOR('',#6036,10.);
#1612=VECTOR('',#6037,10.);
#1613=VECTOR('',#6038,10.);
#1614=VECTOR('',#6039,10.);
#1615=VECTOR('',#6042,10.);
#1616=VECTOR('',#6043,10.);
#1617=VECTOR('',#6048,10.);
#1618=VECTOR('',#6055,10.);
#1619=VECTOR('',#6060,10.);
#1620=VECTOR('',#6063,10.);
#1621=VECTOR('',#6066,10.);
#1622=VECTOR('',#6067,10.);
#1623=VECTOR('',#6068,10.);
#1624=VECTOR('',#6071,10.);
#1625=VECTOR('',#6072,10.);
#1626=VECTOR('',#6077,10.);
#1627=VECTOR('',#6084,10.);
#1628=VECTOR('',#6089,10.);
#1629=VECTOR('',#6092,10.);
#1630=VECTOR('',#6095,10.);
#1631=VECTOR('',#6096,10.);
#1632=VECTOR('',#6097,10.);
#1633=VECTOR('',#6100,10.);
#1634=VECTOR('',#6101,10.);
#1635=VECTOR('',#6106,10.);
#1636=VECTOR('',#6113,10.);
#1637=VECTOR('',#6118,10.);
#1638=VECTOR('',#6121,10.);
#1639=VECTOR('',#6124,10.);
#1640=VECTOR('',#6125,10.);
#1641=VECTOR('',#6126,10.);
#1642=VECTOR('',#6129,10.);
#1643=VECTOR('',#6130,10.);
#1644=VECTOR('',#6149,10.);
#1645=VECTOR('',#6150,10.);
#1646=VECTOR('',#6169,10.);
#1647=VECTOR('',#6170,10.);
#1648=VECTOR('',#6175,10.);
#1649=VECTOR('',#6176,10.);
#1650=VECTOR('',#6179,10.);
#1651=VECTOR('',#6180,10.);
#1652=VECTOR('',#6183,10.);
#1653=VECTOR('',#6186,10.);
#1654=VECTOR('',#6193,10.);
#1655=VECTOR('',#6194,10.);
#1656=VECTOR('',#6197,10.);
#1657=VECTOR('',#6212,10.);
#1658=VECTOR('',#6223,10.);
#1659=VECTOR('',#6234,10.);
#1660=VECTOR('',#6245,10.);
#1661=VECTOR('',#6256,10.);
#1662=VECTOR('',#6267,10.);
#1663=VECTOR('',#6278,10.);
#1664=VECTOR('',#6287,10.);
#1665=VECTOR('',#6290,10.);
#1666=VECTOR('',#6293,10.);
#1667=VECTOR('',#6296,10.);
#1668=VECTOR('',#6299,10.);
#1669=VECTOR('',#6300,10.);
#1670=VECTOR('',#6303,10.);
#1671=VECTOR('',#6308,10.);
#1672=VECTOR('',#6309,10.);
#1673=VECTOR('',#6312,10.);
#1674=VECTOR('',#6317,10.);
#1675=VECTOR('',#6318,10.);
#1676=VECTOR('',#6321,10.);
#1677=VECTOR('',#6326,10.);
#1678=VECTOR('',#6327,10.);
#1679=VECTOR('',#6330,10.);
#1680=VECTOR('',#6335,10.);
#1681=VECTOR('',#6336,10.);
#1682=VECTOR('',#6339,10.);
#1683=VECTOR('',#6344,10.);
#1684=VECTOR('',#6345,10.);
#1685=VECTOR('',#6348,10.);
#1686=VECTOR('',#6353,10.);
#1687=VECTOR('',#6354,10.);
#1688=VECTOR('',#6359,10.);
#1689=VECTOR('',#6360,10.);
#1690=VECTOR('',#6361,10.);
#1691=VECTOR('',#6362,10.);
#1692=VECTOR('',#6367,10.);
#1693=VECTOR('',#6370,10.);
#1694=VECTOR('',#6371,10.);
#1695=VECTOR('',#6374,10.);
#1696=VECTOR('',#6377,10.);
#1697=VECTOR('',#6380,10.);
#1698=VECTOR('',#6383,10.);
#1699=VECTOR('',#6386,10.);
#1700=VECTOR('',#6389,10.);
#1701=VECTOR('',#6392,10.);
#1702=VECTOR('',#6397,10.);
#1703=VECTOR('',#6398,10.);
#1704=VECTOR('',#6399,10.);
#1705=VECTOR('',#6402,10.);
#1706=VECTOR('',#6403,10.);
#1707=VECTOR('',#6404,10.);
#1708=VECTOR('',#6407,10.);
#1709=VECTOR('',#6408,10.);
#1710=VECTOR('',#6409,10.);
#1711=VECTOR('',#6410,10.);
#1712=VECTOR('',#6413,10.);
#1713=VECTOR('',#6416,10.);
#1714=VECTOR('',#6417,10.);
#1715=VECTOR('',#6420,10.);
#1716=VECTOR('',#6421,10.);
#1717=VECTOR('',#6422,10.);
#1718=VECTOR('',#6427,10.);
#1719=VECTOR('',#6430,10.);
#1720=VECTOR('',#6431,10.);
#1721=VECTOR('',#6436,10.);
#1722=VECTOR('',#6439,10.);
#1723=VECTOR('',#6440,10.);
#1724=VECTOR('',#6445,10.);
#1725=VECTOR('',#6448,10.);
#1726=VECTOR('',#6449,10.);
#1727=VECTOR('',#6454,10.);
#1728=VECTOR('',#6457,10.);
#1729=VECTOR('',#6458,10.);
#1730=VECTOR('',#6463,10.);
#1731=VECTOR('',#6466,10.);
#1732=VECTOR('',#6467,10.);
#1733=VECTOR('',#6472,10.);
#1734=VECTOR('',#6475,10.);
#1735=VECTOR('',#6476,10.);
#1736=VECTOR('',#6481,10.);
#1737=VECTOR('',#6484,10.);
#1738=VECTOR('',#6485,10.);
#1739=VECTOR('',#6492,10.);
#1740=VECTOR('',#6493,10.);
#1741=VECTOR('',#6494,10.);
#1742=VECTOR('',#6495,10.);
#1743=VECTOR('',#6496,10.);
#1744=VECTOR('',#6497,10.);
#1745=VECTOR('',#6498,10.);
#1746=VECTOR('',#6499,10.);
#1747=VECTOR('',#6500,10.);
#1748=VECTOR('',#6501,10.);
#1749=VECTOR('',#6504,10.);
#1750=VECTOR('',#6509,10.);
#1751=VECTOR('',#6514,10.);
#1752=VECTOR('',#6521,10.);
#1753=VECTOR('',#6526,10.);
#1754=VECTOR('',#6531,10.);
#1755=VECTOR('',#6538,10.);
#1756=VECTOR('',#6541,10.);
#1757=VECTOR('',#6544,10.);
#1758=VECTOR('',#6553,0.3);
#1759=VECTOR('',#6556,10.);
#1760=VECTOR('',#6559,10.);
#1761=VECTOR('',#6560,10.);
#1762=VECTOR('',#6561,0.288);
#1763=VECTOR('',#6564,10.);
#1764=VECTOR('',#6567,10.);
#1765=VECTOR('',#6570,10.);
#1766=VECTOR('',#6573,0.3);
#1767=VECTOR('',#6576,10.);
#1768=VECTOR('',#6579,10.);
#1769=VECTOR('',#6582,10.);
#1770=VECTOR('',#6585,10.);
#1771=VECTOR('',#6586,0.288);
#1772=VECTOR('',#6587,10.);
#1773=VECTOR('',#6588,0.288);
#1774=VECTOR('',#6591,10.);
#1775=VECTOR('',#6592,10.);
#1776=VECTOR('',#6595,10.);
#1777=VECTOR('',#6598,10.);
#1778=VECTOR('',#6605,10.);
#1779=VECTOR('',#6610,10.);
#1780=VECTOR('',#6615,10.);
#1781=VECTOR('',#6620,10.);
#1782=VECTOR('',#6623,10.);
#1783=VECTOR('',#6628,10.);
#1784=VECTOR('',#6631,10.);
#1785=VECTOR('',#6632,10.);
#1786=VECTOR('',#6633,10.);
#1787=VECTOR('',#6636,10.);
#1788=VECTOR('',#6637,10.);
#1789=VECTOR('',#6640,10.);
#1790=VECTOR('',#6641,10.);
#1791=VECTOR('',#6644,10.);
#1792=VECTOR('',#6653,10.);
#1793=VECTOR('',#6656,10.);
#1794=VECTOR('',#6659,0.288);
#1795=VECTOR('',#6660,10.);
#1796=VECTOR('',#6661,10.);
#1797=VECTOR('',#6664,10.);
#1798=VECTOR('',#6667,0.288);
#1799=VECTOR('',#6668,10.);
#1800=VECTOR('',#6673,10.);
#1801=VECTOR('',#6674,10.);
#1802=VECTOR('',#6677,0.288);
#1803=VECTOR('',#6678,10.);
#1804=VECTOR('',#6683,0.3);
#1805=VECTOR('',#6686,10.);
#1806=VECTOR('',#6689,10.);
#1807=VECTOR('',#6690,10.);
#1808=VECTOR('',#6691,10.);
#1809=VECTOR('',#6694,10.);
#1810=VECTOR('',#6695,10.);
#1811=VECTOR('',#6696,10.);
#1812=VECTOR('',#6699,10.);
#1813=VECTOR('',#6700,10.);
#1814=VECTOR('',#6705,0.3);
#1815=VECTOR('',#6706,10.);
#1816=VECTOR('',#6709,10.);
#1817=VECTOR('',#6710,10.);
#1818=VECTOR('',#6713,10.);
#1819=VECTOR('',#6714,10.);
#1820=VECTOR('',#6715,10.);
#1821=VECTOR('',#6716,10.);
#1822=VECTOR('',#6719,10.);
#1823=VECTOR('',#6728,10.);
#1824=VECTOR('',#6731,10.);
#1825=VECTOR('',#6736,10.);
#1826=CIRCLE('',#4834,0.25);
#1827=CIRCLE('',#4835,0.25);
#1828=CIRCLE('',#4838,0.25);
#1829=CIRCLE('',#4839,0.375);
#1830=CIRCLE('',#4840,0.375);
#1831=CIRCLE('',#4842,0.25);
#1832=CIRCLE('',#4845,0.375);
#1833=CIRCLE('',#4846,0.375);
#1834=CIRCLE('',#4848,0.25);
#1835=CIRCLE('',#4849,0.25);
#1836=CIRCLE('',#4852,0.25);
#1837=CIRCLE('',#4854,0.25);
#1838=CIRCLE('',#4857,0.6);
#1839=CIRCLE('',#4858,0.6);
#1840=CIRCLE('',#4861,0.3);
#1841=CIRCLE('',#4863,0.3);
#1842=CIRCLE('',#4875,0.25);
#1843=CIRCLE('',#4876,0.25);
#1844=CIRCLE('',#4878,0.25);
#1845=CIRCLE('',#4879,0.25);
#1846=CIRCLE('',#4880,0.5);
#1847=CIRCLE('',#4883,0.25);
#1848=CIRCLE('',#4885,0.25);
#1849=CIRCLE('',#4888,0.25);
#1850=CIRCLE('',#4889,0.25);
#1851=CIRCLE('',#4892,0.25);
#1852=CIRCLE('',#4893,0.25);
#1853=CIRCLE('',#4894,0.5);
#1854=CIRCLE('',#4896,0.25);
#1855=CIRCLE('',#4899,0.5);
#1856=CIRCLE('',#4900,0.25);
#1857=CIRCLE('',#4904,0.5);
#1858=CIRCLE('',#4913,0.600000000000002);
#1859=CIRCLE('',#4914,0.600000000000001);
#1860=CIRCLE('',#4918,0.299999999999999);
#1861=CIRCLE('',#4920,0.299999999999999);
#1862=CIRCLE('',#4926,0.600000000000001);
#1863=CIRCLE('',#4927,0.600000000000002);
#1864=CIRCLE('',#4931,0.300000000000002);
#1865=CIRCLE('',#4933,0.300000000000002);
#1866=CIRCLE('',#4941,0.600000000000002);
#1867=CIRCLE('',#4942,0.600000000000001);
#1868=CIRCLE('',#4945,0.3);
#1869=CIRCLE('',#4947,0.3);
#1870=CIRCLE('',#4952,0.6);
#1871=CIRCLE('',#4953,0.6);
#1872=CIRCLE('',#4956,0.3);
#1873=CIRCLE('',#4958,0.300000000000001);
#1874=CIRCLE('',#4967,0.599999999999999);
#1875=CIRCLE('',#4968,0.6);
#1876=CIRCLE('',#4970,0.3);
#1877=CIRCLE('',#4972,0.3);
#1878=CIRCLE('',#4975,0.600000000000001);
#1879=CIRCLE('',#4976,0.599999999999999);
#1880=CIRCLE('',#4979,0.3);
#1881=CIRCLE('',#4981,0.3);
#1882=CIRCLE('',#4987,0.6);
#1883=CIRCLE('',#4988,0.6);
#1884=CIRCLE('',#4991,0.3);
#1885=CIRCLE('',#4993,0.3);
#1886=CIRCLE('',#4998,0.6);
#1887=CIRCLE('',#4999,0.6);
#1888=CIRCLE('',#5002,0.3);
#1889=CIRCLE('',#5004,0.3);
#1890=CIRCLE('',#5021,0.500000000000001);
#1891=CIRCLE('',#5022,0.499999999999998);
#1892=CIRCLE('',#5023,0.5);
#1893=CIRCLE('',#5024,0.500000000000003);
#1894=CIRCLE('',#5025,0.500000000000002);
#1895=CIRCLE('',#5026,0.499999999999996);
#1896=CIRCLE('',#5027,0.500000000000001);
#1897=CIRCLE('',#5028,0.499999999999999);
#1898=CIRCLE('',#5090,0.1);
#1899=CIRCLE('',#5091,0.1);
#1900=CIRCLE('',#5092,0.1);
#1901=CIRCLE('',#5094,0.1);
#1902=CIRCLE('',#5095,0.1);
#1903=CIRCLE('',#5096,0.1);
#1904=CIRCLE('',#5099,0.1);
#1905=CIRCLE('',#5100,0.1);
#1906=CIRCLE('',#5101,0.1);
#1907=CIRCLE('',#5103,0.1);
#1908=CIRCLE('',#5104,0.1);
#1909=CIRCLE('',#5105,0.1);
#1910=CIRCLE('',#5108,0.1);
#1911=CIRCLE('',#5114,0.1);
#1912=CIRCLE('',#5116,0.1);
#1913=CIRCLE('',#5119,0.1);
#1914=CIRCLE('',#5120,0.600000000000001);
#1915=CIRCLE('',#5122,0.1);
#1916=CIRCLE('',#5124,0.0999999999999995);
#1917=CIRCLE('',#5125,0.599999999999998);
#1918=CIRCLE('',#5127,0.1);
#1919=CIRCLE('',#5129,0.0999999999999996);
#1920=CIRCLE('',#5130,0.6);
#1921=CIRCLE('',#5132,0.1);
#1922=CIRCLE('',#5134,0.0999999999999995);
#1923=CIRCLE('',#5135,0.600000000000003);
#1924=CIRCLE('',#5137,0.0999999999999601);
#1925=CIRCLE('',#5139,0.1);
#1926=CIRCLE('',#5140,0.600000000000002);
#1927=CIRCLE('',#5142,0.1);
#1928=CIRCLE('',#5144,0.1);
#1929=CIRCLE('',#5145,0.599999999999996);
#1930=CIRCLE('',#5147,0.100000000000001);
#1931=CIRCLE('',#5149,0.0999999999999996);
#1932=CIRCLE('',#5150,0.600000000000001);
#1933=CIRCLE('',#5152,0.1);
#1934=CIRCLE('',#5154,0.1);
#1935=CIRCLE('',#5155,0.599999999999999);
#1936=CIRCLE('',#5159,0.600000000000001);
#1937=CIRCLE('',#5162,0.599999999999996);
#1938=CIRCLE('',#5165,0.600000000000002);
#1939=CIRCLE('',#5168,0.600000000000003);
#1940=CIRCLE('',#5171,0.6);
#1941=CIRCLE('',#5174,0.599999999999998);
#1942=CIRCLE('',#5177,0.600000000000001);
#1943=CIRCLE('',#5183,0.599999999999999);
#1944=CIRCLE('',#5184,0.249999999999998);
#1945=CIRCLE('',#5185,0.25);
#1946=CIRCLE('',#5186,0.25);
#1947=CIRCLE('',#5187,0.25);
#1948=CIRCLE('',#5188,0.25);
#1949=CIRCLE('',#5189,0.250000000000002);
#1950=CIRCLE('',#5190,0.249999999999998);
#1951=CIRCLE('',#5191,0.250000000000002);
#1952=CIRCLE('',#5199,0.249999999999998);
#1953=CIRCLE('',#5202,0.25);
#1954=CIRCLE('',#5205,0.25);
#1955=CIRCLE('',#5208,0.25);
#1956=CIRCLE('',#5211,0.25);
#1957=CIRCLE('',#5214,0.250000000000002);
#1958=CIRCLE('',#5217,0.249999999999998);
#1959=CIRCLE('',#5220,0.250000000000002);
#1960=CIRCLE('',#5242,0.3);
#1961=CIRCLE('',#5243,0.3);
#1962=CIRCLE('',#5245,0.3);
#1963=CIRCLE('',#5246,0.3);
#1964=CIRCLE('',#5247,0.3);
#1965=CIRCLE('',#5249,0.3);
#1966=CIRCLE('',#5251,0.3);
#1967=CIRCLE('',#5252,0.3);
#1968=CIRCLE('',#5260,0.4);
#1969=CIRCLE('',#5261,0.399999999999998);
#1970=CIRCLE('',#5264,0.2);
#1971=CIRCLE('',#5266,0.199999999999998);
#1972=CIRCLE('',#5275,0.3);
#1973=CIRCLE('',#5276,0.3);
#1974=CIRCLE('',#5279,0.3);
#1975=CIRCLE('',#5281,0.3);
#1976=CIRCLE('',#5284,0.3);
#1977=CIRCLE('',#5285,0.3);
#1978=CIRCLE('',#5288,0.3);
#1979=CIRCLE('',#5290,0.3);
#1980=CIRCLE('',#5294,0.399999999999999);
#1981=CIRCLE('',#5295,0.400000000000001);
#1982=CIRCLE('',#5297,0.2);
#1983=CIRCLE('',#5299,0.200000000000001);
#1984=VERTEX_POINT('',#6766);
#1985=VERTEX_POINT('',#6767);
#1986=VERTEX_POINT('',#6769);
#1987=VERTEX_POINT('',#6771);
#1988=VERTEX_POINT('',#6775);
#1989=VERTEX_POINT('',#6777);
#1990=VERTEX_POINT('',#6781);
#1991=VERTEX_POINT('',#6783);
#1992=VERTEX_POINT('',#6785);
#1993=VERTEX_POINT('',#6787);
#1994=VERTEX_POINT('',#6789);
#1995=VERTEX_POINT('',#6791);
#1996=VERTEX_POINT('',#6793);
#1997=VERTEX_POINT('',#6795);
#1998=VERTEX_POINT('',#6797);
#1999=VERTEX_POINT('',#6799);
#2000=VERTEX_POINT('',#6801);
#2001=VERTEX_POINT('',#6803);
#2002=VERTEX_POINT('',#6805);
#2003=VERTEX_POINT('',#6809);
#2004=VERTEX_POINT('',#6811);
#2005=VERTEX_POINT('',#6815);
#2006=VERTEX_POINT('',#6819);
#2007=VERTEX_POINT('',#6821);
#2008=VERTEX_POINT('',#6824);
#2009=VERTEX_POINT('',#6826);
#2010=VERTEX_POINT('',#6828);
#2011=VERTEX_POINT('',#6830);
#2012=VERTEX_POINT('',#6832);
#2013=VERTEX_POINT('',#6834);
#2014=VERTEX_POINT('',#6836);
#2015=VERTEX_POINT('',#6838);
#2016=VERTEX_POINT('',#6842);
#2017=VERTEX_POINT('',#6843);
#2018=VERTEX_POINT('',#6845);
#2019=VERTEX_POINT('',#6847);
#2020=VERTEX_POINT('',#6851);
#2021=VERTEX_POINT('',#6853);
#2022=VERTEX_POINT('',#6857);
#2023=VERTEX_POINT('',#6859);
#2024=VERTEX_POINT('',#6861);
#2025=VERTEX_POINT('',#6865);
#2026=VERTEX_POINT('',#6869);
#2027=VERTEX_POINT('',#6873);
#2028=VERTEX_POINT('',#6904);
#2029=VERTEX_POINT('',#6905);
#2030=VERTEX_POINT('',#6907);
#2031=VERTEX_POINT('',#6909);
#2032=VERTEX_POINT('',#6913);
#2033=VERTEX_POINT('',#6915);
#2034=VERTEX_POINT('',#6917);
#2035=VERTEX_POINT('',#6919);
#2036=VERTEX_POINT('',#6921);
#2037=VERTEX_POINT('',#6923);
#2038=VERTEX_POINT('',#6925);
#2039=VERTEX_POINT('',#6927);
#2040=VERTEX_POINT('',#6929);
#2041=VERTEX_POINT('',#6931);
#2042=VERTEX_POINT('',#6933);
#2043=VERTEX_POINT('',#6935);
#2044=VERTEX_POINT('',#6939);
#2045=VERTEX_POINT('',#6943);
#2046=VERTEX_POINT('',#6947);
#2047=VERTEX_POINT('',#6949);
#2048=VERTEX_POINT('',#6953);
#2049=VERTEX_POINT('',#6957);
#2050=VERTEX_POINT('',#6958);
#2051=VERTEX_POINT('',#6960);
#2052=VERTEX_POINT('',#6962);
#2053=VERTEX_POINT('',#6966);
#2054=VERTEX_POINT('',#6968);
#2055=VERTEX_POINT('',#6972);
#2056=VERTEX_POINT('',#6974);
#2057=VERTEX_POINT('',#6976);
#2058=VERTEX_POINT('',#6978);
#2059=VERTEX_POINT('',#6980);
#2060=VERTEX_POINT('',#6982);
#2061=VERTEX_POINT('',#6984);
#2062=VERTEX_POINT('',#6986);
#2063=VERTEX_POINT('',#6988);
#2064=VERTEX_POINT('',#6990);
#2065=VERTEX_POINT('',#6992);
#2066=VERTEX_POINT('',#6996);
#2067=VERTEX_POINT('',#6998);
#2068=VERTEX_POINT('',#7002);
#2069=VERTEX_POINT('',#7006);
#2070=VERTEX_POINT('',#7008);
#2071=VERTEX_POINT('',#7010);
#2072=VERTEX_POINT('',#7012);
#2073=VERTEX_POINT('',#7014);
#2074=VERTEX_POINT('',#7017);
#2075=VERTEX_POINT('',#7019);
#2076=VERTEX_POINT('',#7021);
#2077=VERTEX_POINT('',#7027);
#2078=VERTEX_POINT('',#7031);
#2079=VERTEX_POINT('',#7033);
#2080=VERTEX_POINT('',#7035);
#2081=VERTEX_POINT('',#7037);
#2082=VERTEX_POINT('',#7040);
#2083=VERTEX_POINT('',#7042);
#2084=VERTEX_POINT('',#7058);
#2085=VERTEX_POINT('',#7059);
#2086=VERTEX_POINT('',#7061);
#2087=VERTEX_POINT('',#7063);
#2088=VERTEX_POINT('',#7067);
#2089=VERTEX_POINT('',#7069);
#2090=VERTEX_POINT('',#7071);
#2091=VERTEX_POINT('',#7075);
#2092=VERTEX_POINT('',#7077);
#2093=VERTEX_POINT('',#7082);
#2094=VERTEX_POINT('',#7086);
#2095=VERTEX_POINT('',#7090);
#2096=VERTEX_POINT('',#7099);
#2097=VERTEX_POINT('',#7100);
#2098=VERTEX_POINT('',#7102);
#2099=VERTEX_POINT('',#7104);
#2100=VERTEX_POINT('',#7108);
#2101=VERTEX_POINT('',#7110);
#2102=VERTEX_POINT('',#7112);
#2103=VERTEX_POINT('',#7116);
#2104=VERTEX_POINT('',#7118);
#2105=VERTEX_POINT('',#7123);
#2106=VERTEX_POINT('',#7127);
#2107=VERTEX_POINT('',#7131);
#2108=VERTEX_POINT('',#7140);
#2109=VERTEX_POINT('',#7142);
#2110=VERTEX_POINT('',#7146);
#2111=VERTEX_POINT('',#7148);
#2112=VERTEX_POINT('',#7152);
#2113=VERTEX_POINT('',#7153);
#2114=VERTEX_POINT('',#7172);
#2115=VERTEX_POINT('',#7173);
#2116=VERTEX_POINT('',#7198);
#2117=VERTEX_POINT('',#7200);
#2118=VERTEX_POINT('',#7204);
#2119=VERTEX_POINT('',#7208);
#2120=VERTEX_POINT('',#7214);
#2121=VERTEX_POINT('',#7216);
#2122=VERTEX_POINT('',#7223);
#2123=VERTEX_POINT('',#7227);
#2124=VERTEX_POINT('',#7234);
#2125=VERTEX_POINT('',#7236);
#2126=VERTEX_POINT('',#7240);
#2127=VERTEX_POINT('',#7242);
#2128=VERTEX_POINT('',#7246);
#2129=VERTEX_POINT('',#7247);
#2130=VERTEX_POINT('',#7265);
#2131=VERTEX_POINT('',#7266);
#2132=VERTEX_POINT('',#7285);
#2133=VERTEX_POINT('',#7286);
#2134=VERTEX_POINT('',#7288);
#2135=VERTEX_POINT('',#7290);
#2136=VERTEX_POINT('',#7294);
#2137=VERTEX_POINT('',#7296);
#2138=VERTEX_POINT('',#7300);
#2139=VERTEX_POINT('',#7302);
#2140=VERTEX_POINT('',#7309);
#2141=VERTEX_POINT('',#7311);
#2142=VERTEX_POINT('',#7315);
#2143=VERTEX_POINT('',#7319);
#2144=VERTEX_POINT('',#7320);
#2145=VERTEX_POINT('',#7322);
#2146=VERTEX_POINT('',#7324);
#2147=VERTEX_POINT('',#7326);
#2148=VERTEX_POINT('',#7328);
#2149=VERTEX_POINT('',#7330);
#2150=VERTEX_POINT('',#7332);
#2151=VERTEX_POINT('',#7334);
#2152=VERTEX_POINT('',#7336);
#2153=VERTEX_POINT('',#7338);
#2154=VERTEX_POINT('',#7340);
#2155=VERTEX_POINT('',#7342);
#2156=VERTEX_POINT('',#7344);
#2157=VERTEX_POINT('',#7346);
#2158=VERTEX_POINT('',#7348);
#2159=VERTEX_POINT('',#7350);
#2160=VERTEX_POINT('',#7352);
#2161=VERTEX_POINT('',#7354);
#2162=VERTEX_POINT('',#7356);
#2163=VERTEX_POINT('',#7359);
#2164=VERTEX_POINT('',#7360);
#2165=VERTEX_POINT('',#7362);
#2166=VERTEX_POINT('',#7364);
#2167=VERTEX_POINT('',#7367);
#2168=VERTEX_POINT('',#7368);
#2169=VERTEX_POINT('',#7370);
#2170=VERTEX_POINT('',#7372);
#2171=VERTEX_POINT('',#7375);
#2172=VERTEX_POINT('',#7376);
#2173=VERTEX_POINT('',#7378);
#2174=VERTEX_POINT('',#7380);
#2175=VERTEX_POINT('',#7383);
#2176=VERTEX_POINT('',#7384);
#2177=VERTEX_POINT('',#7386);
#2178=VERTEX_POINT('',#7388);
#2179=VERTEX_POINT('',#7391);
#2180=VERTEX_POINT('',#7392);
#2181=VERTEX_POINT('',#7394);
#2182=VERTEX_POINT('',#7396);
#2183=VERTEX_POINT('',#7399);
#2184=VERTEX_POINT('',#7400);
#2185=VERTEX_POINT('',#7402);
#2186=VERTEX_POINT('',#7404);
#2187=VERTEX_POINT('',#7408);
#2188=VERTEX_POINT('',#7410);
#2189=VERTEX_POINT('',#7414);
#2190=VERTEX_POINT('',#7418);
#2191=VERTEX_POINT('',#7424);
#2192=VERTEX_POINT('',#7426);
#2193=VERTEX_POINT('',#7430);
#2194=VERTEX_POINT('',#7434);
#2195=VERTEX_POINT('',#7436);
#2196=VERTEX_POINT('',#7440);
#2197=VERTEX_POINT('',#7444);
#2198=VERTEX_POINT('',#7450);
#2199=VERTEX_POINT('',#7452);
#2200=VERTEX_POINT('',#7456);
#2201=VERTEX_POINT('',#7460);
#2202=VERTEX_POINT('',#7462);
#2203=VERTEX_POINT('',#7466);
#2204=VERTEX_POINT('',#7470);
#2205=VERTEX_POINT('',#7476);
#2206=VERTEX_POINT('',#7478);
#2207=VERTEX_POINT('',#7480);
#2208=VERTEX_POINT('',#7482);
#2209=VERTEX_POINT('',#7484);
#2210=VERTEX_POINT('',#7486);
#2211=VERTEX_POINT('',#7490);
#2212=VERTEX_POINT('',#7494);
#2213=VERTEX_POINT('',#7496);
#2214=VERTEX_POINT('',#7500);
#2215=VERTEX_POINT('',#7504);
#2216=VERTEX_POINT('',#7510);
#2217=VERTEX_POINT('',#7512);
#2218=VERTEX_POINT('',#7516);
#2219=VERTEX_POINT('',#7520);
#2220=VERTEX_POINT('',#7522);
#2221=VERTEX_POINT('',#7526);
#2222=VERTEX_POINT('',#7530);
#2223=VERTEX_POINT('',#7536);
#2224=VERTEX_POINT('',#7538);
#2225=VERTEX_POINT('',#7542);
#2226=VERTEX_POINT('',#7546);
#2227=VERTEX_POINT('',#7548);
#2228=VERTEX_POINT('',#7552);
#2229=VERTEX_POINT('',#7556);
#2230=VERTEX_POINT('',#7562);
#2231=VERTEX_POINT('',#7564);
#2232=VERTEX_POINT('',#7568);
#2233=VERTEX_POINT('',#7572);
#2234=VERTEX_POINT('',#7574);
#2235=VERTEX_POINT('',#7578);
#2236=VERTEX_POINT('',#7579);
#2237=VERTEX_POINT('',#7581);
#2238=VERTEX_POINT('',#7588);
#2239=VERTEX_POINT('',#7590);
#2240=VERTEX_POINT('',#7594);
#2241=VERTEX_POINT('',#7595);
#2242=VERTEX_POINT('',#7597);
#2243=VERTEX_POINT('',#7604);
#2244=VERTEX_POINT('',#7605);
#2245=VERTEX_POINT('',#7615);
#2246=VERTEX_POINT('',#7619);
#2247=VERTEX_POINT('',#7620);
#2248=VERTEX_POINT('',#7625);
#2249=VERTEX_POINT('',#7626);
#2250=VERTEX_POINT('',#7631);
#2251=VERTEX_POINT('',#7635);
#2252=VERTEX_POINT('',#7639);
#2253=VERTEX_POINT('',#7643);
#2254=VERTEX_POINT('',#7647);
#2255=VERTEX_POINT('',#7651);
#2256=VERTEX_POINT('',#7655);
#2257=VERTEX_POINT('',#7659);
#2258=VERTEX_POINT('',#7663);
#2259=VERTEX_POINT('',#7667);
#2260=VERTEX_POINT('',#7671);
#2261=VERTEX_POINT('',#7675);
#2262=VERTEX_POINT('',#7679);
#2263=VERTEX_POINT('',#7683);
#2264=VERTEX_POINT('',#7687);
#2265=VERTEX_POINT('',#7695);
#2266=VERTEX_POINT('',#7697);
#2267=VERTEX_POINT('',#7701);
#2268=VERTEX_POINT('',#7705);
#2269=VERTEX_POINT('',#7709);
#2270=VERTEX_POINT('',#7713);
#2271=VERTEX_POINT('',#7717);
#2272=VERTEX_POINT('',#7721);
#2273=VERTEX_POINT('',#7725);
#2274=VERTEX_POINT('',#7729);
#2275=VERTEX_POINT('',#7733);
#2276=VERTEX_POINT('',#7737);
#2277=VERTEX_POINT('',#7741);
#2278=VERTEX_POINT('',#7745);
#2279=VERTEX_POINT('',#7749);
#2280=VERTEX_POINT('',#7754);
#2281=VERTEX_POINT('',#7761);
#2282=VERTEX_POINT('',#7763);
#2283=VERTEX_POINT('',#7766);
#2284=VERTEX_POINT('',#7767);
#2285=VERTEX_POINT('',#7769);
#2286=VERTEX_POINT('',#7771);
#2287=VERTEX_POINT('',#7773);
#2288=VERTEX_POINT('',#7775);
#2289=VERTEX_POINT('',#7777);
#2290=VERTEX_POINT('',#7779);
#2291=VERTEX_POINT('',#7781);
#2292=VERTEX_POINT('',#7783);
#2293=VERTEX_POINT('',#7785);
#2294=VERTEX_POINT('',#7787);
#2295=VERTEX_POINT('',#7789);
#2296=VERTEX_POINT('',#7791);
#2297=VERTEX_POINT('',#7793);
#2298=VERTEX_POINT('',#7795);
#2299=VERTEX_POINT('',#7799);
#2300=VERTEX_POINT('',#7801);
#2301=VERTEX_POINT('',#7805);
#2302=VERTEX_POINT('',#7807);
#2303=VERTEX_POINT('',#7813);
#2304=VERTEX_POINT('',#7819);
#2305=VERTEX_POINT('',#7823);
#2306=VERTEX_POINT('',#7825);
#2307=VERTEX_POINT('',#7829);
#2308=VERTEX_POINT('',#7833);
#2309=VERTEX_POINT('',#7837);
#2310=VERTEX_POINT('',#7841);
#2311=VERTEX_POINT('',#7845);
#2312=VERTEX_POINT('',#7849);
#2313=VERTEX_POINT('',#7853);
#2314=VERTEX_POINT('',#7857);
#2315=VERTEX_POINT('',#7861);
#2316=VERTEX_POINT('',#7865);
#2317=VERTEX_POINT('',#7869);
#2318=VERTEX_POINT('',#7873);
#2319=VERTEX_POINT('',#7877);
#2320=VERTEX_POINT('',#7881);
#2321=VERTEX_POINT('',#7887);
#2322=VERTEX_POINT('',#7890);
#2323=VERTEX_POINT('',#7893);
#2324=VERTEX_POINT('',#7896);
#2325=VERTEX_POINT('',#7899);
#2326=VERTEX_POINT('',#7931);
#2327=VERTEX_POINT('',#7932);
#2328=VERTEX_POINT('',#7934);
#2329=VERTEX_POINT('',#7936);
#2330=VERTEX_POINT('',#7940);
#2331=VERTEX_POINT('',#7942);
#2332=VERTEX_POINT('',#7944);
#2333=VERTEX_POINT('',#7946);
#2334=VERTEX_POINT('',#7948);
#2335=VERTEX_POINT('',#7950);
#2336=VERTEX_POINT('',#7952);
#2337=VERTEX_POINT('',#7954);
#2338=VERTEX_POINT('',#7958);
#2339=VERTEX_POINT('',#7960);
#2340=VERTEX_POINT('',#7964);
#2341=VERTEX_POINT('',#7966);
#2342=VERTEX_POINT('',#7968);
#2343=VERTEX_POINT('',#7970);
#2344=VERTEX_POINT('',#7973);
#2345=VERTEX_POINT('',#7975);
#2346=VERTEX_POINT('',#7990);
#2347=VERTEX_POINT('',#7992);
#2348=VERTEX_POINT('',#7998);
#2349=VERTEX_POINT('',#8002);
#2350=VERTEX_POINT('',#8008);
#2351=VERTEX_POINT('',#8010);
#2352=VERTEX_POINT('',#8014);
#2353=VERTEX_POINT('',#8018);
#2354=VERTEX_POINT('',#8026);
#2355=VERTEX_POINT('',#8027);
#2356=VERTEX_POINT('',#8029);
#2357=VERTEX_POINT('',#8031);
#2358=VERTEX_POINT('',#8035);
#2359=VERTEX_POINT('',#8037);
#2360=VERTEX_POINT('',#8041);
#2361=VERTEX_POINT('',#8043);
#2362=VERTEX_POINT('',#8045);
#2363=VERTEX_POINT('',#8049);
#2364=VERTEX_POINT('',#8050);
#2365=VERTEX_POINT('',#8055);
#2366=VERTEX_POINT('',#8059);
#2367=VERTEX_POINT('',#8060);
#2368=VERTEX_POINT('',#8062);
#2369=VERTEX_POINT('',#8064);
#2370=VERTEX_POINT('',#8068);
#2371=VERTEX_POINT('',#8070);
#2372=VERTEX_POINT('',#8074);
#2373=VERTEX_POINT('',#8076);
#2374=VERTEX_POINT('',#8078);
#2375=VERTEX_POINT('',#8080);
#2376=VERTEX_POINT('',#8082);
#2377=VERTEX_POINT('',#8086);
#2378=VERTEX_POINT('',#8087);
#2379=VERTEX_POINT('',#8092);
#2380=VERTEX_POINT('',#8097);
#2381=VERTEX_POINT('',#8099);
#2382=EDGE_CURVE('',#1984,#1985,#1826,.T.);
#2383=EDGE_CURVE('',#1985,#1986,#860,.T.);
#2384=EDGE_CURVE('',#1986,#1987,#1827,.T.);
#2385=EDGE_CURVE('',#1987,#1984,#861,.T.);
#2386=EDGE_CURVE('',#1988,#1987,#862,.T.);
#2387=EDGE_CURVE('',#1988,#1989,#863,.T.);
#2388=EDGE_CURVE('',#1984,#1989,#864,.T.);
#2389=EDGE_CURVE('',#1986,#1990,#865,.T.);
#2390=EDGE_CURVE('',#1990,#1991,#866,.T.);
#2391=EDGE_CURVE('',#1991,#1992,#867,.T.);
#2392=EDGE_CURVE('',#1992,#1993,#868,.T.);
#2393=EDGE_CURVE('',#1993,#1994,#869,.T.);
#2394=EDGE_CURVE('',#1994,#1995,#870,.T.);
#2395=EDGE_CURVE('',#1995,#1996,#871,.T.);
#2396=EDGE_CURVE('',#1996,#1997,#872,.T.);
#2397=EDGE_CURVE('',#1997,#1998,#873,.T.);
#2398=EDGE_CURVE('',#1999,#1998,#1828,.T.);
#2399=EDGE_CURVE('',#1999,#2000,#874,.T.);
#2400=EDGE_CURVE('',#2000,#2001,#1829,.T.);
#2401=EDGE_CURVE('',#2001,#2002,#875,.T.);
#2402=EDGE_CURVE('',#2002,#1988,#1830,.T.);
#2403=EDGE_CURVE('',#1998,#2003,#876,.T.);
#2404=EDGE_CURVE('',#2003,#2004,#1831,.T.);
#2405=EDGE_CURVE('',#2004,#1999,#877,.T.);
#2406=EDGE_CURVE('',#2005,#2004,#878,.T.);
#2407=EDGE_CURVE('',#2000,#2005,#879,.T.);
#2408=EDGE_CURVE('',#1989,#2006,#1832,.T.);
#2409=EDGE_CURVE('',#2006,#2007,#880,.T.);
#2410=EDGE_CURVE('',#2007,#2005,#1833,.T.);
#2411=EDGE_CURVE('',#2003,#2008,#881,.T.);
#2412=EDGE_CURVE('',#2008,#2009,#882,.T.);
#2413=EDGE_CURVE('',#2009,#2010,#883,.T.);
#2414=EDGE_CURVE('',#2010,#2011,#884,.T.);
#2415=EDGE_CURVE('',#2011,#2012,#885,.T.);
#2416=EDGE_CURVE('',#2012,#2013,#886,.T.);
#2417=EDGE_CURVE('',#2013,#2014,#887,.T.);
#2418=EDGE_CURVE('',#2014,#2015,#888,.T.);
#2419=EDGE_CURVE('',#2015,#1985,#889,.T.);
#2420=EDGE_CURVE('',#2016,#2017,#1834,.T.);
#2421=EDGE_CURVE('',#2017,#2018,#890,.T.);
#2422=EDGE_CURVE('',#2018,#2019,#1835,.T.);
#2423=EDGE_CURVE('',#2019,#2016,#891,.T.);
#2424=EDGE_CURVE('',#2020,#2019,#892,.T.);
#2425=EDGE_CURVE('',#2021,#2020,#893,.T.);
#2426=EDGE_CURVE('',#2016,#2021,#894,.T.);
#2427=EDGE_CURVE('',#2018,#2022,#895,.T.);
#2428=EDGE_CURVE('',#2022,#2023,#896,.T.);
#2429=EDGE_CURVE('',#2024,#2023,#897,.T.);
#2430=EDGE_CURVE('',#2020,#2024,#1836,.T.);
#2431=EDGE_CURVE('',#2025,#2021,#1837,.T.);
#2432=EDGE_CURVE('',#2024,#2025,#898,.T.);
#2433=EDGE_CURVE('',#2023,#2026,#899,.T.);
#2434=EDGE_CURVE('',#2025,#2026,#900,.T.);
#2435=EDGE_CURVE('',#2026,#2027,#901,.T.);
#2436=EDGE_CURVE('',#2026,#2007,#1838,.T.);
#2437=EDGE_CURVE('',#2006,#2027,#1839,.T.);
#2438=EDGE_CURVE('',#2027,#2017,#902,.T.);
#2439=EDGE_CURVE('',#2027,#2022,#903,.T.);
#2440=EDGE_CURVE('',#2023,#2001,#1840,.T.);
#2441=EDGE_CURVE('',#2001,#2007,#904,.T.);
#2442=EDGE_CURVE('',#2002,#2006,#905,.T.);
#2443=EDGE_CURVE('',#2022,#2002,#1841,.T.);
#2444=EDGE_CURVE('',#2013,#1992,#906,.T.);
#2445=EDGE_CURVE('',#2012,#1993,#907,.T.);
#2446=EDGE_CURVE('',#2011,#1994,#908,.T.);
#2447=EDGE_CURVE('',#1995,#2010,#909,.T.);
#2448=EDGE_CURVE('',#2015,#1990,#910,.T.);
#2449=EDGE_CURVE('',#2009,#1996,#911,.T.);
#2450=EDGE_CURVE('',#1991,#2014,#912,.T.);
#2451=EDGE_CURVE('',#2028,#2029,#1842,.T.);
#2452=EDGE_CURVE('',#2029,#2030,#913,.T.);
#2453=EDGE_CURVE('',#2030,#2031,#1843,.T.);
#2454=EDGE_CURVE('',#2031,#2028,#914,.T.);
#2455=EDGE_CURVE('',#2028,#2032,#915,.T.);
#2456=EDGE_CURVE('',#2033,#2032,#1844,.T.);
#2457=EDGE_CURVE('',#2033,#2034,#916,.T.);
#2458=EDGE_CURVE('',#2034,#2035,#917,.T.);
#2459=EDGE_CURVE('',#2035,#2036,#918,.T.);
#2460=EDGE_CURVE('',#2036,#2037,#919,.T.);
#2461=EDGE_CURVE('',#2038,#2037,#1845,.T.);
#2462=EDGE_CURVE('',#2038,#2039,#920,.T.);
#2463=EDGE_CURVE('',#2039,#2040,#921,.T.);
#2464=EDGE_CURVE('',#2040,#2041,#922,.T.);
#2465=EDGE_CURVE('',#2041,#2042,#923,.T.);
#2466=EDGE_CURVE('',#2042,#2043,#1846,.T.);
#2467=EDGE_CURVE('',#2043,#2029,#924,.T.);
#2468=EDGE_CURVE('',#2044,#2031,#925,.T.);
#2469=EDGE_CURVE('',#2032,#2044,#926,.T.);
#2470=EDGE_CURVE('',#2044,#2045,#1847,.T.);
#2471=EDGE_CURVE('',#2045,#2033,#927,.T.);
#2472=EDGE_CURVE('',#2037,#2046,#928,.T.);
#2473=EDGE_CURVE('',#2046,#2047,#1848,.T.);
#2474=EDGE_CURVE('',#2047,#2038,#929,.T.);
#2475=EDGE_CURVE('',#2036,#2048,#930,.T.);
#2476=EDGE_CURVE('',#2046,#2048,#931,.T.);
#2477=EDGE_CURVE('',#2049,#2050,#1849,.T.);
#2478=EDGE_CURVE('',#2050,#2051,#932,.T.);
#2479=EDGE_CURVE('',#2051,#2052,#1850,.T.);
#2480=EDGE_CURVE('',#2052,#2049,#933,.T.);
#2481=EDGE_CURVE('',#2053,#2050,#934,.T.);
#2482=EDGE_CURVE('',#2053,#2054,#935,.T.);
#2483=EDGE_CURVE('',#2051,#2054,#936,.T.);
#2484=EDGE_CURVE('',#2049,#2055,#937,.T.);
#2485=EDGE_CURVE('',#2055,#2056,#938,.T.);
#2486=EDGE_CURVE('',#2056,#2057,#939,.T.);
#2487=EDGE_CURVE('',#2057,#2058,#940,.T.);
#2488=EDGE_CURVE('',#2059,#2058,#1851,.T.);
#2489=EDGE_CURVE('',#2059,#2060,#941,.T.);
#2490=EDGE_CURVE('',#2061,#2060,#1852,.T.);
#2491=EDGE_CURVE('',#2061,#2062,#942,.T.);
#2492=EDGE_CURVE('',#2062,#2063,#1853,.T.);
#2493=EDGE_CURVE('',#2063,#2064,#943,.T.);
#2494=EDGE_CURVE('',#2064,#2065,#944,.T.);
#2495=EDGE_CURVE('',#2065,#2053,#945,.T.);
#2496=EDGE_CURVE('',#2058,#2066,#946,.T.);
#2497=EDGE_CURVE('',#2066,#2067,#1854,.T.);
#2498=EDGE_CURVE('',#2067,#2059,#947,.T.);
#2499=EDGE_CURVE('',#2068,#2067,#948,.T.);
#2500=EDGE_CURVE('',#2060,#2068,#949,.T.);
#2501=EDGE_CURVE('',#2054,#2069,#950,.T.);
#2502=EDGE_CURVE('',#2070,#2069,#951,.T.);
#2503=EDGE_CURVE('',#2070,#2071,#952,.T.);
#2504=EDGE_CURVE('',#2071,#2072,#1855,.T.);
#2505=EDGE_CURVE('',#2072,#2073,#953,.T.);
#2506=EDGE_CURVE('',#2068,#2073,#1856,.T.);
#2507=EDGE_CURVE('',#2074,#2066,#954,.T.);
#2508=EDGE_CURVE('',#2074,#2075,#955,.T.);
#2509=EDGE_CURVE('',#2075,#2076,#956,.T.);
#2510=EDGE_CURVE('',#2076,#2052,#957,.T.);
#2511=EDGE_CURVE('',#2073,#2061,#958,.T.);
#2512=EDGE_CURVE('',#2077,#2043,#959,.T.);
#2513=EDGE_CURVE('',#2030,#2077,#960,.T.);
#2514=EDGE_CURVE('',#2077,#2078,#1857,.T.);
#2515=EDGE_CURVE('',#2078,#2079,#961,.T.);
#2516=EDGE_CURVE('',#2079,#2080,#962,.T.);
#2517=EDGE_CURVE('',#2080,#2081,#963,.T.);
#2518=EDGE_CURVE('',#2047,#2081,#964,.T.);
#2519=EDGE_CURVE('',#2048,#2082,#965,.T.);
#2520=EDGE_CURVE('',#2082,#2083,#966,.T.);
#2521=EDGE_CURVE('',#2083,#2045,#967,.T.);
#2522=EDGE_CURVE('',#2082,#2035,#968,.T.);
#2523=EDGE_CURVE('',#2083,#2034,#969,.T.);
#2524=EDGE_CURVE('',#2074,#2057,#970,.T.);
#2525=EDGE_CURVE('',#2075,#2056,#971,.T.);
#2526=EDGE_CURVE('',#2076,#2055,#972,.T.);
#2527=EDGE_CURVE('',#2084,#2085,#973,.T.);
#2528=EDGE_CURVE('',#2084,#2086,#1858,.T.);
#2529=EDGE_CURVE('',#2087,#2086,#974,.T.);
#2530=EDGE_CURVE('',#2087,#2085,#1859,.T.);
#2531=EDGE_CURVE('',#2085,#2088,#975,.T.);
#2532=EDGE_CURVE('',#2089,#2088,#976,.T.);
#2533=EDGE_CURVE('',#2089,#2090,#977,.T.);
#2534=EDGE_CURVE('',#2085,#2090,#978,.T.);
#2535=EDGE_CURVE('',#2088,#2091,#979,.T.);
#2536=EDGE_CURVE('',#2092,#2091,#980,.T.);
#2537=EDGE_CURVE('',#2092,#2089,#981,.T.);
#2538=EDGE_CURVE('',#2091,#2084,#982,.T.);
#2539=EDGE_CURVE('',#2091,#2093,#1860,.T.);
#2540=EDGE_CURVE('',#2086,#2093,#983,.T.);
#2541=EDGE_CURVE('',#2094,#2087,#984,.T.);
#2542=EDGE_CURVE('',#2088,#2094,#1861,.T.);
#2543=EDGE_CURVE('',#2095,#2084,#985,.T.);
#2544=EDGE_CURVE('',#2092,#2095,#986,.T.);
#2545=EDGE_CURVE('',#2090,#2095,#987,.T.);
#2546=EDGE_CURVE('',#2093,#2094,#988,.T.);
#2547=EDGE_CURVE('',#2096,#2097,#989,.T.);
#2548=EDGE_CURVE('',#2096,#2098,#1862,.T.);
#2549=EDGE_CURVE('',#2099,#2098,#990,.T.);
#2550=EDGE_CURVE('',#2099,#2097,#1863,.T.);
#2551=EDGE_CURVE('',#2097,#2100,#991,.T.);
#2552=EDGE_CURVE('',#2101,#2100,#992,.T.);
#2553=EDGE_CURVE('',#2101,#2102,#993,.T.);
#2554=EDGE_CURVE('',#2097,#2102,#994,.T.);
#2555=EDGE_CURVE('',#2100,#2103,#995,.T.);
#2556=EDGE_CURVE('',#2104,#2103,#996,.T.);
#2557=EDGE_CURVE('',#2104,#2101,#997,.T.);
#2558=EDGE_CURVE('',#2103,#2096,#998,.T.);
#2559=EDGE_CURVE('',#2103,#2105,#1864,.T.);
#2560=EDGE_CURVE('',#2098,#2105,#999,.T.);
#2561=EDGE_CURVE('',#2106,#2099,#1000,.T.);
#2562=EDGE_CURVE('',#2100,#2106,#1865,.T.);
#2563=EDGE_CURVE('',#2107,#2096,#1001,.T.);
#2564=EDGE_CURVE('',#2104,#2107,#1002,.T.);
#2565=EDGE_CURVE('',#2102,#2107,#1003,.T.);
#2566=EDGE_CURVE('',#2105,#2106,#1004,.T.);
#2567=EDGE_CURVE('',#2094,#2108,#1005,.T.);
#2568=EDGE_CURVE('',#2108,#2109,#1006,.T.);
#2569=EDGE_CURVE('',#2093,#2109,#1007,.T.);
#2570=EDGE_CURVE('',#2106,#2110,#1008,.T.);
#2571=EDGE_CURVE('',#2110,#2111,#1009,.T.);
#2572=EDGE_CURVE('',#2105,#2111,#1010,.T.);
#2573=EDGE_CURVE('',#2112,#2113,#1011,.T.);
#2574=EDGE_CURVE('',#2112,#2042,#1866,.T.);
#2575=EDGE_CURVE('',#2041,#2113,#1867,.T.);
#2576=EDGE_CURVE('',#2113,#2087,#1012,.T.);
#2577=EDGE_CURVE('',#2113,#2108,#1013,.T.);
#2578=EDGE_CURVE('',#2109,#2112,#1014,.T.);
#2579=EDGE_CURVE('',#2109,#2078,#1868,.T.);
#2580=EDGE_CURVE('',#2078,#2042,#1015,.T.);
#2581=EDGE_CURVE('',#2079,#2041,#1016,.T.);
#2582=EDGE_CURVE('',#2108,#2079,#1869,.T.);
#2583=EDGE_CURVE('',#2086,#2112,#1017,.T.);
#2584=EDGE_CURVE('',#2114,#2115,#1018,.T.);
#2585=EDGE_CURVE('',#2114,#2064,#1870,.T.);
#2586=EDGE_CURVE('',#2063,#2115,#1871,.T.);
#2587=EDGE_CURVE('',#2115,#2099,#1019,.T.);
#2588=EDGE_CURVE('',#2115,#2110,#1020,.T.);
#2589=EDGE_CURVE('',#2111,#2114,#1021,.T.);
#2590=EDGE_CURVE('',#2111,#2070,#1872,.T.);
#2591=EDGE_CURVE('',#2064,#2070,#1022,.T.);
#2592=EDGE_CURVE('',#2071,#2063,#1023,.T.);
#2593=EDGE_CURVE('',#2110,#2071,#1873,.T.);
#2594=EDGE_CURVE('',#2098,#2114,#1024,.T.);
#2595=EDGE_CURVE('',#2072,#2062,#1025,.T.);
#2596=EDGE_CURVE('',#2069,#2065,#1026,.T.);
#2597=EDGE_CURVE('',#2065,#2116,#1874,.T.);
#2598=EDGE_CURVE('',#2117,#2116,#1027,.T.);
#2599=EDGE_CURVE('',#2117,#2053,#1875,.T.);
#2600=EDGE_CURVE('',#2069,#2118,#1876,.T.);
#2601=EDGE_CURVE('',#2116,#2118,#1028,.T.);
#2602=EDGE_CURVE('',#2119,#2117,#1029,.T.);
#2603=EDGE_CURVE('',#2054,#2119,#1877,.T.);
#2604=EDGE_CURVE('',#2118,#2119,#1030,.T.);
#2605=EDGE_CURVE('',#2039,#2120,#1878,.T.);
#2606=EDGE_CURVE('',#2121,#2120,#1031,.T.);
#2607=EDGE_CURVE('',#2121,#2040,#1879,.T.);
#2608=EDGE_CURVE('',#2040,#2080,#1032,.T.);
#2609=EDGE_CURVE('',#2081,#2039,#1033,.T.);
#2610=EDGE_CURVE('',#2081,#2122,#1880,.T.);
#2611=EDGE_CURVE('',#2120,#2122,#1034,.T.);
#2612=EDGE_CURVE('',#2123,#2121,#1035,.T.);
#2613=EDGE_CURVE('',#2080,#2123,#1881,.T.);
#2614=EDGE_CURVE('',#2122,#2123,#1036,.T.);
#2615=EDGE_CURVE('',#2119,#2124,#1037,.T.);
#2616=EDGE_CURVE('',#2124,#2125,#1038,.T.);
#2617=EDGE_CURVE('',#2118,#2125,#1039,.T.);
#2618=EDGE_CURVE('',#2123,#2126,#1040,.T.);
#2619=EDGE_CURVE('',#2126,#2127,#1041,.T.);
#2620=EDGE_CURVE('',#2122,#2127,#1042,.T.);
#2621=EDGE_CURVE('',#2128,#2129,#1043,.T.);
#2622=EDGE_CURVE('',#2128,#2009,#1882,.T.);
#2623=EDGE_CURVE('',#2008,#2129,#1883,.T.);
#2624=EDGE_CURVE('',#2129,#2117,#1044,.T.);
#2625=EDGE_CURVE('',#2129,#2124,#1045,.T.);
#2626=EDGE_CURVE('',#2125,#2128,#1046,.T.);
#2627=EDGE_CURVE('',#2125,#1996,#1884,.T.);
#2628=EDGE_CURVE('',#1997,#2008,#1047,.T.);
#2629=EDGE_CURVE('',#2124,#1997,#1885,.T.);
#2630=EDGE_CURVE('',#2116,#2128,#1048,.T.);
#2631=EDGE_CURVE('',#2130,#2131,#1049,.T.);
#2632=EDGE_CURVE('',#2130,#2015,#1886,.T.);
#2633=EDGE_CURVE('',#2014,#2131,#1887,.T.);
#2634=EDGE_CURVE('',#2131,#2121,#1050,.T.);
#2635=EDGE_CURVE('',#2131,#2126,#1051,.T.);
#2636=EDGE_CURVE('',#2127,#2130,#1052,.T.);
#2637=EDGE_CURVE('',#2127,#1990,#1888,.T.);
#2638=EDGE_CURVE('',#2126,#1991,#1889,.T.);
#2639=EDGE_CURVE('',#2120,#2130,#1053,.T.);
#2640=EDGE_CURVE('',#2132,#2133,#1054,.T.);
#2641=EDGE_CURVE('',#2133,#2134,#70,.T.);
#2642=EDGE_CURVE('',#2134,#2135,#1055,.T.);
#2643=EDGE_CURVE('',#2132,#2135,#71,.T.);
#2644=EDGE_CURVE('',#2133,#2136,#1056,.T.);
#2645=EDGE_CURVE('',#2136,#2137,#72,.T.);
#2646=EDGE_CURVE('',#2137,#2134,#1057,.T.);
#2647=EDGE_CURVE('',#2136,#2138,#1058,.T.);
#2648=EDGE_CURVE('',#2138,#2139,#73,.T.);
#2649=EDGE_CURVE('',#2139,#2137,#1059,.T.);
#2650=EDGE_CURVE('',#2135,#2139,#1060,.T.);
#2651=EDGE_CURVE('',#2138,#2132,#1061,.T.);
#2652=EDGE_CURVE('',#2140,#2135,#1062,.T.);
#2653=EDGE_CURVE('',#2140,#2141,#1063,.T.);
#2654=EDGE_CURVE('',#2139,#2141,#1064,.T.);
#2655=EDGE_CURVE('',#2142,#2134,#1065,.T.);
#2656=EDGE_CURVE('',#2142,#2140,#1066,.T.);
#2657=EDGE_CURVE('',#2143,#2144,#1067,.T.);
#2658=EDGE_CURVE('',#2145,#2143,#1890,.T.);
#2659=EDGE_CURVE('',#2146,#2145,#1068,.T.);
#2660=EDGE_CURVE('',#2147,#2146,#1891,.T.);
#2661=EDGE_CURVE('',#2148,#2147,#1069,.T.);
#2662=EDGE_CURVE('',#2149,#2148,#1892,.T.);
#2663=EDGE_CURVE('',#2150,#2149,#1070,.T.);
#2664=EDGE_CURVE('',#2151,#2150,#1893,.T.);
#2665=EDGE_CURVE('',#2152,#2151,#1071,.T.);
#2666=EDGE_CURVE('',#2153,#2152,#1894,.T.);
#2667=EDGE_CURVE('',#2154,#2153,#1072,.T.);
#2668=EDGE_CURVE('',#2155,#2154,#1895,.T.);
#2669=EDGE_CURVE('',#2156,#2155,#1073,.T.);
#2670=EDGE_CURVE('',#2157,#2156,#1896,.T.);
#2671=EDGE_CURVE('',#2158,#2157,#1074,.T.);
#2672=EDGE_CURVE('',#2159,#2158,#1897,.T.);
#2673=EDGE_CURVE('',#2160,#2159,#1075,.T.);
#2674=EDGE_CURVE('',#2161,#2160,#1076,.T.);
#2675=EDGE_CURVE('',#2162,#2161,#1077,.T.);
#2676=EDGE_CURVE('',#2144,#2162,#1078,.T.);
#2677=EDGE_CURVE('',#2163,#2164,#1079,.T.);
#2678=EDGE_CURVE('',#2165,#2163,#1080,.T.);
#2679=EDGE_CURVE('',#2166,#2165,#1081,.T.);
#2680=EDGE_CURVE('',#2164,#2166,#1082,.T.);
#2681=EDGE_CURVE('',#2167,#2168,#1083,.T.);
#2682=EDGE_CURVE('',#2169,#2167,#1084,.T.);
#2683=EDGE_CURVE('',#2170,#2169,#1085,.T.);
#2684=EDGE_CURVE('',#2168,#2170,#1086,.T.);
#2685=EDGE_CURVE('',#2171,#2172,#1087,.T.);
#2686=EDGE_CURVE('',#2173,#2171,#1088,.T.);
#2687=EDGE_CURVE('',#2174,#2173,#1089,.T.);
#2688=EDGE_CURVE('',#2172,#2174,#1090,.T.);
#2689=EDGE_CURVE('',#2175,#2176,#1091,.T.);
#2690=EDGE_CURVE('',#2177,#2175,#1092,.T.);
#2691=EDGE_CURVE('',#2178,#2177,#1093,.T.);
#2692=EDGE_CURVE('',#2176,#2178,#1094,.T.);
#2693=EDGE_CURVE('',#2179,#2180,#1095,.T.);
#2694=EDGE_CURVE('',#2181,#2179,#1096,.T.);
#2695=EDGE_CURVE('',#2182,#2181,#1097,.T.);
#2696=EDGE_CURVE('',#2180,#2182,#1098,.T.);
#2697=EDGE_CURVE('',#2183,#2184,#1099,.T.);
#2698=EDGE_CURVE('',#2185,#2183,#1100,.T.);
#2699=EDGE_CURVE('',#2186,#2185,#1101,.T.);
#2700=EDGE_CURVE('',#2184,#2186,#1102,.T.);
#2701=EDGE_CURVE('',#2164,#2187,#74,.T.);
#2702=EDGE_CURVE('',#2187,#2188,#1103,.T.);
#2703=EDGE_CURVE('',#2163,#2188,#75,.T.);
#2704=EDGE_CURVE('',#2166,#2189,#76,.T.);
#2705=EDGE_CURVE('',#2189,#2187,#1104,.T.);
#2706=EDGE_CURVE('',#2165,#2190,#77,.T.);
#2707=EDGE_CURVE('',#2190,#2189,#1105,.T.);
#2708=EDGE_CURVE('',#2188,#2190,#1106,.T.);
#2709=EDGE_CURVE('',#2191,#2188,#1107,.T.);
#2710=EDGE_CURVE('',#2192,#2191,#1108,.T.);
#2711=EDGE_CURVE('',#2190,#2192,#1109,.T.);
#2712=EDGE_CURVE('',#2193,#2187,#1110,.T.);
#2713=EDGE_CURVE('',#2191,#2193,#1111,.T.);
#2714=EDGE_CURVE('',#2184,#2194,#78,.T.);
#2715=EDGE_CURVE('',#2194,#2195,#1112,.T.);
#2716=EDGE_CURVE('',#2183,#2195,#79,.T.);
#2717=EDGE_CURVE('',#2186,#2196,#80,.T.);
#2718=EDGE_CURVE('',#2196,#2194,#1113,.T.);
#2719=EDGE_CURVE('',#2185,#2197,#81,.T.);
#2720=EDGE_CURVE('',#2197,#2196,#1114,.T.);
#2721=EDGE_CURVE('',#2195,#2197,#1115,.T.);
#2722=EDGE_CURVE('',#2198,#2195,#1116,.T.);
#2723=EDGE_CURVE('',#2199,#2198,#1117,.T.);
#2724=EDGE_CURVE('',#2197,#2199,#1118,.T.);
#2725=EDGE_CURVE('',#2200,#2194,#1119,.T.);
#2726=EDGE_CURVE('',#2198,#2200,#1120,.T.);
#2727=EDGE_CURVE('',#2168,#2201,#82,.T.);
#2728=EDGE_CURVE('',#2201,#2202,#1121,.T.);
#2729=EDGE_CURVE('',#2167,#2202,#83,.T.);
#2730=EDGE_CURVE('',#2170,#2203,#84,.T.);
#2731=EDGE_CURVE('',#2203,#2201,#1122,.T.);
#2732=EDGE_CURVE('',#2169,#2204,#85,.T.);
#2733=EDGE_CURVE('',#2204,#2203,#1123,.T.);
#2734=EDGE_CURVE('',#2202,#2204,#1124,.T.);
#2735=EDGE_CURVE('',#2205,#2202,#1125,.T.);
#2736=EDGE_CURVE('',#2206,#2205,#1126,.T.);
#2737=EDGE_CURVE('',#2207,#2206,#1127,.T.);
#2738=EDGE_CURVE('',#2208,#2207,#1128,.T.);
#2739=EDGE_CURVE('',#2209,#2208,#1129,.T.);
#2740=EDGE_CURVE('',#2209,#2210,#1130,.T.);
#2741=EDGE_CURVE('',#2204,#2210,#1131,.T.);
#2742=EDGE_CURVE('',#2211,#2201,#1132,.T.);
#2743=EDGE_CURVE('',#2205,#2211,#1133,.T.);
#2744=EDGE_CURVE('',#2180,#2212,#86,.T.);
#2745=EDGE_CURVE('',#2212,#2213,#1134,.T.);
#2746=EDGE_CURVE('',#2179,#2213,#87,.T.);
#2747=EDGE_CURVE('',#2182,#2214,#88,.T.);
#2748=EDGE_CURVE('',#2214,#2212,#1135,.T.);
#2749=EDGE_CURVE('',#2181,#2215,#89,.T.);
#2750=EDGE_CURVE('',#2215,#2214,#1136,.T.);
#2751=EDGE_CURVE('',#2213,#2215,#1137,.T.);
#2752=EDGE_CURVE('',#2216,#2213,#1138,.T.);
#2753=EDGE_CURVE('',#2217,#2216,#1139,.T.);
#2754=EDGE_CURVE('',#2215,#2217,#1140,.T.);
#2755=EDGE_CURVE('',#2218,#2212,#1141,.T.);
#2756=EDGE_CURVE('',#2216,#2218,#1142,.T.);
#2757=EDGE_CURVE('',#2172,#2219,#90,.T.);
#2758=EDGE_CURVE('',#2219,#2220,#1143,.T.);
#2759=EDGE_CURVE('',#2171,#2220,#91,.T.);
#2760=EDGE_CURVE('',#2174,#2221,#92,.T.);
#2761=EDGE_CURVE('',#2221,#2219,#1144,.T.);
#2762=EDGE_CURVE('',#2173,#2222,#93,.T.);
#2763=EDGE_CURVE('',#2222,#2221,#1145,.T.);
#2764=EDGE_CURVE('',#2220,#2222,#1146,.T.);
#2765=EDGE_CURVE('',#2223,#2220,#1147,.T.);
#2766=EDGE_CURVE('',#2224,#2223,#1148,.T.);
#2767=EDGE_CURVE('',#2222,#2224,#1149,.T.);
#2768=EDGE_CURVE('',#2225,#2219,#1150,.T.);
#2769=EDGE_CURVE('',#2223,#2225,#1151,.T.);
#2770=EDGE_CURVE('',#2176,#2226,#94,.T.);
#2771=EDGE_CURVE('',#2226,#2227,#1152,.T.);
#2772=EDGE_CURVE('',#2175,#2227,#95,.T.);
#2773=EDGE_CURVE('',#2178,#2228,#96,.T.);
#2774=EDGE_CURVE('',#2228,#2226,#1153,.T.);
#2775=EDGE_CURVE('',#2177,#2229,#97,.T.);
#2776=EDGE_CURVE('',#2229,#2228,#1154,.T.);
#2777=EDGE_CURVE('',#2227,#2229,#1155,.T.);
#2778=EDGE_CURVE('',#2230,#2227,#1156,.T.);
#2779=EDGE_CURVE('',#2231,#2230,#1157,.T.);
#2780=EDGE_CURVE('',#2229,#2231,#1158,.T.);
#2781=EDGE_CURVE('',#2232,#2226,#1159,.T.);
#2782=EDGE_CURVE('',#2230,#2232,#1160,.T.);
#2783=EDGE_CURVE('',#2233,#2162,#1898,.F.);
#2784=EDGE_CURVE('',#2234,#2233,#1899,.F.);
#2785=EDGE_CURVE('',#2162,#2234,#1900,.F.);
#2786=EDGE_CURVE('',#2235,#2236,#1901,.F.);
#2787=EDGE_CURVE('',#2237,#2235,#1902,.F.);
#2788=EDGE_CURVE('',#2236,#2237,#1903,.F.);
#2789=EDGE_CURVE('',#2233,#2237,#1161,.T.);
#2790=EDGE_CURVE('',#2235,#2234,#1162,.T.);
#2791=EDGE_CURVE('',#2238,#2161,#1904,.F.);
#2792=EDGE_CURVE('',#2239,#2238,#1905,.F.);
#2793=EDGE_CURVE('',#2161,#2239,#1906,.F.);
#2794=EDGE_CURVE('',#2240,#2241,#1907,.F.);
#2795=EDGE_CURVE('',#2242,#2240,#1908,.F.);
#2796=EDGE_CURVE('',#2241,#2242,#1909,.F.);
#2797=EDGE_CURVE('',#2238,#2242,#1163,.T.);
#2798=EDGE_CURVE('',#2240,#2239,#1164,.T.);
#2799=EDGE_CURVE('',#2243,#2244,#1910,.T.);
#2800=EDGE_CURVE('',#2244,#2241,#1165,.T.);
#2801=EDGE_CURVE('',#2242,#2243,#1166,.T.);
#2802=EDGE_CURVE('',#2241,#2236,#1167,.T.);
#2803=EDGE_CURVE('',#2237,#2240,#1168,.T.);
#2804=EDGE_CURVE('',#2239,#2233,#1169,.T.);
#2805=EDGE_CURVE('',#2245,#2238,#1170,.T.);
#2806=EDGE_CURVE('',#2160,#2245,#98,.T.);
#2807=EDGE_CURVE('',#2246,#2247,#1911,.T.);
#2808=EDGE_CURVE('',#2247,#2235,#1171,.T.);
#2809=EDGE_CURVE('',#2236,#2246,#1172,.T.);
#2810=EDGE_CURVE('',#2248,#2249,#1173,.T.);
#2811=EDGE_CURVE('',#2249,#2143,#1912,.T.);
#2812=EDGE_CURVE('',#2144,#2248,#99,.T.);
#2813=EDGE_CURVE('',#2250,#2145,#1913,.T.);
#2814=EDGE_CURVE('',#2249,#2250,#1914,.T.);
#2815=EDGE_CURVE('',#2251,#2146,#1915,.T.);
#2816=EDGE_CURVE('',#2250,#2251,#1174,.T.);
#2817=EDGE_CURVE('',#2252,#2147,#1916,.T.);
#2818=EDGE_CURVE('',#2251,#2252,#1917,.T.);
#2819=EDGE_CURVE('',#2253,#2148,#1918,.T.);
#2820=EDGE_CURVE('',#2252,#2253,#1175,.T.);
#2821=EDGE_CURVE('',#2254,#2149,#1919,.T.);
#2822=EDGE_CURVE('',#2253,#2254,#1920,.T.);
#2823=EDGE_CURVE('',#2255,#2150,#1921,.T.);
#2824=EDGE_CURVE('',#2254,#2255,#1176,.T.);
#2825=EDGE_CURVE('',#2256,#2151,#1922,.T.);
#2826=EDGE_CURVE('',#2255,#2256,#1923,.T.);
#2827=EDGE_CURVE('',#2257,#2152,#1924,.T.);
#2828=EDGE_CURVE('',#2256,#2257,#1177,.T.);
#2829=EDGE_CURVE('',#2258,#2153,#1925,.T.);
#2830=EDGE_CURVE('',#2257,#2258,#1926,.T.);
#2831=EDGE_CURVE('',#2259,#2154,#1927,.T.);
#2832=EDGE_CURVE('',#2258,#2259,#1178,.T.);
#2833=EDGE_CURVE('',#2260,#2155,#1928,.T.);
#2834=EDGE_CURVE('',#2259,#2260,#1929,.T.);
#2835=EDGE_CURVE('',#2261,#2156,#1930,.T.);
#2836=EDGE_CURVE('',#2260,#2261,#1179,.T.);
#2837=EDGE_CURVE('',#2262,#2157,#1931,.T.);
#2838=EDGE_CURVE('',#2261,#2262,#1932,.T.);
#2839=EDGE_CURVE('',#2263,#2158,#1933,.T.);
#2840=EDGE_CURVE('',#2262,#2263,#1180,.T.);
#2841=EDGE_CURVE('',#2264,#2159,#1934,.T.);
#2842=EDGE_CURVE('',#2263,#2264,#1935,.T.);
#2843=EDGE_CURVE('',#2264,#2245,#1181,.T.);
#2844=EDGE_CURVE('',#2234,#2248,#1182,.T.);
#2845=EDGE_CURVE('',#2265,#2261,#1183,.T.);
#2846=EDGE_CURVE('',#2265,#2266,#1936,.T.);
#2847=EDGE_CURVE('',#2266,#2262,#1184,.T.);
#2848=EDGE_CURVE('',#2267,#2260,#1185,.T.);
#2849=EDGE_CURVE('',#2265,#2267,#1186,.T.);
#2850=EDGE_CURVE('',#2268,#2259,#1187,.T.);
#2851=EDGE_CURVE('',#2268,#2267,#1937,.T.);
#2852=EDGE_CURVE('',#2269,#2258,#1188,.T.);
#2853=EDGE_CURVE('',#2268,#2269,#1189,.T.);
#2854=EDGE_CURVE('',#2270,#2257,#1190,.T.);
#2855=EDGE_CURVE('',#2270,#2269,#1938,.T.);
#2856=EDGE_CURVE('',#2271,#2256,#1191,.T.);
#2857=EDGE_CURVE('',#2270,#2271,#1192,.T.);
#2858=EDGE_CURVE('',#2272,#2255,#1193,.T.);
#2859=EDGE_CURVE('',#2272,#2271,#1939,.T.);
#2860=EDGE_CURVE('',#2273,#2254,#1194,.T.);
#2861=EDGE_CURVE('',#2272,#2273,#1195,.T.);
#2862=EDGE_CURVE('',#2274,#2253,#1196,.T.);
#2863=EDGE_CURVE('',#2274,#2273,#1940,.T.);
#2864=EDGE_CURVE('',#2275,#2252,#1197,.T.);
#2865=EDGE_CURVE('',#2274,#2275,#1198,.T.);
#2866=EDGE_CURVE('',#2276,#2251,#1199,.T.);
#2867=EDGE_CURVE('',#2276,#2275,#1941,.T.);
#2868=EDGE_CURVE('',#2277,#2250,#1200,.T.);
#2869=EDGE_CURVE('',#2276,#2277,#1201,.T.);
#2870=EDGE_CURVE('',#2278,#2249,#1202,.T.);
#2871=EDGE_CURVE('',#2278,#2277,#1942,.T.);
#2872=EDGE_CURVE('',#2279,#2248,#1203,.T.);
#2873=EDGE_CURVE('',#2278,#2279,#1204,.T.);
#2874=EDGE_CURVE('',#2280,#2243,#1205,.T.);
#2875=EDGE_CURVE('',#2279,#2280,#1206,.T.);
#2876=EDGE_CURVE('',#2279,#2247,#1207,.T.);
#2877=EDGE_CURVE('',#2244,#2246,#1208,.T.);
#2878=EDGE_CURVE('',#2280,#2281,#1209,.T.);
#2879=EDGE_CURVE('',#2282,#2281,#1943,.T.);
#2880=EDGE_CURVE('',#2282,#2266,#1210,.T.);
#2881=EDGE_CURVE('',#2283,#2284,#1211,.T.);
#2882=EDGE_CURVE('',#2284,#2285,#1944,.T.);
#2883=EDGE_CURVE('',#2285,#2286,#1212,.T.);
#2884=EDGE_CURVE('',#2286,#2287,#1945,.T.);
#2885=EDGE_CURVE('',#2287,#2288,#1213,.T.);
#2886=EDGE_CURVE('',#2288,#2289,#1946,.T.);
#2887=EDGE_CURVE('',#2289,#2290,#1214,.T.);
#2888=EDGE_CURVE('',#2290,#2291,#1947,.T.);
#2889=EDGE_CURVE('',#2291,#2292,#1215,.T.);
#2890=EDGE_CURVE('',#2292,#2293,#1948,.T.);
#2891=EDGE_CURVE('',#2293,#2294,#1216,.T.);
#2892=EDGE_CURVE('',#2294,#2295,#1949,.T.);
#2893=EDGE_CURVE('',#2295,#2296,#1217,.T.);
#2894=EDGE_CURVE('',#2296,#2297,#1950,.T.);
#2895=EDGE_CURVE('',#2297,#2298,#1218,.T.);
#2896=EDGE_CURVE('',#2298,#2283,#1951,.T.);
#2897=EDGE_CURVE('',#2299,#2207,#1219,.T.);
#2898=EDGE_CURVE('',#2300,#2299,#1220,.T.);
#2899=EDGE_CURVE('',#2208,#2300,#1221,.T.);
#2900=EDGE_CURVE('',#2210,#2301,#1222,.T.);
#2901=EDGE_CURVE('',#2302,#2209,#1223,.T.);
#2902=EDGE_CURVE('',#2302,#2301,#1224,.T.);
#2903=EDGE_CURVE('',#2301,#2203,#1225,.T.);
#2904=EDGE_CURVE('',#2300,#2302,#1226,.T.);
#2905=EDGE_CURVE('',#2303,#2299,#1227,.T.);
#2906=EDGE_CURVE('',#2211,#2303,#1228,.T.);
#2907=EDGE_CURVE('',#2303,#2206,#1229,.T.);
#2908=EDGE_CURVE('',#2304,#2142,#1230,.T.);
#2909=EDGE_CURVE('',#2141,#2304,#1231,.T.);
#2910=EDGE_CURVE('',#2283,#2305,#1232,.T.);
#2911=EDGE_CURVE('',#2306,#2305,#1233,.T.);
#2912=EDGE_CURVE('',#2284,#2306,#1234,.T.);
#2913=EDGE_CURVE('',#2307,#2306,#1952,.T.);
#2914=EDGE_CURVE('',#2285,#2307,#1235,.T.);
#2915=EDGE_CURVE('',#2308,#2307,#1236,.T.);
#2916=EDGE_CURVE('',#2286,#2308,#1237,.T.);
#2917=EDGE_CURVE('',#2309,#2308,#1953,.T.);
#2918=EDGE_CURVE('',#2287,#2309,#1238,.T.);
#2919=EDGE_CURVE('',#2310,#2309,#1239,.T.);
#2920=EDGE_CURVE('',#2288,#2310,#1240,.T.);
#2921=EDGE_CURVE('',#2311,#2310,#1954,.T.);
#2922=EDGE_CURVE('',#2289,#2311,#1241,.T.);
#2923=EDGE_CURVE('',#2312,#2311,#1242,.T.);
#2924=EDGE_CURVE('',#2290,#2312,#1243,.T.);
#2925=EDGE_CURVE('',#2313,#2312,#1955,.T.);
#2926=EDGE_CURVE('',#2291,#2313,#1244,.T.);
#2927=EDGE_CURVE('',#2314,#2313,#1245,.T.);
#2928=EDGE_CURVE('',#2292,#2314,#1246,.T.);
#2929=EDGE_CURVE('',#2315,#2314,#1956,.T.);
#2930=EDGE_CURVE('',#2293,#2315,#1247,.T.);
#2931=EDGE_CURVE('',#2316,#2315,#1248,.T.);
#2932=EDGE_CURVE('',#2294,#2316,#1249,.T.);
#2933=EDGE_CURVE('',#2317,#2316,#1957,.T.);
#2934=EDGE_CURVE('',#2295,#2317,#1250,.T.);
#2935=EDGE_CURVE('',#2318,#2317,#1251,.T.);
#2936=EDGE_CURVE('',#2296,#2318,#1252,.T.);
#2937=EDGE_CURVE('',#2319,#2318,#1958,.T.);
#2938=EDGE_CURVE('',#2297,#2319,#1253,.T.);
#2939=EDGE_CURVE('',#2320,#2319,#1254,.T.);
#2940=EDGE_CURVE('',#2298,#2320,#1255,.T.);
#2941=EDGE_CURVE('',#2305,#2320,#1959,.T.);
#2942=EDGE_CURVE('',#2321,#2217,#1256,.T.);
#2943=EDGE_CURVE('',#2218,#2321,#1257,.T.);
#2944=EDGE_CURVE('',#2322,#2199,#1258,.T.);
#2945=EDGE_CURVE('',#2200,#2322,#1259,.T.);
#2946=EDGE_CURVE('',#2323,#2224,#1260,.T.);
#2947=EDGE_CURVE('',#2225,#2323,#1261,.T.);
#2948=EDGE_CURVE('',#2324,#2231,#1262,.T.);
#2949=EDGE_CURVE('',#2232,#2324,#1263,.T.);
#2950=EDGE_CURVE('',#2325,#2192,#1264,.T.);
#2951=EDGE_CURVE('',#2193,#2325,#1265,.T.);
#2952=EDGE_CURVE('',#2304,#2137,#1266,.T.);
#2953=EDGE_CURVE('',#2325,#2189,#1267,.T.);
#2954=EDGE_CURVE('',#2322,#2196,#1268,.T.);
#2955=EDGE_CURVE('',#2321,#2214,#1269,.T.);
#2956=EDGE_CURVE('',#2323,#2221,#1270,.T.);
#2957=EDGE_CURVE('',#2324,#2228,#1271,.T.);
#2958=EDGE_CURVE('',#2280,#2245,#1272,.T.);
#2959=EDGE_CURVE('',#2281,#2264,#1273,.T.);
#2960=EDGE_CURVE('',#2282,#2263,#1274,.T.);
#2961=EDGE_CURVE('',#2326,#2327,#1960,.T.);
#2962=EDGE_CURVE('',#2327,#2328,#1275,.T.);
#2963=EDGE_CURVE('',#2328,#2329,#1961,.T.);
#2964=EDGE_CURVE('',#2326,#2329,#1276,.T.);
#2965=EDGE_CURVE('',#2328,#2330,#1277,.T.);
#2966=EDGE_CURVE('',#2330,#2331,#1278,.T.);
#2967=EDGE_CURVE('',#2331,#2332,#1279,.T.);
#2968=EDGE_CURVE('',#2333,#2332,#1962,.T.);
#2969=EDGE_CURVE('',#2333,#2334,#1280,.T.);
#2970=EDGE_CURVE('',#2335,#2334,#1963,.T.);
#2971=EDGE_CURVE('',#2335,#2336,#1281,.T.);
#2972=EDGE_CURVE('',#2337,#2336,#1964,.T.);
#2973=EDGE_CURVE('',#2337,#2329,#1282,.T.);
#2974=EDGE_CURVE('',#2332,#2338,#1283,.T.);
#2975=EDGE_CURVE('',#2338,#2339,#1965,.T.);
#2976=EDGE_CURVE('',#2339,#2333,#1284,.T.);
#2977=EDGE_CURVE('',#2326,#2340,#1285,.T.);
#2978=EDGE_CURVE('',#2341,#2340,#1966,.T.);
#2979=EDGE_CURVE('',#2341,#2342,#1286,.T.);
#2980=EDGE_CURVE('',#2343,#2342,#1967,.T.);
#2981=EDGE_CURVE('',#2343,#2339,#1287,.T.);
#2982=EDGE_CURVE('',#2338,#2344,#1288,.T.);
#2983=EDGE_CURVE('',#2344,#2345,#1289,.T.);
#2984=EDGE_CURVE('',#2327,#2345,#1290,.T.);
#2985=EDGE_CURVE('',#2336,#2341,#1291,.T.);
#2986=EDGE_CURVE('',#2340,#2337,#1292,.T.);
#2987=EDGE_CURVE('',#2342,#2335,#1293,.T.);
#2988=EDGE_CURVE('',#2334,#2343,#1294,.T.);
#2989=EDGE_CURVE('',#2345,#2330,#1295,.T.);
#2990=EDGE_CURVE('',#2330,#2346,#1968,.T.);
#2991=EDGE_CURVE('',#2347,#2346,#1296,.T.);
#2992=EDGE_CURVE('',#2347,#2331,#1969,.T.);
#2993=EDGE_CURVE('',#2331,#2344,#1297,.T.);
#2994=EDGE_CURVE('',#2345,#2348,#1970,.T.);
#2995=EDGE_CURVE('',#2346,#2348,#1298,.T.);
#2996=EDGE_CURVE('',#2349,#2347,#1299,.T.);
#2997=EDGE_CURVE('',#2344,#2349,#1971,.T.);
#2998=EDGE_CURVE('',#2348,#2349,#1300,.T.);
#2999=EDGE_CURVE('',#2350,#2347,#1301,.T.);
#3000=EDGE_CURVE('',#2351,#2350,#1302,.T.);
#3001=EDGE_CURVE('',#2349,#2351,#1303,.T.);
#3002=EDGE_CURVE('',#2346,#2352,#1304,.T.);
#3003=EDGE_CURVE('',#2352,#2350,#1305,.T.);
#3004=EDGE_CURVE('',#2351,#2353,#1306,.T.);
#3005=EDGE_CURVE('',#2353,#2352,#1307,.T.);
#3006=EDGE_CURVE('',#2353,#2348,#1308,.T.);
#3007=EDGE_CURVE('',#2354,#2355,#1972,.T.);
#3008=EDGE_CURVE('',#2355,#2356,#1309,.T.);
#3009=EDGE_CURVE('',#2356,#2357,#1973,.T.);
#3010=EDGE_CURVE('',#2357,#2354,#1310,.T.);
#3011=EDGE_CURVE('',#2357,#2358,#1311,.T.);
#3012=EDGE_CURVE('',#2358,#2359,#1312,.T.);
#3013=EDGE_CURVE('',#2354,#2359,#1313,.T.);
#3014=EDGE_CURVE('',#2356,#2360,#1314,.T.);
#3015=EDGE_CURVE('',#2361,#2360,#1974,.T.);
#3016=EDGE_CURVE('',#2361,#2362,#1315,.T.);
#3017=EDGE_CURVE('',#2362,#2358,#1316,.T.);
#3018=EDGE_CURVE('',#2363,#2364,#1975,.T.);
#3019=EDGE_CURVE('',#2364,#2361,#1317,.T.);
#3020=EDGE_CURVE('',#2360,#2363,#1318,.T.);
#3021=EDGE_CURVE('',#2365,#2364,#1319,.T.);
#3022=EDGE_CURVE('',#2365,#2362,#1320,.T.);
#3023=EDGE_CURVE('',#2366,#2367,#1976,.T.);
#3024=EDGE_CURVE('',#2367,#2368,#1321,.T.);
#3025=EDGE_CURVE('',#2368,#2369,#1977,.T.);
#3026=EDGE_CURVE('',#2366,#2369,#1322,.T.);
#3027=EDGE_CURVE('',#2370,#2367,#1323,.T.);
#3028=EDGE_CURVE('',#2370,#2371,#1324,.T.);
#3029=EDGE_CURVE('',#2368,#2371,#1325,.T.);
#3030=EDGE_CURVE('',#2366,#2372,#1326,.T.);
#3031=EDGE_CURVE('',#2372,#2373,#1327,.T.);
#3032=EDGE_CURVE('',#2373,#2374,#1328,.T.);
#3033=EDGE_CURVE('',#2375,#2374,#1978,.T.);
#3034=EDGE_CURVE('',#2375,#2376,#1329,.T.);
#3035=EDGE_CURVE('',#2376,#2370,#1330,.T.);
#3036=EDGE_CURVE('',#2377,#2378,#1979,.T.);
#3037=EDGE_CURVE('',#2378,#2375,#1331,.T.);
#3038=EDGE_CURVE('',#2374,#2377,#1332,.T.);
#3039=EDGE_CURVE('',#2379,#2378,#1333,.T.);
#3040=EDGE_CURVE('',#2376,#2379,#1334,.T.);
#3041=EDGE_CURVE('',#2371,#2379,#1335,.T.);
#3042=EDGE_CURVE('',#2377,#2380,#1336,.T.);
#3043=EDGE_CURVE('',#2380,#2381,#1337,.T.);
#3044=EDGE_CURVE('',#2381,#2369,#1338,.T.);
#3045=EDGE_CURVE('',#2359,#2365,#1339,.T.);
#3046=EDGE_CURVE('',#2359,#2381,#1980,.T.);
#3047=EDGE_CURVE('',#2380,#2365,#1981,.T.);
#3048=EDGE_CURVE('',#2358,#2372,#1982,.T.);
#3049=EDGE_CURVE('',#2372,#2381,#1340,.T.);
#3050=EDGE_CURVE('',#2380,#2373,#1341,.T.);
#3051=EDGE_CURVE('',#2362,#2373,#1983,.T.);
#3052=EDGE_CURVE('',#2363,#2355,#1342,.T.);
#3053=ORIENTED_EDGE('',*,*,#2382,.T.);
#3054=ORIENTED_EDGE('',*,*,#2383,.T.);
#3055=ORIENTED_EDGE('',*,*,#2384,.T.);
#3056=ORIENTED_EDGE('',*,*,#2385,.T.);
#3057=ORIENTED_EDGE('',*,*,#2385,.F.);
#3058=ORIENTED_EDGE('',*,*,#2386,.F.);
#3059=ORIENTED_EDGE('',*,*,#2387,.T.);
#3060=ORIENTED_EDGE('',*,*,#2388,.F.);
#3061=ORIENTED_EDGE('',*,*,#2384,.F.);
#3062=ORIENTED_EDGE('',*,*,#2389,.T.);
#3063=ORIENTED_EDGE('',*,*,#2390,.T.);
#3064=ORIENTED_EDGE('',*,*,#2391,.T.);
#3065=ORIENTED_EDGE('',*,*,#2392,.T.);
#3066=ORIENTED_EDGE('',*,*,#2393,.T.);
#3067=ORIENTED_EDGE('',*,*,#2394,.T.);
#3068=ORIENTED_EDGE('',*,*,#2395,.T.);
#3069=ORIENTED_EDGE('',*,*,#2396,.T.);
#3070=ORIENTED_EDGE('',*,*,#2397,.T.);
#3071=ORIENTED_EDGE('',*,*,#2398,.F.);
#3072=ORIENTED_EDGE('',*,*,#2399,.T.);
#3073=ORIENTED_EDGE('',*,*,#2400,.T.);
#3074=ORIENTED_EDGE('',*,*,#2401,.T.);
#3075=ORIENTED_EDGE('',*,*,#2402,.T.);
#3076=ORIENTED_EDGE('',*,*,#2386,.T.);
#3077=ORIENTED_EDGE('',*,*,#2398,.T.);
#3078=ORIENTED_EDGE('',*,*,#2403,.T.);
#3079=ORIENTED_EDGE('',*,*,#2404,.T.);
#3080=ORIENTED_EDGE('',*,*,#2405,.T.);
#3081=ORIENTED_EDGE('',*,*,#2405,.F.);
#3082=ORIENTED_EDGE('',*,*,#2406,.F.);
#3083=ORIENTED_EDGE('',*,*,#2407,.F.);
#3084=ORIENTED_EDGE('',*,*,#2399,.F.);
#3085=ORIENTED_EDGE('',*,*,#2382,.F.);
#3086=ORIENTED_EDGE('',*,*,#2388,.T.);
#3087=ORIENTED_EDGE('',*,*,#2408,.T.);
#3088=ORIENTED_EDGE('',*,*,#2409,.T.);
#3089=ORIENTED_EDGE('',*,*,#2410,.T.);
#3090=ORIENTED_EDGE('',*,*,#2406,.T.);
#3091=ORIENTED_EDGE('',*,*,#2404,.F.);
#3092=ORIENTED_EDGE('',*,*,#2411,.T.);
#3093=ORIENTED_EDGE('',*,*,#2412,.T.);
#3094=ORIENTED_EDGE('',*,*,#2413,.T.);
#3095=ORIENTED_EDGE('',*,*,#2414,.T.);
#3096=ORIENTED_EDGE('',*,*,#2415,.T.);
#3097=ORIENTED_EDGE('',*,*,#2416,.T.);
#3098=ORIENTED_EDGE('',*,*,#2417,.T.);
#3099=ORIENTED_EDGE('',*,*,#2418,.T.);
#3100=ORIENTED_EDGE('',*,*,#2419,.T.);
#3101=ORIENTED_EDGE('',*,*,#2420,.T.);
#3102=ORIENTED_EDGE('',*,*,#2421,.T.);
#3103=ORIENTED_EDGE('',*,*,#2422,.T.);
#3104=ORIENTED_EDGE('',*,*,#2423,.T.);
#3105=ORIENTED_EDGE('',*,*,#2423,.F.);
#3106=ORIENTED_EDGE('',*,*,#2424,.F.);
#3107=ORIENTED_EDGE('',*,*,#2425,.F.);
#3108=ORIENTED_EDGE('',*,*,#2426,.F.);
#3109=ORIENTED_EDGE('',*,*,#2422,.F.);
#3110=ORIENTED_EDGE('',*,*,#2427,.T.);
#3111=ORIENTED_EDGE('',*,*,#2428,.T.);
#3112=ORIENTED_EDGE('',*,*,#2429,.F.);
#3113=ORIENTED_EDGE('',*,*,#2430,.F.);
#3114=ORIENTED_EDGE('',*,*,#2424,.T.);
#3115=ORIENTED_EDGE('',*,*,#2431,.T.);
#3116=ORIENTED_EDGE('',*,*,#2425,.T.);
#3117=ORIENTED_EDGE('',*,*,#2430,.T.);
#3118=ORIENTED_EDGE('',*,*,#2432,.T.);
#3119=ORIENTED_EDGE('',*,*,#2432,.F.);
#3120=ORIENTED_EDGE('',*,*,#2429,.T.);
#3121=ORIENTED_EDGE('',*,*,#2433,.T.);
#3122=ORIENTED_EDGE('',*,*,#2434,.F.);
#3123=ORIENTED_EDGE('',*,*,#2435,.F.);
#3124=ORIENTED_EDGE('',*,*,#2436,.T.);
#3125=ORIENTED_EDGE('',*,*,#2409,.F.);
#3126=ORIENTED_EDGE('',*,*,#2437,.T.);
#3127=ORIENTED_EDGE('',*,*,#2421,.F.);
#3128=ORIENTED_EDGE('',*,*,#2438,.F.);
#3129=ORIENTED_EDGE('',*,*,#2439,.T.);
#3130=ORIENTED_EDGE('',*,*,#2427,.F.);
#3131=ORIENTED_EDGE('',*,*,#2433,.F.);
#3132=ORIENTED_EDGE('',*,*,#2440,.T.);
#3133=ORIENTED_EDGE('',*,*,#2441,.T.);
#3134=ORIENTED_EDGE('',*,*,#2436,.F.);
#3135=ORIENTED_EDGE('',*,*,#2439,.F.);
#3136=ORIENTED_EDGE('',*,*,#2437,.F.);
#3137=ORIENTED_EDGE('',*,*,#2442,.F.);
#3138=ORIENTED_EDGE('',*,*,#2443,.F.);
#3139=ORIENTED_EDGE('',*,*,#2428,.F.);
#3140=ORIENTED_EDGE('',*,*,#2443,.T.);
#3141=ORIENTED_EDGE('',*,*,#2401,.F.);
#3142=ORIENTED_EDGE('',*,*,#2440,.F.);
#3143=ORIENTED_EDGE('',*,*,#2420,.F.);
#3144=ORIENTED_EDGE('',*,*,#2426,.T.);
#3145=ORIENTED_EDGE('',*,*,#2431,.F.);
#3146=ORIENTED_EDGE('',*,*,#2434,.T.);
#3147=ORIENTED_EDGE('',*,*,#2435,.T.);
#3148=ORIENTED_EDGE('',*,*,#2438,.T.);
#3149=ORIENTED_EDGE('',*,*,#2402,.F.);
#3150=ORIENTED_EDGE('',*,*,#2442,.T.);
#3151=ORIENTED_EDGE('',*,*,#2408,.F.);
#3152=ORIENTED_EDGE('',*,*,#2387,.F.);
#3153=ORIENTED_EDGE('',*,*,#2400,.F.);
#3154=ORIENTED_EDGE('',*,*,#2407,.T.);
#3155=ORIENTED_EDGE('',*,*,#2410,.F.);
#3156=ORIENTED_EDGE('',*,*,#2441,.F.);
#3157=ORIENTED_EDGE('',*,*,#2392,.F.);
#3158=ORIENTED_EDGE('',*,*,#2444,.F.);
#3159=ORIENTED_EDGE('',*,*,#2416,.F.);
#3160=ORIENTED_EDGE('',*,*,#2445,.T.);
#3161=ORIENTED_EDGE('',*,*,#2393,.F.);
#3162=ORIENTED_EDGE('',*,*,#2445,.F.);
#3163=ORIENTED_EDGE('',*,*,#2415,.F.);
#3164=ORIENTED_EDGE('',*,*,#2446,.T.);
#3165=ORIENTED_EDGE('',*,*,#2394,.F.);
#3166=ORIENTED_EDGE('',*,*,#2446,.F.);
#3167=ORIENTED_EDGE('',*,*,#2414,.F.);
#3168=ORIENTED_EDGE('',*,*,#2447,.F.);
#3169=ORIENTED_EDGE('',*,*,#2383,.F.);
#3170=ORIENTED_EDGE('',*,*,#2419,.F.);
#3171=ORIENTED_EDGE('',*,*,#2448,.T.);
#3172=ORIENTED_EDGE('',*,*,#2389,.F.);
#3173=ORIENTED_EDGE('',*,*,#2447,.T.);
#3174=ORIENTED_EDGE('',*,*,#2413,.F.);
#3175=ORIENTED_EDGE('',*,*,#2449,.T.);
#3176=ORIENTED_EDGE('',*,*,#2395,.F.);
#3177=ORIENTED_EDGE('',*,*,#2444,.T.);
#3178=ORIENTED_EDGE('',*,*,#2391,.F.);
#3179=ORIENTED_EDGE('',*,*,#2450,.T.);
#3180=ORIENTED_EDGE('',*,*,#2417,.F.);
#3181=ORIENTED_EDGE('',*,*,#2451,.T.);
#3182=ORIENTED_EDGE('',*,*,#2452,.T.);
#3183=ORIENTED_EDGE('',*,*,#2453,.T.);
#3184=ORIENTED_EDGE('',*,*,#2454,.T.);
#3185=ORIENTED_EDGE('',*,*,#2451,.F.);
#3186=ORIENTED_EDGE('',*,*,#2455,.T.);
#3187=ORIENTED_EDGE('',*,*,#2456,.F.);
#3188=ORIENTED_EDGE('',*,*,#2457,.T.);
#3189=ORIENTED_EDGE('',*,*,#2458,.T.);
#3190=ORIENTED_EDGE('',*,*,#2459,.T.);
#3191=ORIENTED_EDGE('',*,*,#2460,.T.);
#3192=ORIENTED_EDGE('',*,*,#2461,.F.);
#3193=ORIENTED_EDGE('',*,*,#2462,.T.);
#3194=ORIENTED_EDGE('',*,*,#2463,.T.);
#3195=ORIENTED_EDGE('',*,*,#2464,.T.);
#3196=ORIENTED_EDGE('',*,*,#2465,.T.);
#3197=ORIENTED_EDGE('',*,*,#2466,.T.);
#3198=ORIENTED_EDGE('',*,*,#2467,.T.);
#3199=ORIENTED_EDGE('',*,*,#2454,.F.);
#3200=ORIENTED_EDGE('',*,*,#2468,.F.);
#3201=ORIENTED_EDGE('',*,*,#2469,.F.);
#3202=ORIENTED_EDGE('',*,*,#2455,.F.);
#3203=ORIENTED_EDGE('',*,*,#2456,.T.);
#3204=ORIENTED_EDGE('',*,*,#2469,.T.);
#3205=ORIENTED_EDGE('',*,*,#2470,.T.);
#3206=ORIENTED_EDGE('',*,*,#2471,.T.);
#3207=ORIENTED_EDGE('',*,*,#2461,.T.);
#3208=ORIENTED_EDGE('',*,*,#2472,.T.);
#3209=ORIENTED_EDGE('',*,*,#2473,.T.);
#3210=ORIENTED_EDGE('',*,*,#2474,.T.);
#3211=ORIENTED_EDGE('',*,*,#2472,.F.);
#3212=ORIENTED_EDGE('',*,*,#2460,.F.);
#3213=ORIENTED_EDGE('',*,*,#2475,.T.);
#3214=ORIENTED_EDGE('',*,*,#2476,.F.);
#3215=ORIENTED_EDGE('',*,*,#2477,.T.);
#3216=ORIENTED_EDGE('',*,*,#2478,.T.);
#3217=ORIENTED_EDGE('',*,*,#2479,.T.);
#3218=ORIENTED_EDGE('',*,*,#2480,.T.);
#3219=ORIENTED_EDGE('',*,*,#2478,.F.);
#3220=ORIENTED_EDGE('',*,*,#2481,.F.);
#3221=ORIENTED_EDGE('',*,*,#2482,.T.);
#3222=ORIENTED_EDGE('',*,*,#2483,.F.);
#3223=ORIENTED_EDGE('',*,*,#2477,.F.);
#3224=ORIENTED_EDGE('',*,*,#2484,.T.);
#3225=ORIENTED_EDGE('',*,*,#2485,.T.);
#3226=ORIENTED_EDGE('',*,*,#2486,.T.);
#3227=ORIENTED_EDGE('',*,*,#2487,.T.);
#3228=ORIENTED_EDGE('',*,*,#2488,.F.);
#3229=ORIENTED_EDGE('',*,*,#2489,.T.);
#3230=ORIENTED_EDGE('',*,*,#2490,.F.);
#3231=ORIENTED_EDGE('',*,*,#2491,.T.);
#3232=ORIENTED_EDGE('',*,*,#2492,.T.);
#3233=ORIENTED_EDGE('',*,*,#2493,.T.);
#3234=ORIENTED_EDGE('',*,*,#2494,.T.);
#3235=ORIENTED_EDGE('',*,*,#2495,.T.);
#3236=ORIENTED_EDGE('',*,*,#2481,.T.);
#3237=ORIENTED_EDGE('',*,*,#2488,.T.);
#3238=ORIENTED_EDGE('',*,*,#2496,.T.);
#3239=ORIENTED_EDGE('',*,*,#2497,.T.);
#3240=ORIENTED_EDGE('',*,*,#2498,.T.);
#3241=ORIENTED_EDGE('',*,*,#2498,.F.);
#3242=ORIENTED_EDGE('',*,*,#2499,.F.);
#3243=ORIENTED_EDGE('',*,*,#2500,.F.);
#3244=ORIENTED_EDGE('',*,*,#2489,.F.);
#3245=ORIENTED_EDGE('',*,*,#2479,.F.);
#3246=ORIENTED_EDGE('',*,*,#2483,.T.);
#3247=ORIENTED_EDGE('',*,*,#2501,.T.);
#3248=ORIENTED_EDGE('',*,*,#2502,.F.);
#3249=ORIENTED_EDGE('',*,*,#2503,.T.);
#3250=ORIENTED_EDGE('',*,*,#2504,.T.);
#3251=ORIENTED_EDGE('',*,*,#2505,.T.);
#3252=ORIENTED_EDGE('',*,*,#2506,.F.);
#3253=ORIENTED_EDGE('',*,*,#2499,.T.);
#3254=ORIENTED_EDGE('',*,*,#2497,.F.);
#3255=ORIENTED_EDGE('',*,*,#2507,.F.);
#3256=ORIENTED_EDGE('',*,*,#2508,.T.);
#3257=ORIENTED_EDGE('',*,*,#2509,.T.);
#3258=ORIENTED_EDGE('',*,*,#2510,.T.);
#3259=ORIENTED_EDGE('',*,*,#2490,.T.);
#3260=ORIENTED_EDGE('',*,*,#2500,.T.);
#3261=ORIENTED_EDGE('',*,*,#2506,.T.);
#3262=ORIENTED_EDGE('',*,*,#2511,.T.);
#3263=ORIENTED_EDGE('',*,*,#2452,.F.);
#3264=ORIENTED_EDGE('',*,*,#2467,.F.);
#3265=ORIENTED_EDGE('',*,*,#2512,.F.);
#3266=ORIENTED_EDGE('',*,*,#2513,.F.);
#3267=ORIENTED_EDGE('',*,*,#2453,.F.);
#3268=ORIENTED_EDGE('',*,*,#2513,.T.);
#3269=ORIENTED_EDGE('',*,*,#2514,.T.);
#3270=ORIENTED_EDGE('',*,*,#2515,.T.);
#3271=ORIENTED_EDGE('',*,*,#2516,.T.);
#3272=ORIENTED_EDGE('',*,*,#2517,.T.);
#3273=ORIENTED_EDGE('',*,*,#2518,.F.);
#3274=ORIENTED_EDGE('',*,*,#2473,.F.);
#3275=ORIENTED_EDGE('',*,*,#2476,.T.);
#3276=ORIENTED_EDGE('',*,*,#2519,.T.);
#3277=ORIENTED_EDGE('',*,*,#2520,.T.);
#3278=ORIENTED_EDGE('',*,*,#2521,.T.);
#3279=ORIENTED_EDGE('',*,*,#2470,.F.);
#3280=ORIENTED_EDGE('',*,*,#2468,.T.);
#3281=ORIENTED_EDGE('',*,*,#2519,.F.);
#3282=ORIENTED_EDGE('',*,*,#2475,.F.);
#3283=ORIENTED_EDGE('',*,*,#2459,.F.);
#3284=ORIENTED_EDGE('',*,*,#2522,.F.);
#3285=ORIENTED_EDGE('',*,*,#2471,.F.);
#3286=ORIENTED_EDGE('',*,*,#2521,.F.);
#3287=ORIENTED_EDGE('',*,*,#2523,.T.);
#3288=ORIENTED_EDGE('',*,*,#2457,.F.);
#3289=ORIENTED_EDGE('',*,*,#2520,.F.);
#3290=ORIENTED_EDGE('',*,*,#2522,.T.);
#3291=ORIENTED_EDGE('',*,*,#2458,.F.);
#3292=ORIENTED_EDGE('',*,*,#2523,.F.);
#3293=ORIENTED_EDGE('',*,*,#2496,.F.);
#3294=ORIENTED_EDGE('',*,*,#2487,.F.);
#3295=ORIENTED_EDGE('',*,*,#2524,.F.);
#3296=ORIENTED_EDGE('',*,*,#2507,.T.);
#3297=ORIENTED_EDGE('',*,*,#2509,.F.);
#3298=ORIENTED_EDGE('',*,*,#2525,.T.);
#3299=ORIENTED_EDGE('',*,*,#2485,.F.);
#3300=ORIENTED_EDGE('',*,*,#2526,.F.);
#3301=ORIENTED_EDGE('',*,*,#2508,.F.);
#3302=ORIENTED_EDGE('',*,*,#2524,.T.);
#3303=ORIENTED_EDGE('',*,*,#2486,.F.);
#3304=ORIENTED_EDGE('',*,*,#2525,.F.);
#3305=ORIENTED_EDGE('',*,*,#2480,.F.);
#3306=ORIENTED_EDGE('',*,*,#2510,.F.);
#3307=ORIENTED_EDGE('',*,*,#2526,.T.);
#3308=ORIENTED_EDGE('',*,*,#2484,.F.);
#3309=ORIENTED_EDGE('',*,*,#2527,.F.);
#3310=ORIENTED_EDGE('',*,*,#2528,.T.);
#3311=ORIENTED_EDGE('',*,*,#2529,.F.);
#3312=ORIENTED_EDGE('',*,*,#2530,.T.);
#3313=ORIENTED_EDGE('',*,*,#2531,.T.);
#3314=ORIENTED_EDGE('',*,*,#2532,.F.);
#3315=ORIENTED_EDGE('',*,*,#2533,.T.);
#3316=ORIENTED_EDGE('',*,*,#2534,.F.);
#3317=ORIENTED_EDGE('',*,*,#2535,.T.);
#3318=ORIENTED_EDGE('',*,*,#2536,.F.);
#3319=ORIENTED_EDGE('',*,*,#2537,.T.);
#3320=ORIENTED_EDGE('',*,*,#2532,.T.);
#3321=ORIENTED_EDGE('',*,*,#2538,.F.);
#3322=ORIENTED_EDGE('',*,*,#2539,.T.);
#3323=ORIENTED_EDGE('',*,*,#2540,.F.);
#3324=ORIENTED_EDGE('',*,*,#2528,.F.);
#3325=ORIENTED_EDGE('',*,*,#2531,.F.);
#3326=ORIENTED_EDGE('',*,*,#2530,.F.);
#3327=ORIENTED_EDGE('',*,*,#2541,.F.);
#3328=ORIENTED_EDGE('',*,*,#2542,.F.);
#3329=ORIENTED_EDGE('',*,*,#2538,.T.);
#3330=ORIENTED_EDGE('',*,*,#2543,.F.);
#3331=ORIENTED_EDGE('',*,*,#2544,.F.);
#3332=ORIENTED_EDGE('',*,*,#2536,.T.);
#3333=ORIENTED_EDGE('',*,*,#2537,.F.);
#3334=ORIENTED_EDGE('',*,*,#2544,.T.);
#3335=ORIENTED_EDGE('',*,*,#2545,.F.);
#3336=ORIENTED_EDGE('',*,*,#2533,.F.);
#3337=ORIENTED_EDGE('',*,*,#2535,.F.);
#3338=ORIENTED_EDGE('',*,*,#2542,.T.);
#3339=ORIENTED_EDGE('',*,*,#2546,.F.);
#3340=ORIENTED_EDGE('',*,*,#2539,.F.);
#3341=ORIENTED_EDGE('',*,*,#2527,.T.);
#3342=ORIENTED_EDGE('',*,*,#2534,.T.);
#3343=ORIENTED_EDGE('',*,*,#2545,.T.);
#3344=ORIENTED_EDGE('',*,*,#2543,.T.);
#3345=ORIENTED_EDGE('',*,*,#2547,.F.);
#3346=ORIENTED_EDGE('',*,*,#2548,.T.);
#3347=ORIENTED_EDGE('',*,*,#2549,.F.);
#3348=ORIENTED_EDGE('',*,*,#2550,.T.);
#3349=ORIENTED_EDGE('',*,*,#2551,.T.);
#3350=ORIENTED_EDGE('',*,*,#2552,.F.);
#3351=ORIENTED_EDGE('',*,*,#2553,.T.);
#3352=ORIENTED_EDGE('',*,*,#2554,.F.);
#3353=ORIENTED_EDGE('',*,*,#2555,.T.);
#3354=ORIENTED_EDGE('',*,*,#2556,.F.);
#3355=ORIENTED_EDGE('',*,*,#2557,.T.);
#3356=ORIENTED_EDGE('',*,*,#2552,.T.);
#3357=ORIENTED_EDGE('',*,*,#2558,.F.);
#3358=ORIENTED_EDGE('',*,*,#2559,.T.);
#3359=ORIENTED_EDGE('',*,*,#2560,.F.);
#3360=ORIENTED_EDGE('',*,*,#2548,.F.);
#3361=ORIENTED_EDGE('',*,*,#2551,.F.);
#3362=ORIENTED_EDGE('',*,*,#2550,.F.);
#3363=ORIENTED_EDGE('',*,*,#2561,.F.);
#3364=ORIENTED_EDGE('',*,*,#2562,.F.);
#3365=ORIENTED_EDGE('',*,*,#2558,.T.);
#3366=ORIENTED_EDGE('',*,*,#2563,.F.);
#3367=ORIENTED_EDGE('',*,*,#2564,.F.);
#3368=ORIENTED_EDGE('',*,*,#2556,.T.);
#3369=ORIENTED_EDGE('',*,*,#2557,.F.);
#3370=ORIENTED_EDGE('',*,*,#2564,.T.);
#3371=ORIENTED_EDGE('',*,*,#2565,.F.);
#3372=ORIENTED_EDGE('',*,*,#2553,.F.);
#3373=ORIENTED_EDGE('',*,*,#2555,.F.);
#3374=ORIENTED_EDGE('',*,*,#2562,.T.);
#3375=ORIENTED_EDGE('',*,*,#2566,.F.);
#3376=ORIENTED_EDGE('',*,*,#2559,.F.);
#3377=ORIENTED_EDGE('',*,*,#2547,.T.);
#3378=ORIENTED_EDGE('',*,*,#2554,.T.);
#3379=ORIENTED_EDGE('',*,*,#2565,.T.);
#3380=ORIENTED_EDGE('',*,*,#2563,.T.);
#3381=ORIENTED_EDGE('',*,*,#2546,.T.);
#3382=ORIENTED_EDGE('',*,*,#2567,.T.);
#3383=ORIENTED_EDGE('',*,*,#2568,.T.);
#3384=ORIENTED_EDGE('',*,*,#2569,.F.);
#3385=ORIENTED_EDGE('',*,*,#2566,.T.);
#3386=ORIENTED_EDGE('',*,*,#2570,.T.);
#3387=ORIENTED_EDGE('',*,*,#2571,.T.);
#3388=ORIENTED_EDGE('',*,*,#2572,.F.);
#3389=ORIENTED_EDGE('',*,*,#2573,.F.);
#3390=ORIENTED_EDGE('',*,*,#2574,.T.);
#3391=ORIENTED_EDGE('',*,*,#2465,.F.);
#3392=ORIENTED_EDGE('',*,*,#2575,.T.);
#3393=ORIENTED_EDGE('',*,*,#2541,.T.);
#3394=ORIENTED_EDGE('',*,*,#2576,.F.);
#3395=ORIENTED_EDGE('',*,*,#2577,.T.);
#3396=ORIENTED_EDGE('',*,*,#2567,.F.);
#3397=ORIENTED_EDGE('',*,*,#2578,.F.);
#3398=ORIENTED_EDGE('',*,*,#2579,.T.);
#3399=ORIENTED_EDGE('',*,*,#2580,.T.);
#3400=ORIENTED_EDGE('',*,*,#2574,.F.);
#3401=ORIENTED_EDGE('',*,*,#2577,.F.);
#3402=ORIENTED_EDGE('',*,*,#2575,.F.);
#3403=ORIENTED_EDGE('',*,*,#2581,.F.);
#3404=ORIENTED_EDGE('',*,*,#2582,.F.);
#3405=ORIENTED_EDGE('',*,*,#2540,.T.);
#3406=ORIENTED_EDGE('',*,*,#2569,.T.);
#3407=ORIENTED_EDGE('',*,*,#2578,.T.);
#3408=ORIENTED_EDGE('',*,*,#2583,.F.);
#3409=ORIENTED_EDGE('',*,*,#2568,.F.);
#3410=ORIENTED_EDGE('',*,*,#2582,.T.);
#3411=ORIENTED_EDGE('',*,*,#2515,.F.);
#3412=ORIENTED_EDGE('',*,*,#2579,.F.);
#3413=ORIENTED_EDGE('',*,*,#2529,.T.);
#3414=ORIENTED_EDGE('',*,*,#2583,.T.);
#3415=ORIENTED_EDGE('',*,*,#2573,.T.);
#3416=ORIENTED_EDGE('',*,*,#2576,.T.);
#3417=ORIENTED_EDGE('',*,*,#2584,.F.);
#3418=ORIENTED_EDGE('',*,*,#2585,.T.);
#3419=ORIENTED_EDGE('',*,*,#2493,.F.);
#3420=ORIENTED_EDGE('',*,*,#2586,.T.);
#3421=ORIENTED_EDGE('',*,*,#2561,.T.);
#3422=ORIENTED_EDGE('',*,*,#2587,.F.);
#3423=ORIENTED_EDGE('',*,*,#2588,.T.);
#3424=ORIENTED_EDGE('',*,*,#2570,.F.);
#3425=ORIENTED_EDGE('',*,*,#2589,.F.);
#3426=ORIENTED_EDGE('',*,*,#2590,.T.);
#3427=ORIENTED_EDGE('',*,*,#2591,.F.);
#3428=ORIENTED_EDGE('',*,*,#2585,.F.);
#3429=ORIENTED_EDGE('',*,*,#2588,.F.);
#3430=ORIENTED_EDGE('',*,*,#2586,.F.);
#3431=ORIENTED_EDGE('',*,*,#2592,.F.);
#3432=ORIENTED_EDGE('',*,*,#2593,.F.);
#3433=ORIENTED_EDGE('',*,*,#2560,.T.);
#3434=ORIENTED_EDGE('',*,*,#2572,.T.);
#3435=ORIENTED_EDGE('',*,*,#2589,.T.);
#3436=ORIENTED_EDGE('',*,*,#2594,.F.);
#3437=ORIENTED_EDGE('',*,*,#2571,.F.);
#3438=ORIENTED_EDGE('',*,*,#2593,.T.);
#3439=ORIENTED_EDGE('',*,*,#2503,.F.);
#3440=ORIENTED_EDGE('',*,*,#2590,.F.);
#3441=ORIENTED_EDGE('',*,*,#2549,.T.);
#3442=ORIENTED_EDGE('',*,*,#2594,.T.);
#3443=ORIENTED_EDGE('',*,*,#2584,.T.);
#3444=ORIENTED_EDGE('',*,*,#2587,.T.);
#3445=ORIENTED_EDGE('',*,*,#2514,.F.);
#3446=ORIENTED_EDGE('',*,*,#2512,.T.);
#3447=ORIENTED_EDGE('',*,*,#2466,.F.);
#3448=ORIENTED_EDGE('',*,*,#2580,.F.);
#3449=ORIENTED_EDGE('',*,*,#2511,.F.);
#3450=ORIENTED_EDGE('',*,*,#2505,.F.);
#3451=ORIENTED_EDGE('',*,*,#2595,.T.);
#3452=ORIENTED_EDGE('',*,*,#2491,.F.);
#3453=ORIENTED_EDGE('',*,*,#2504,.F.);
#3454=ORIENTED_EDGE('',*,*,#2592,.T.);
#3455=ORIENTED_EDGE('',*,*,#2492,.F.);
#3456=ORIENTED_EDGE('',*,*,#2595,.F.);
#3457=ORIENTED_EDGE('',*,*,#2591,.T.);
#3458=ORIENTED_EDGE('',*,*,#2502,.T.);
#3459=ORIENTED_EDGE('',*,*,#2596,.T.);
#3460=ORIENTED_EDGE('',*,*,#2494,.F.);
#3461=ORIENTED_EDGE('',*,*,#2495,.F.);
#3462=ORIENTED_EDGE('',*,*,#2597,.T.);
#3463=ORIENTED_EDGE('',*,*,#2598,.F.);
#3464=ORIENTED_EDGE('',*,*,#2599,.T.);
#3465=ORIENTED_EDGE('',*,*,#2596,.F.);
#3466=ORIENTED_EDGE('',*,*,#2600,.T.);
#3467=ORIENTED_EDGE('',*,*,#2601,.F.);
#3468=ORIENTED_EDGE('',*,*,#2597,.F.);
#3469=ORIENTED_EDGE('',*,*,#2482,.F.);
#3470=ORIENTED_EDGE('',*,*,#2599,.F.);
#3471=ORIENTED_EDGE('',*,*,#2602,.F.);
#3472=ORIENTED_EDGE('',*,*,#2603,.F.);
#3473=ORIENTED_EDGE('',*,*,#2501,.F.);
#3474=ORIENTED_EDGE('',*,*,#2603,.T.);
#3475=ORIENTED_EDGE('',*,*,#2604,.F.);
#3476=ORIENTED_EDGE('',*,*,#2600,.F.);
#3477=ORIENTED_EDGE('',*,*,#2463,.F.);
#3478=ORIENTED_EDGE('',*,*,#2605,.T.);
#3479=ORIENTED_EDGE('',*,*,#2606,.F.);
#3480=ORIENTED_EDGE('',*,*,#2607,.T.);
#3481=ORIENTED_EDGE('',*,*,#2581,.T.);
#3482=ORIENTED_EDGE('',*,*,#2464,.F.);
#3483=ORIENTED_EDGE('',*,*,#2608,.T.);
#3484=ORIENTED_EDGE('',*,*,#2516,.F.);
#3485=ORIENTED_EDGE('',*,*,#2609,.F.);
#3486=ORIENTED_EDGE('',*,*,#2610,.T.);
#3487=ORIENTED_EDGE('',*,*,#2611,.F.);
#3488=ORIENTED_EDGE('',*,*,#2605,.F.);
#3489=ORIENTED_EDGE('',*,*,#2608,.F.);
#3490=ORIENTED_EDGE('',*,*,#2607,.F.);
#3491=ORIENTED_EDGE('',*,*,#2612,.F.);
#3492=ORIENTED_EDGE('',*,*,#2613,.F.);
#3493=ORIENTED_EDGE('',*,*,#2474,.F.);
#3494=ORIENTED_EDGE('',*,*,#2518,.T.);
#3495=ORIENTED_EDGE('',*,*,#2609,.T.);
#3496=ORIENTED_EDGE('',*,*,#2462,.F.);
#3497=ORIENTED_EDGE('',*,*,#2517,.F.);
#3498=ORIENTED_EDGE('',*,*,#2613,.T.);
#3499=ORIENTED_EDGE('',*,*,#2614,.F.);
#3500=ORIENTED_EDGE('',*,*,#2610,.F.);
#3501=ORIENTED_EDGE('',*,*,#2604,.T.);
#3502=ORIENTED_EDGE('',*,*,#2615,.T.);
#3503=ORIENTED_EDGE('',*,*,#2616,.T.);
#3504=ORIENTED_EDGE('',*,*,#2617,.F.);
#3505=ORIENTED_EDGE('',*,*,#2614,.T.);
#3506=ORIENTED_EDGE('',*,*,#2618,.T.);
#3507=ORIENTED_EDGE('',*,*,#2619,.T.);
#3508=ORIENTED_EDGE('',*,*,#2620,.F.);
#3509=ORIENTED_EDGE('',*,*,#2621,.F.);
#3510=ORIENTED_EDGE('',*,*,#2622,.T.);
#3511=ORIENTED_EDGE('',*,*,#2412,.F.);
#3512=ORIENTED_EDGE('',*,*,#2623,.T.);
#3513=ORIENTED_EDGE('',*,*,#2602,.T.);
#3514=ORIENTED_EDGE('',*,*,#2624,.F.);
#3515=ORIENTED_EDGE('',*,*,#2625,.T.);
#3516=ORIENTED_EDGE('',*,*,#2615,.F.);
#3517=ORIENTED_EDGE('',*,*,#2626,.F.);
#3518=ORIENTED_EDGE('',*,*,#2627,.T.);
#3519=ORIENTED_EDGE('',*,*,#2449,.F.);
#3520=ORIENTED_EDGE('',*,*,#2622,.F.);
#3521=ORIENTED_EDGE('',*,*,#2625,.F.);
#3522=ORIENTED_EDGE('',*,*,#2623,.F.);
#3523=ORIENTED_EDGE('',*,*,#2628,.F.);
#3524=ORIENTED_EDGE('',*,*,#2629,.F.);
#3525=ORIENTED_EDGE('',*,*,#2601,.T.);
#3526=ORIENTED_EDGE('',*,*,#2617,.T.);
#3527=ORIENTED_EDGE('',*,*,#2626,.T.);
#3528=ORIENTED_EDGE('',*,*,#2630,.F.);
#3529=ORIENTED_EDGE('',*,*,#2616,.F.);
#3530=ORIENTED_EDGE('',*,*,#2629,.T.);
#3531=ORIENTED_EDGE('',*,*,#2396,.F.);
#3532=ORIENTED_EDGE('',*,*,#2627,.F.);
#3533=ORIENTED_EDGE('',*,*,#2598,.T.);
#3534=ORIENTED_EDGE('',*,*,#2630,.T.);
#3535=ORIENTED_EDGE('',*,*,#2621,.T.);
#3536=ORIENTED_EDGE('',*,*,#2624,.T.);
#3537=ORIENTED_EDGE('',*,*,#2631,.F.);
#3538=ORIENTED_EDGE('',*,*,#2632,.T.);
#3539=ORIENTED_EDGE('',*,*,#2418,.F.);
#3540=ORIENTED_EDGE('',*,*,#2633,.T.);
#3541=ORIENTED_EDGE('',*,*,#2612,.T.);
#3542=ORIENTED_EDGE('',*,*,#2634,.F.);
#3543=ORIENTED_EDGE('',*,*,#2635,.T.);
#3544=ORIENTED_EDGE('',*,*,#2618,.F.);
#3545=ORIENTED_EDGE('',*,*,#2636,.F.);
#3546=ORIENTED_EDGE('',*,*,#2637,.T.);
#3547=ORIENTED_EDGE('',*,*,#2448,.F.);
#3548=ORIENTED_EDGE('',*,*,#2632,.F.);
#3549=ORIENTED_EDGE('',*,*,#2635,.F.);
#3550=ORIENTED_EDGE('',*,*,#2633,.F.);
#3551=ORIENTED_EDGE('',*,*,#2450,.F.);
#3552=ORIENTED_EDGE('',*,*,#2638,.F.);
#3553=ORIENTED_EDGE('',*,*,#2611,.T.);
#3554=ORIENTED_EDGE('',*,*,#2620,.T.);
#3555=ORIENTED_EDGE('',*,*,#2636,.T.);
#3556=ORIENTED_EDGE('',*,*,#2639,.F.);
#3557=ORIENTED_EDGE('',*,*,#2619,.F.);
#3558=ORIENTED_EDGE('',*,*,#2638,.T.);
#3559=ORIENTED_EDGE('',*,*,#2390,.F.);
#3560=ORIENTED_EDGE('',*,*,#2637,.F.);
#3561=ORIENTED_EDGE('',*,*,#2606,.T.);
#3562=ORIENTED_EDGE('',*,*,#2639,.T.);
#3563=ORIENTED_EDGE('',*,*,#2631,.T.);
#3564=ORIENTED_EDGE('',*,*,#2634,.T.);
#3565=ORIENTED_EDGE('',*,*,#2403,.F.);
#3566=ORIENTED_EDGE('',*,*,#2397,.F.);
#3567=ORIENTED_EDGE('',*,*,#2628,.T.);
#3568=ORIENTED_EDGE('',*,*,#2411,.F.);
#3569=ORIENTED_EDGE('',*,*,#2640,.T.);
#3570=ORIENTED_EDGE('',*,*,#2641,.T.);
#3571=ORIENTED_EDGE('',*,*,#2642,.T.);
#3572=ORIENTED_EDGE('',*,*,#2643,.F.);
#3573=ORIENTED_EDGE('',*,*,#2644,.T.);
#3574=ORIENTED_EDGE('',*,*,#2645,.T.);
#3575=ORIENTED_EDGE('',*,*,#2646,.T.);
#3576=ORIENTED_EDGE('',*,*,#2641,.F.);
#3577=ORIENTED_EDGE('',*,*,#2647,.T.);
#3578=ORIENTED_EDGE('',*,*,#2648,.T.);
#3579=ORIENTED_EDGE('',*,*,#2649,.T.);
#3580=ORIENTED_EDGE('',*,*,#2645,.F.);
#3581=ORIENTED_EDGE('',*,*,#2650,.T.);
#3582=ORIENTED_EDGE('',*,*,#2648,.F.);
#3583=ORIENTED_EDGE('',*,*,#2651,.T.);
#3584=ORIENTED_EDGE('',*,*,#2643,.T.);
#3585=ORIENTED_EDGE('',*,*,#2650,.F.);
#3586=ORIENTED_EDGE('',*,*,#2652,.F.);
#3587=ORIENTED_EDGE('',*,*,#2653,.T.);
#3588=ORIENTED_EDGE('',*,*,#2654,.F.);
#3589=ORIENTED_EDGE('',*,*,#2642,.F.);
#3590=ORIENTED_EDGE('',*,*,#2655,.F.);
#3591=ORIENTED_EDGE('',*,*,#2656,.T.);
#3592=ORIENTED_EDGE('',*,*,#2652,.T.);
#3593=ORIENTED_EDGE('',*,*,#2657,.F.);
#3594=ORIENTED_EDGE('',*,*,#2658,.F.);
#3595=ORIENTED_EDGE('',*,*,#2659,.F.);
#3596=ORIENTED_EDGE('',*,*,#2660,.F.);
#3597=ORIENTED_EDGE('',*,*,#2661,.F.);
#3598=ORIENTED_EDGE('',*,*,#2662,.F.);
#3599=ORIENTED_EDGE('',*,*,#2663,.F.);
#3600=ORIENTED_EDGE('',*,*,#2664,.F.);
#3601=ORIENTED_EDGE('',*,*,#2665,.F.);
#3602=ORIENTED_EDGE('',*,*,#2666,.F.);
#3603=ORIENTED_EDGE('',*,*,#2667,.F.);
#3604=ORIENTED_EDGE('',*,*,#2668,.F.);
#3605=ORIENTED_EDGE('',*,*,#2669,.F.);
#3606=ORIENTED_EDGE('',*,*,#2670,.F.);
#3607=ORIENTED_EDGE('',*,*,#2671,.F.);
#3608=ORIENTED_EDGE('',*,*,#2672,.F.);
#3609=ORIENTED_EDGE('',*,*,#2673,.F.);
#3610=ORIENTED_EDGE('',*,*,#2674,.F.);
#3611=ORIENTED_EDGE('',*,*,#2675,.F.);
#3612=ORIENTED_EDGE('',*,*,#2676,.F.);
#3613=ORIENTED_EDGE('',*,*,#2677,.F.);
#3614=ORIENTED_EDGE('',*,*,#2678,.F.);
#3615=ORIENTED_EDGE('',*,*,#2679,.F.);
#3616=ORIENTED_EDGE('',*,*,#2680,.F.);
#3617=ORIENTED_EDGE('',*,*,#2681,.F.);
#3618=ORIENTED_EDGE('',*,*,#2682,.F.);
#3619=ORIENTED_EDGE('',*,*,#2683,.F.);
#3620=ORIENTED_EDGE('',*,*,#2684,.F.);
#3621=ORIENTED_EDGE('',*,*,#2685,.F.);
#3622=ORIENTED_EDGE('',*,*,#2686,.F.);
#3623=ORIENTED_EDGE('',*,*,#2687,.F.);
#3624=ORIENTED_EDGE('',*,*,#2688,.F.);
#3625=ORIENTED_EDGE('',*,*,#2689,.F.);
#3626=ORIENTED_EDGE('',*,*,#2690,.F.);
#3627=ORIENTED_EDGE('',*,*,#2691,.F.);
#3628=ORIENTED_EDGE('',*,*,#2692,.F.);
#3629=ORIENTED_EDGE('',*,*,#2693,.F.);
#3630=ORIENTED_EDGE('',*,*,#2694,.F.);
#3631=ORIENTED_EDGE('',*,*,#2695,.F.);
#3632=ORIENTED_EDGE('',*,*,#2696,.F.);
#3633=ORIENTED_EDGE('',*,*,#2697,.F.);
#3634=ORIENTED_EDGE('',*,*,#2698,.F.);
#3635=ORIENTED_EDGE('',*,*,#2699,.F.);
#3636=ORIENTED_EDGE('',*,*,#2700,.F.);
#3637=ORIENTED_EDGE('',*,*,#2640,.F.);
#3638=ORIENTED_EDGE('',*,*,#2651,.F.);
#3639=ORIENTED_EDGE('',*,*,#2647,.F.);
#3640=ORIENTED_EDGE('',*,*,#2644,.F.);
#3641=ORIENTED_EDGE('',*,*,#2677,.T.);
#3642=ORIENTED_EDGE('',*,*,#2701,.T.);
#3643=ORIENTED_EDGE('',*,*,#2702,.T.);
#3644=ORIENTED_EDGE('',*,*,#2703,.F.);
#3645=ORIENTED_EDGE('',*,*,#2680,.T.);
#3646=ORIENTED_EDGE('',*,*,#2704,.T.);
#3647=ORIENTED_EDGE('',*,*,#2705,.T.);
#3648=ORIENTED_EDGE('',*,*,#2701,.F.);
#3649=ORIENTED_EDGE('',*,*,#2679,.T.);
#3650=ORIENTED_EDGE('',*,*,#2706,.T.);
#3651=ORIENTED_EDGE('',*,*,#2707,.T.);
#3652=ORIENTED_EDGE('',*,*,#2704,.F.);
#3653=ORIENTED_EDGE('',*,*,#2708,.T.);
#3654=ORIENTED_EDGE('',*,*,#2706,.F.);
#3655=ORIENTED_EDGE('',*,*,#2678,.T.);
#3656=ORIENTED_EDGE('',*,*,#2703,.T.);
#3657=ORIENTED_EDGE('',*,*,#2708,.F.);
#3658=ORIENTED_EDGE('',*,*,#2709,.F.);
#3659=ORIENTED_EDGE('',*,*,#2710,.F.);
#3660=ORIENTED_EDGE('',*,*,#2711,.F.);
#3661=ORIENTED_EDGE('',*,*,#2702,.F.);
#3662=ORIENTED_EDGE('',*,*,#2712,.F.);
#3663=ORIENTED_EDGE('',*,*,#2713,.F.);
#3664=ORIENTED_EDGE('',*,*,#2709,.T.);
#3665=ORIENTED_EDGE('',*,*,#2697,.T.);
#3666=ORIENTED_EDGE('',*,*,#2714,.T.);
#3667=ORIENTED_EDGE('',*,*,#2715,.T.);
#3668=ORIENTED_EDGE('',*,*,#2716,.F.);
#3669=ORIENTED_EDGE('',*,*,#2700,.T.);
#3670=ORIENTED_EDGE('',*,*,#2717,.T.);
#3671=ORIENTED_EDGE('',*,*,#2718,.T.);
#3672=ORIENTED_EDGE('',*,*,#2714,.F.);
#3673=ORIENTED_EDGE('',*,*,#2699,.T.);
#3674=ORIENTED_EDGE('',*,*,#2719,.T.);
#3675=ORIENTED_EDGE('',*,*,#2720,.T.);
#3676=ORIENTED_EDGE('',*,*,#2717,.F.);
#3677=ORIENTED_EDGE('',*,*,#2721,.T.);
#3678=ORIENTED_EDGE('',*,*,#2719,.F.);
#3679=ORIENTED_EDGE('',*,*,#2698,.T.);
#3680=ORIENTED_EDGE('',*,*,#2716,.T.);
#3681=ORIENTED_EDGE('',*,*,#2721,.F.);
#3682=ORIENTED_EDGE('',*,*,#2722,.F.);
#3683=ORIENTED_EDGE('',*,*,#2723,.F.);
#3684=ORIENTED_EDGE('',*,*,#2724,.F.);
#3685=ORIENTED_EDGE('',*,*,#2715,.F.);
#3686=ORIENTED_EDGE('',*,*,#2725,.F.);
#3687=ORIENTED_EDGE('',*,*,#2726,.F.);
#3688=ORIENTED_EDGE('',*,*,#2722,.T.);
#3689=ORIENTED_EDGE('',*,*,#2681,.T.);
#3690=ORIENTED_EDGE('',*,*,#2727,.T.);
#3691=ORIENTED_EDGE('',*,*,#2728,.T.);
#3692=ORIENTED_EDGE('',*,*,#2729,.F.);
#3693=ORIENTED_EDGE('',*,*,#2684,.T.);
#3694=ORIENTED_EDGE('',*,*,#2730,.T.);
#3695=ORIENTED_EDGE('',*,*,#2731,.T.);
#3696=ORIENTED_EDGE('',*,*,#2727,.F.);
#3697=ORIENTED_EDGE('',*,*,#2683,.T.);
#3698=ORIENTED_EDGE('',*,*,#2732,.T.);
#3699=ORIENTED_EDGE('',*,*,#2733,.T.);
#3700=ORIENTED_EDGE('',*,*,#2730,.F.);
#3701=ORIENTED_EDGE('',*,*,#2734,.T.);
#3702=ORIENTED_EDGE('',*,*,#2732,.F.);
#3703=ORIENTED_EDGE('',*,*,#2682,.T.);
#3704=ORIENTED_EDGE('',*,*,#2729,.T.);
#3705=ORIENTED_EDGE('',*,*,#2734,.F.);
#3706=ORIENTED_EDGE('',*,*,#2735,.F.);
#3707=ORIENTED_EDGE('',*,*,#2736,.F.);
#3708=ORIENTED_EDGE('',*,*,#2737,.F.);
#3709=ORIENTED_EDGE('',*,*,#2738,.F.);
#3710=ORIENTED_EDGE('',*,*,#2739,.F.);
#3711=ORIENTED_EDGE('',*,*,#2740,.T.);
#3712=ORIENTED_EDGE('',*,*,#2741,.F.);
#3713=ORIENTED_EDGE('',*,*,#2728,.F.);
#3714=ORIENTED_EDGE('',*,*,#2742,.F.);
#3715=ORIENTED_EDGE('',*,*,#2743,.F.);
#3716=ORIENTED_EDGE('',*,*,#2735,.T.);
#3717=ORIENTED_EDGE('',*,*,#2693,.T.);
#3718=ORIENTED_EDGE('',*,*,#2744,.T.);
#3719=ORIENTED_EDGE('',*,*,#2745,.T.);
#3720=ORIENTED_EDGE('',*,*,#2746,.F.);
#3721=ORIENTED_EDGE('',*,*,#2696,.T.);
#3722=ORIENTED_EDGE('',*,*,#2747,.T.);
#3723=ORIENTED_EDGE('',*,*,#2748,.T.);
#3724=ORIENTED_EDGE('',*,*,#2744,.F.);
#3725=ORIENTED_EDGE('',*,*,#2695,.T.);
#3726=ORIENTED_EDGE('',*,*,#2749,.T.);
#3727=ORIENTED_EDGE('',*,*,#2750,.T.);
#3728=ORIENTED_EDGE('',*,*,#2747,.F.);
#3729=ORIENTED_EDGE('',*,*,#2751,.T.);
#3730=ORIENTED_EDGE('',*,*,#2749,.F.);
#3731=ORIENTED_EDGE('',*,*,#2694,.T.);
#3732=ORIENTED_EDGE('',*,*,#2746,.T.);
#3733=ORIENTED_EDGE('',*,*,#2751,.F.);
#3734=ORIENTED_EDGE('',*,*,#2752,.F.);
#3735=ORIENTED_EDGE('',*,*,#2753,.F.);
#3736=ORIENTED_EDGE('',*,*,#2754,.F.);
#3737=ORIENTED_EDGE('',*,*,#2745,.F.);
#3738=ORIENTED_EDGE('',*,*,#2755,.F.);
#3739=ORIENTED_EDGE('',*,*,#2756,.F.);
#3740=ORIENTED_EDGE('',*,*,#2752,.T.);
#3741=ORIENTED_EDGE('',*,*,#2685,.T.);
#3742=ORIENTED_EDGE('',*,*,#2757,.T.);
#3743=ORIENTED_EDGE('',*,*,#2758,.T.);
#3744=ORIENTED_EDGE('',*,*,#2759,.F.);
#3745=ORIENTED_EDGE('',*,*,#2688,.T.);
#3746=ORIENTED_EDGE('',*,*,#2760,.T.);
#3747=ORIENTED_EDGE('',*,*,#2761,.T.);
#3748=ORIENTED_EDGE('',*,*,#2757,.F.);
#3749=ORIENTED_EDGE('',*,*,#2687,.T.);
#3750=ORIENTED_EDGE('',*,*,#2762,.T.);
#3751=ORIENTED_EDGE('',*,*,#2763,.T.);
#3752=ORIENTED_EDGE('',*,*,#2760,.F.);
#3753=ORIENTED_EDGE('',*,*,#2764,.T.);
#3754=ORIENTED_EDGE('',*,*,#2762,.F.);
#3755=ORIENTED_EDGE('',*,*,#2686,.T.);
#3756=ORIENTED_EDGE('',*,*,#2759,.T.);
#3757=ORIENTED_EDGE('',*,*,#2764,.F.);
#3758=ORIENTED_EDGE('',*,*,#2765,.F.);
#3759=ORIENTED_EDGE('',*,*,#2766,.F.);
#3760=ORIENTED_EDGE('',*,*,#2767,.F.);
#3761=ORIENTED_EDGE('',*,*,#2758,.F.);
#3762=ORIENTED_EDGE('',*,*,#2768,.F.);
#3763=ORIENTED_EDGE('',*,*,#2769,.F.);
#3764=ORIENTED_EDGE('',*,*,#2765,.T.);
#3765=ORIENTED_EDGE('',*,*,#2689,.T.);
#3766=ORIENTED_EDGE('',*,*,#2770,.T.);
#3767=ORIENTED_EDGE('',*,*,#2771,.T.);
#3768=ORIENTED_EDGE('',*,*,#2772,.F.);
#3769=ORIENTED_EDGE('',*,*,#2692,.T.);
#3770=ORIENTED_EDGE('',*,*,#2773,.T.);
#3771=ORIENTED_EDGE('',*,*,#2774,.T.);
#3772=ORIENTED_EDGE('',*,*,#2770,.F.);
#3773=ORIENTED_EDGE('',*,*,#2691,.T.);
#3774=ORIENTED_EDGE('',*,*,#2775,.T.);
#3775=ORIENTED_EDGE('',*,*,#2776,.T.);
#3776=ORIENTED_EDGE('',*,*,#2773,.F.);
#3777=ORIENTED_EDGE('',*,*,#2777,.T.);
#3778=ORIENTED_EDGE('',*,*,#2775,.F.);
#3779=ORIENTED_EDGE('',*,*,#2690,.T.);
#3780=ORIENTED_EDGE('',*,*,#2772,.T.);
#3781=ORIENTED_EDGE('',*,*,#2777,.F.);
#3782=ORIENTED_EDGE('',*,*,#2778,.F.);
#3783=ORIENTED_EDGE('',*,*,#2779,.F.);
#3784=ORIENTED_EDGE('',*,*,#2780,.F.);
#3785=ORIENTED_EDGE('',*,*,#2771,.F.);
#3786=ORIENTED_EDGE('',*,*,#2781,.F.);
#3787=ORIENTED_EDGE('',*,*,#2782,.F.);
#3788=ORIENTED_EDGE('',*,*,#2778,.T.);
#3789=ORIENTED_EDGE('',*,*,#2783,.F.);
#3790=ORIENTED_EDGE('',*,*,#2784,.F.);
#3791=ORIENTED_EDGE('',*,*,#2785,.F.);
#3792=ORIENTED_EDGE('',*,*,#2786,.F.);
#3793=ORIENTED_EDGE('',*,*,#2787,.F.);
#3794=ORIENTED_EDGE('',*,*,#2788,.F.);
#3795=ORIENTED_EDGE('',*,*,#2784,.T.);
#3796=ORIENTED_EDGE('',*,*,#2789,.T.);
#3797=ORIENTED_EDGE('',*,*,#2787,.T.);
#3798=ORIENTED_EDGE('',*,*,#2790,.T.);
#3799=ORIENTED_EDGE('',*,*,#2791,.F.);
#3800=ORIENTED_EDGE('',*,*,#2792,.F.);
#3801=ORIENTED_EDGE('',*,*,#2793,.F.);
#3802=ORIENTED_EDGE('',*,*,#2794,.F.);
#3803=ORIENTED_EDGE('',*,*,#2795,.F.);
#3804=ORIENTED_EDGE('',*,*,#2796,.F.);
#3805=ORIENTED_EDGE('',*,*,#2792,.T.);
#3806=ORIENTED_EDGE('',*,*,#2797,.T.);
#3807=ORIENTED_EDGE('',*,*,#2795,.T.);
#3808=ORIENTED_EDGE('',*,*,#2798,.T.);
#3809=ORIENTED_EDGE('',*,*,#2799,.T.);
#3810=ORIENTED_EDGE('',*,*,#2800,.T.);
#3811=ORIENTED_EDGE('',*,*,#2796,.T.);
#3812=ORIENTED_EDGE('',*,*,#2801,.T.);
#3813=ORIENTED_EDGE('',*,*,#2794,.T.);
#3814=ORIENTED_EDGE('',*,*,#2802,.T.);
#3815=ORIENTED_EDGE('',*,*,#2788,.T.);
#3816=ORIENTED_EDGE('',*,*,#2803,.T.);
#3817=ORIENTED_EDGE('',*,*,#2783,.T.);
#3818=ORIENTED_EDGE('',*,*,#2675,.T.);
#3819=ORIENTED_EDGE('',*,*,#2793,.T.);
#3820=ORIENTED_EDGE('',*,*,#2804,.T.);
#3821=ORIENTED_EDGE('',*,*,#2805,.T.);
#3822=ORIENTED_EDGE('',*,*,#2791,.T.);
#3823=ORIENTED_EDGE('',*,*,#2674,.T.);
#3824=ORIENTED_EDGE('',*,*,#2806,.T.);
#3825=ORIENTED_EDGE('',*,*,#2807,.T.);
#3826=ORIENTED_EDGE('',*,*,#2808,.T.);
#3827=ORIENTED_EDGE('',*,*,#2786,.T.);
#3828=ORIENTED_EDGE('',*,*,#2809,.T.);
#3829=ORIENTED_EDGE('',*,*,#2810,.T.);
#3830=ORIENTED_EDGE('',*,*,#2811,.T.);
#3831=ORIENTED_EDGE('',*,*,#2657,.T.);
#3832=ORIENTED_EDGE('',*,*,#2812,.T.);
#3833=ORIENTED_EDGE('',*,*,#2813,.T.);
#3834=ORIENTED_EDGE('',*,*,#2658,.T.);
#3835=ORIENTED_EDGE('',*,*,#2811,.F.);
#3836=ORIENTED_EDGE('',*,*,#2814,.T.);
#3837=ORIENTED_EDGE('',*,*,#2815,.T.);
#3838=ORIENTED_EDGE('',*,*,#2659,.T.);
#3839=ORIENTED_EDGE('',*,*,#2813,.F.);
#3840=ORIENTED_EDGE('',*,*,#2816,.T.);
#3841=ORIENTED_EDGE('',*,*,#2817,.T.);
#3842=ORIENTED_EDGE('',*,*,#2660,.T.);
#3843=ORIENTED_EDGE('',*,*,#2815,.F.);
#3844=ORIENTED_EDGE('',*,*,#2818,.T.);
#3845=ORIENTED_EDGE('',*,*,#2819,.T.);
#3846=ORIENTED_EDGE('',*,*,#2661,.T.);
#3847=ORIENTED_EDGE('',*,*,#2817,.F.);
#3848=ORIENTED_EDGE('',*,*,#2820,.T.);
#3849=ORIENTED_EDGE('',*,*,#2821,.T.);
#3850=ORIENTED_EDGE('',*,*,#2662,.T.);
#3851=ORIENTED_EDGE('',*,*,#2819,.F.);
#3852=ORIENTED_EDGE('',*,*,#2822,.T.);
#3853=ORIENTED_EDGE('',*,*,#2823,.T.);
#3854=ORIENTED_EDGE('',*,*,#2663,.T.);
#3855=ORIENTED_EDGE('',*,*,#2821,.F.);
#3856=ORIENTED_EDGE('',*,*,#2824,.T.);
#3857=ORIENTED_EDGE('',*,*,#2825,.T.);
#3858=ORIENTED_EDGE('',*,*,#2664,.T.);
#3859=ORIENTED_EDGE('',*,*,#2823,.F.);
#3860=ORIENTED_EDGE('',*,*,#2826,.T.);
#3861=ORIENTED_EDGE('',*,*,#2827,.T.);
#3862=ORIENTED_EDGE('',*,*,#2665,.T.);
#3863=ORIENTED_EDGE('',*,*,#2825,.F.);
#3864=ORIENTED_EDGE('',*,*,#2828,.T.);
#3865=ORIENTED_EDGE('',*,*,#2829,.T.);
#3866=ORIENTED_EDGE('',*,*,#2666,.T.);
#3867=ORIENTED_EDGE('',*,*,#2827,.F.);
#3868=ORIENTED_EDGE('',*,*,#2830,.T.);
#3869=ORIENTED_EDGE('',*,*,#2831,.T.);
#3870=ORIENTED_EDGE('',*,*,#2667,.T.);
#3871=ORIENTED_EDGE('',*,*,#2829,.F.);
#3872=ORIENTED_EDGE('',*,*,#2832,.T.);
#3873=ORIENTED_EDGE('',*,*,#2833,.T.);
#3874=ORIENTED_EDGE('',*,*,#2668,.T.);
#3875=ORIENTED_EDGE('',*,*,#2831,.F.);
#3876=ORIENTED_EDGE('',*,*,#2834,.T.);
#3877=ORIENTED_EDGE('',*,*,#2835,.T.);
#3878=ORIENTED_EDGE('',*,*,#2669,.T.);
#3879=ORIENTED_EDGE('',*,*,#2833,.F.);
#3880=ORIENTED_EDGE('',*,*,#2836,.T.);
#3881=ORIENTED_EDGE('',*,*,#2837,.T.);
#3882=ORIENTED_EDGE('',*,*,#2670,.T.);
#3883=ORIENTED_EDGE('',*,*,#2835,.F.);
#3884=ORIENTED_EDGE('',*,*,#2838,.T.);
#3885=ORIENTED_EDGE('',*,*,#2839,.T.);
#3886=ORIENTED_EDGE('',*,*,#2671,.T.);
#3887=ORIENTED_EDGE('',*,*,#2837,.F.);
#3888=ORIENTED_EDGE('',*,*,#2840,.T.);
#3889=ORIENTED_EDGE('',*,*,#2841,.T.);
#3890=ORIENTED_EDGE('',*,*,#2672,.T.);
#3891=ORIENTED_EDGE('',*,*,#2839,.F.);
#3892=ORIENTED_EDGE('',*,*,#2842,.T.);
#3893=ORIENTED_EDGE('',*,*,#2673,.T.);
#3894=ORIENTED_EDGE('',*,*,#2841,.F.);
#3895=ORIENTED_EDGE('',*,*,#2843,.T.);
#3896=ORIENTED_EDGE('',*,*,#2806,.F.);
#3897=ORIENTED_EDGE('',*,*,#2676,.T.);
#3898=ORIENTED_EDGE('',*,*,#2785,.T.);
#3899=ORIENTED_EDGE('',*,*,#2844,.T.);
#3900=ORIENTED_EDGE('',*,*,#2812,.F.);
#3901=ORIENTED_EDGE('',*,*,#2838,.F.);
#3902=ORIENTED_EDGE('',*,*,#2845,.F.);
#3903=ORIENTED_EDGE('',*,*,#2846,.T.);
#3904=ORIENTED_EDGE('',*,*,#2847,.T.);
#3905=ORIENTED_EDGE('',*,*,#2836,.F.);
#3906=ORIENTED_EDGE('',*,*,#2848,.F.);
#3907=ORIENTED_EDGE('',*,*,#2849,.F.);
#3908=ORIENTED_EDGE('',*,*,#2845,.T.);
#3909=ORIENTED_EDGE('',*,*,#2834,.F.);
#3910=ORIENTED_EDGE('',*,*,#2850,.F.);
#3911=ORIENTED_EDGE('',*,*,#2851,.T.);
#3912=ORIENTED_EDGE('',*,*,#2848,.T.);
#3913=ORIENTED_EDGE('',*,*,#2832,.F.);
#3914=ORIENTED_EDGE('',*,*,#2852,.F.);
#3915=ORIENTED_EDGE('',*,*,#2853,.F.);
#3916=ORIENTED_EDGE('',*,*,#2850,.T.);
#3917=ORIENTED_EDGE('',*,*,#2830,.F.);
#3918=ORIENTED_EDGE('',*,*,#2854,.F.);
#3919=ORIENTED_EDGE('',*,*,#2855,.T.);
#3920=ORIENTED_EDGE('',*,*,#2852,.T.);
#3921=ORIENTED_EDGE('',*,*,#2828,.F.);
#3922=ORIENTED_EDGE('',*,*,#2856,.F.);
#3923=ORIENTED_EDGE('',*,*,#2857,.F.);
#3924=ORIENTED_EDGE('',*,*,#2854,.T.);
#3925=ORIENTED_EDGE('',*,*,#2826,.F.);
#3926=ORIENTED_EDGE('',*,*,#2858,.F.);
#3927=ORIENTED_EDGE('',*,*,#2859,.T.);
#3928=ORIENTED_EDGE('',*,*,#2856,.T.);
#3929=ORIENTED_EDGE('',*,*,#2824,.F.);
#3930=ORIENTED_EDGE('',*,*,#2860,.F.);
#3931=ORIENTED_EDGE('',*,*,#2861,.F.);
#3932=ORIENTED_EDGE('',*,*,#2858,.T.);
#3933=ORIENTED_EDGE('',*,*,#2822,.F.);
#3934=ORIENTED_EDGE('',*,*,#2862,.F.);
#3935=ORIENTED_EDGE('',*,*,#2863,.T.);
#3936=ORIENTED_EDGE('',*,*,#2860,.T.);
#3937=ORIENTED_EDGE('',*,*,#2820,.F.);
#3938=ORIENTED_EDGE('',*,*,#2864,.F.);
#3939=ORIENTED_EDGE('',*,*,#2865,.F.);
#3940=ORIENTED_EDGE('',*,*,#2862,.T.);
#3941=ORIENTED_EDGE('',*,*,#2818,.F.);
#3942=ORIENTED_EDGE('',*,*,#2866,.F.);
#3943=ORIENTED_EDGE('',*,*,#2867,.T.);
#3944=ORIENTED_EDGE('',*,*,#2864,.T.);
#3945=ORIENTED_EDGE('',*,*,#2816,.F.);
#3946=ORIENTED_EDGE('',*,*,#2868,.F.);
#3947=ORIENTED_EDGE('',*,*,#2869,.F.);
#3948=ORIENTED_EDGE('',*,*,#2866,.T.);
#3949=ORIENTED_EDGE('',*,*,#2814,.F.);
#3950=ORIENTED_EDGE('',*,*,#2870,.F.);
#3951=ORIENTED_EDGE('',*,*,#2871,.T.);
#3952=ORIENTED_EDGE('',*,*,#2868,.T.);
#3953=ORIENTED_EDGE('',*,*,#2810,.F.);
#3954=ORIENTED_EDGE('',*,*,#2872,.F.);
#3955=ORIENTED_EDGE('',*,*,#2873,.F.);
#3956=ORIENTED_EDGE('',*,*,#2870,.T.);
#3957=ORIENTED_EDGE('',*,*,#2798,.F.);
#3958=ORIENTED_EDGE('',*,*,#2803,.F.);
#3959=ORIENTED_EDGE('',*,*,#2789,.F.);
#3960=ORIENTED_EDGE('',*,*,#2804,.F.);
#3961=ORIENTED_EDGE('',*,*,#2799,.F.);
#3962=ORIENTED_EDGE('',*,*,#2874,.F.);
#3963=ORIENTED_EDGE('',*,*,#2875,.F.);
#3964=ORIENTED_EDGE('',*,*,#2876,.T.);
#3965=ORIENTED_EDGE('',*,*,#2807,.F.);
#3966=ORIENTED_EDGE('',*,*,#2877,.F.);
#3967=ORIENTED_EDGE('',*,*,#2800,.F.);
#3968=ORIENTED_EDGE('',*,*,#2877,.T.);
#3969=ORIENTED_EDGE('',*,*,#2809,.F.);
#3970=ORIENTED_EDGE('',*,*,#2802,.F.);
#3971=ORIENTED_EDGE('',*,*,#2875,.T.);
#3972=ORIENTED_EDGE('',*,*,#2878,.T.);
#3973=ORIENTED_EDGE('',*,*,#2879,.F.);
#3974=ORIENTED_EDGE('',*,*,#2880,.T.);
#3975=ORIENTED_EDGE('',*,*,#2846,.F.);
#3976=ORIENTED_EDGE('',*,*,#2849,.T.);
#3977=ORIENTED_EDGE('',*,*,#2851,.F.);
#3978=ORIENTED_EDGE('',*,*,#2853,.T.);
#3979=ORIENTED_EDGE('',*,*,#2855,.F.);
#3980=ORIENTED_EDGE('',*,*,#2857,.T.);
#3981=ORIENTED_EDGE('',*,*,#2859,.F.);
#3982=ORIENTED_EDGE('',*,*,#2861,.T.);
#3983=ORIENTED_EDGE('',*,*,#2863,.F.);
#3984=ORIENTED_EDGE('',*,*,#2865,.T.);
#3985=ORIENTED_EDGE('',*,*,#2867,.F.);
#3986=ORIENTED_EDGE('',*,*,#2869,.T.);
#3987=ORIENTED_EDGE('',*,*,#2871,.F.);
#3988=ORIENTED_EDGE('',*,*,#2873,.T.);
#3989=ORIENTED_EDGE('',*,*,#2881,.T.);
#3990=ORIENTED_EDGE('',*,*,#2882,.T.);
#3991=ORIENTED_EDGE('',*,*,#2883,.T.);
#3992=ORIENTED_EDGE('',*,*,#2884,.T.);
#3993=ORIENTED_EDGE('',*,*,#2885,.T.);
#3994=ORIENTED_EDGE('',*,*,#2886,.T.);
#3995=ORIENTED_EDGE('',*,*,#2887,.T.);
#3996=ORIENTED_EDGE('',*,*,#2888,.T.);
#3997=ORIENTED_EDGE('',*,*,#2889,.T.);
#3998=ORIENTED_EDGE('',*,*,#2890,.T.);
#3999=ORIENTED_EDGE('',*,*,#2891,.T.);
#4000=ORIENTED_EDGE('',*,*,#2892,.T.);
#4001=ORIENTED_EDGE('',*,*,#2893,.T.);
#4002=ORIENTED_EDGE('',*,*,#2894,.T.);
#4003=ORIENTED_EDGE('',*,*,#2895,.T.);
#4004=ORIENTED_EDGE('',*,*,#2896,.T.);
#4005=ORIENTED_EDGE('',*,*,#2897,.F.);
#4006=ORIENTED_EDGE('',*,*,#2898,.F.);
#4007=ORIENTED_EDGE('',*,*,#2899,.F.);
#4008=ORIENTED_EDGE('',*,*,#2738,.T.);
#4009=ORIENTED_EDGE('',*,*,#2900,.F.);
#4010=ORIENTED_EDGE('',*,*,#2740,.F.);
#4011=ORIENTED_EDGE('',*,*,#2901,.F.);
#4012=ORIENTED_EDGE('',*,*,#2902,.T.);
#4013=ORIENTED_EDGE('',*,*,#2731,.F.);
#4014=ORIENTED_EDGE('',*,*,#2903,.F.);
#4015=ORIENTED_EDGE('',*,*,#2902,.F.);
#4016=ORIENTED_EDGE('',*,*,#2904,.F.);
#4017=ORIENTED_EDGE('',*,*,#2898,.T.);
#4018=ORIENTED_EDGE('',*,*,#2905,.F.);
#4019=ORIENTED_EDGE('',*,*,#2906,.F.);
#4020=ORIENTED_EDGE('',*,*,#2742,.T.);
#4021=ORIENTED_EDGE('',*,*,#2897,.T.);
#4022=ORIENTED_EDGE('',*,*,#2737,.T.);
#4023=ORIENTED_EDGE('',*,*,#2907,.F.);
#4024=ORIENTED_EDGE('',*,*,#2905,.T.);
#4025=ORIENTED_EDGE('',*,*,#2653,.F.);
#4026=ORIENTED_EDGE('',*,*,#2656,.F.);
#4027=ORIENTED_EDGE('',*,*,#2908,.F.);
#4028=ORIENTED_EDGE('',*,*,#2909,.F.);
#4029=ORIENTED_EDGE('',*,*,#2881,.F.);
#4030=ORIENTED_EDGE('',*,*,#2910,.T.);
#4031=ORIENTED_EDGE('',*,*,#2911,.F.);
#4032=ORIENTED_EDGE('',*,*,#2912,.F.);
#4033=ORIENTED_EDGE('',*,*,#2882,.F.);
#4034=ORIENTED_EDGE('',*,*,#2912,.T.);
#4035=ORIENTED_EDGE('',*,*,#2913,.F.);
#4036=ORIENTED_EDGE('',*,*,#2914,.F.);
#4037=ORIENTED_EDGE('',*,*,#2883,.F.);
#4038=ORIENTED_EDGE('',*,*,#2914,.T.);
#4039=ORIENTED_EDGE('',*,*,#2915,.F.);
#4040=ORIENTED_EDGE('',*,*,#2916,.F.);
#4041=ORIENTED_EDGE('',*,*,#2884,.F.);
#4042=ORIENTED_EDGE('',*,*,#2916,.T.);
#4043=ORIENTED_EDGE('',*,*,#2917,.F.);
#4044=ORIENTED_EDGE('',*,*,#2918,.F.);
#4045=ORIENTED_EDGE('',*,*,#2885,.F.);
#4046=ORIENTED_EDGE('',*,*,#2918,.T.);
#4047=ORIENTED_EDGE('',*,*,#2919,.F.);
#4048=ORIENTED_EDGE('',*,*,#2920,.F.);
#4049=ORIENTED_EDGE('',*,*,#2886,.F.);
#4050=ORIENTED_EDGE('',*,*,#2920,.T.);
#4051=ORIENTED_EDGE('',*,*,#2921,.F.);
#4052=ORIENTED_EDGE('',*,*,#2922,.F.);
#4053=ORIENTED_EDGE('',*,*,#2887,.F.);
#4054=ORIENTED_EDGE('',*,*,#2922,.T.);
#4055=ORIENTED_EDGE('',*,*,#2923,.F.);
#4056=ORIENTED_EDGE('',*,*,#2924,.F.);
#4057=ORIENTED_EDGE('',*,*,#2888,.F.);
#4058=ORIENTED_EDGE('',*,*,#2924,.T.);
#4059=ORIENTED_EDGE('',*,*,#2925,.F.);
#4060=ORIENTED_EDGE('',*,*,#2926,.F.);
#4061=ORIENTED_EDGE('',*,*,#2889,.F.);
#4062=ORIENTED_EDGE('',*,*,#2926,.T.);
#4063=ORIENTED_EDGE('',*,*,#2927,.F.);
#4064=ORIENTED_EDGE('',*,*,#2928,.F.);
#4065=ORIENTED_EDGE('',*,*,#2904,.T.);
#4066=ORIENTED_EDGE('',*,*,#2901,.T.);
#4067=ORIENTED_EDGE('',*,*,#2739,.T.);
#4068=ORIENTED_EDGE('',*,*,#2899,.T.);
#4069=ORIENTED_EDGE('',*,*,#2890,.F.);
#4070=ORIENTED_EDGE('',*,*,#2928,.T.);
#4071=ORIENTED_EDGE('',*,*,#2929,.F.);
#4072=ORIENTED_EDGE('',*,*,#2930,.F.);
#4073=ORIENTED_EDGE('',*,*,#2891,.F.);
#4074=ORIENTED_EDGE('',*,*,#2930,.T.);
#4075=ORIENTED_EDGE('',*,*,#2931,.F.);
#4076=ORIENTED_EDGE('',*,*,#2932,.F.);
#4077=ORIENTED_EDGE('',*,*,#2892,.F.);
#4078=ORIENTED_EDGE('',*,*,#2932,.T.);
#4079=ORIENTED_EDGE('',*,*,#2933,.F.);
#4080=ORIENTED_EDGE('',*,*,#2934,.F.);
#4081=ORIENTED_EDGE('',*,*,#2893,.F.);
#4082=ORIENTED_EDGE('',*,*,#2934,.T.);
#4083=ORIENTED_EDGE('',*,*,#2935,.F.);
#4084=ORIENTED_EDGE('',*,*,#2936,.F.);
#4085=ORIENTED_EDGE('',*,*,#2894,.F.);
#4086=ORIENTED_EDGE('',*,*,#2936,.T.);
#4087=ORIENTED_EDGE('',*,*,#2937,.F.);
#4088=ORIENTED_EDGE('',*,*,#2938,.F.);
#4089=ORIENTED_EDGE('',*,*,#2895,.F.);
#4090=ORIENTED_EDGE('',*,*,#2938,.T.);
#4091=ORIENTED_EDGE('',*,*,#2939,.F.);
#4092=ORIENTED_EDGE('',*,*,#2940,.F.);
#4093=ORIENTED_EDGE('',*,*,#2896,.F.);
#4094=ORIENTED_EDGE('',*,*,#2940,.T.);
#4095=ORIENTED_EDGE('',*,*,#2941,.F.);
#4096=ORIENTED_EDGE('',*,*,#2910,.F.);
#4097=ORIENTED_EDGE('',*,*,#2941,.T.);
#4098=ORIENTED_EDGE('',*,*,#2939,.T.);
#4099=ORIENTED_EDGE('',*,*,#2937,.T.);
#4100=ORIENTED_EDGE('',*,*,#2935,.T.);
#4101=ORIENTED_EDGE('',*,*,#2933,.T.);
#4102=ORIENTED_EDGE('',*,*,#2931,.T.);
#4103=ORIENTED_EDGE('',*,*,#2929,.T.);
#4104=ORIENTED_EDGE('',*,*,#2927,.T.);
#4105=ORIENTED_EDGE('',*,*,#2925,.T.);
#4106=ORIENTED_EDGE('',*,*,#2923,.T.);
#4107=ORIENTED_EDGE('',*,*,#2921,.T.);
#4108=ORIENTED_EDGE('',*,*,#2919,.T.);
#4109=ORIENTED_EDGE('',*,*,#2917,.T.);
#4110=ORIENTED_EDGE('',*,*,#2915,.T.);
#4111=ORIENTED_EDGE('',*,*,#2913,.T.);
#4112=ORIENTED_EDGE('',*,*,#2911,.T.);
#4113=ORIENTED_EDGE('',*,*,#2907,.T.);
#4114=ORIENTED_EDGE('',*,*,#2736,.T.);
#4115=ORIENTED_EDGE('',*,*,#2743,.T.);
#4116=ORIENTED_EDGE('',*,*,#2906,.T.);
#4117=ORIENTED_EDGE('',*,*,#2942,.T.);
#4118=ORIENTED_EDGE('',*,*,#2753,.T.);
#4119=ORIENTED_EDGE('',*,*,#2756,.T.);
#4120=ORIENTED_EDGE('',*,*,#2943,.T.);
#4121=ORIENTED_EDGE('',*,*,#2944,.T.);
#4122=ORIENTED_EDGE('',*,*,#2723,.T.);
#4123=ORIENTED_EDGE('',*,*,#2726,.T.);
#4124=ORIENTED_EDGE('',*,*,#2945,.T.);
#4125=ORIENTED_EDGE('',*,*,#2946,.T.);
#4126=ORIENTED_EDGE('',*,*,#2766,.T.);
#4127=ORIENTED_EDGE('',*,*,#2769,.T.);
#4128=ORIENTED_EDGE('',*,*,#2947,.T.);
#4129=ORIENTED_EDGE('',*,*,#2948,.T.);
#4130=ORIENTED_EDGE('',*,*,#2779,.T.);
#4131=ORIENTED_EDGE('',*,*,#2782,.T.);
#4132=ORIENTED_EDGE('',*,*,#2949,.T.);
#4133=ORIENTED_EDGE('',*,*,#2950,.T.);
#4134=ORIENTED_EDGE('',*,*,#2710,.T.);
#4135=ORIENTED_EDGE('',*,*,#2713,.T.);
#4136=ORIENTED_EDGE('',*,*,#2951,.T.);
#4137=ORIENTED_EDGE('',*,*,#2646,.F.);
#4138=ORIENTED_EDGE('',*,*,#2952,.F.);
#4139=ORIENTED_EDGE('',*,*,#2908,.T.);
#4140=ORIENTED_EDGE('',*,*,#2655,.T.);
#4141=ORIENTED_EDGE('',*,*,#2649,.F.);
#4142=ORIENTED_EDGE('',*,*,#2654,.T.);
#4143=ORIENTED_EDGE('',*,*,#2909,.T.);
#4144=ORIENTED_EDGE('',*,*,#2952,.T.);
#4145=ORIENTED_EDGE('',*,*,#2705,.F.);
#4146=ORIENTED_EDGE('',*,*,#2953,.F.);
#4147=ORIENTED_EDGE('',*,*,#2951,.F.);
#4148=ORIENTED_EDGE('',*,*,#2712,.T.);
#4149=ORIENTED_EDGE('',*,*,#2707,.F.);
#4150=ORIENTED_EDGE('',*,*,#2711,.T.);
#4151=ORIENTED_EDGE('',*,*,#2950,.F.);
#4152=ORIENTED_EDGE('',*,*,#2953,.T.);
#4153=ORIENTED_EDGE('',*,*,#2718,.F.);
#4154=ORIENTED_EDGE('',*,*,#2954,.F.);
#4155=ORIENTED_EDGE('',*,*,#2945,.F.);
#4156=ORIENTED_EDGE('',*,*,#2725,.T.);
#4157=ORIENTED_EDGE('',*,*,#2720,.F.);
#4158=ORIENTED_EDGE('',*,*,#2724,.T.);
#4159=ORIENTED_EDGE('',*,*,#2944,.F.);
#4160=ORIENTED_EDGE('',*,*,#2954,.T.);
#4161=ORIENTED_EDGE('',*,*,#2733,.F.);
#4162=ORIENTED_EDGE('',*,*,#2741,.T.);
#4163=ORIENTED_EDGE('',*,*,#2900,.T.);
#4164=ORIENTED_EDGE('',*,*,#2903,.T.);
#4165=ORIENTED_EDGE('',*,*,#2748,.F.);
#4166=ORIENTED_EDGE('',*,*,#2955,.F.);
#4167=ORIENTED_EDGE('',*,*,#2943,.F.);
#4168=ORIENTED_EDGE('',*,*,#2755,.T.);
#4169=ORIENTED_EDGE('',*,*,#2750,.F.);
#4170=ORIENTED_EDGE('',*,*,#2754,.T.);
#4171=ORIENTED_EDGE('',*,*,#2942,.F.);
#4172=ORIENTED_EDGE('',*,*,#2955,.T.);
#4173=ORIENTED_EDGE('',*,*,#2761,.F.);
#4174=ORIENTED_EDGE('',*,*,#2956,.F.);
#4175=ORIENTED_EDGE('',*,*,#2947,.F.);
#4176=ORIENTED_EDGE('',*,*,#2768,.T.);
#4177=ORIENTED_EDGE('',*,*,#2763,.F.);
#4178=ORIENTED_EDGE('',*,*,#2767,.T.);
#4179=ORIENTED_EDGE('',*,*,#2946,.F.);
#4180=ORIENTED_EDGE('',*,*,#2956,.T.);
#4181=ORIENTED_EDGE('',*,*,#2774,.F.);
#4182=ORIENTED_EDGE('',*,*,#2957,.F.);
#4183=ORIENTED_EDGE('',*,*,#2949,.F.);
#4184=ORIENTED_EDGE('',*,*,#2781,.T.);
#4185=ORIENTED_EDGE('',*,*,#2776,.F.);
#4186=ORIENTED_EDGE('',*,*,#2780,.T.);
#4187=ORIENTED_EDGE('',*,*,#2948,.F.);
#4188=ORIENTED_EDGE('',*,*,#2957,.T.);
#4189=ORIENTED_EDGE('',*,*,#2808,.F.);
#4190=ORIENTED_EDGE('',*,*,#2876,.F.);
#4191=ORIENTED_EDGE('',*,*,#2872,.T.);
#4192=ORIENTED_EDGE('',*,*,#2844,.F.);
#4193=ORIENTED_EDGE('',*,*,#2790,.F.);
#4194=ORIENTED_EDGE('',*,*,#2805,.F.);
#4195=ORIENTED_EDGE('',*,*,#2958,.F.);
#4196=ORIENTED_EDGE('',*,*,#2874,.T.);
#4197=ORIENTED_EDGE('',*,*,#2801,.F.);
#4198=ORIENTED_EDGE('',*,*,#2797,.F.);
#4199=ORIENTED_EDGE('',*,*,#2843,.F.);
#4200=ORIENTED_EDGE('',*,*,#2959,.F.);
#4201=ORIENTED_EDGE('',*,*,#2878,.F.);
#4202=ORIENTED_EDGE('',*,*,#2958,.T.);
#4203=ORIENTED_EDGE('',*,*,#2842,.F.);
#4204=ORIENTED_EDGE('',*,*,#2960,.F.);
#4205=ORIENTED_EDGE('',*,*,#2879,.T.);
#4206=ORIENTED_EDGE('',*,*,#2959,.T.);
#4207=ORIENTED_EDGE('',*,*,#2840,.F.);
#4208=ORIENTED_EDGE('',*,*,#2847,.F.);
#4209=ORIENTED_EDGE('',*,*,#2880,.F.);
#4210=ORIENTED_EDGE('',*,*,#2960,.T.);
#4211=ORIENTED_EDGE('',*,*,#2961,.T.);
#4212=ORIENTED_EDGE('',*,*,#2962,.T.);
#4213=ORIENTED_EDGE('',*,*,#2963,.T.);
#4214=ORIENTED_EDGE('',*,*,#2964,.F.);
#4215=ORIENTED_EDGE('',*,*,#2963,.F.);
#4216=ORIENTED_EDGE('',*,*,#2965,.T.);
#4217=ORIENTED_EDGE('',*,*,#2966,.T.);
#4218=ORIENTED_EDGE('',*,*,#2967,.T.);
#4219=ORIENTED_EDGE('',*,*,#2968,.F.);
#4220=ORIENTED_EDGE('',*,*,#2969,.T.);
#4221=ORIENTED_EDGE('',*,*,#2970,.F.);
#4222=ORIENTED_EDGE('',*,*,#2971,.T.);
#4223=ORIENTED_EDGE('',*,*,#2972,.F.);
#4224=ORIENTED_EDGE('',*,*,#2973,.T.);
#4225=ORIENTED_EDGE('',*,*,#2968,.T.);
#4226=ORIENTED_EDGE('',*,*,#2974,.T.);
#4227=ORIENTED_EDGE('',*,*,#2975,.T.);
#4228=ORIENTED_EDGE('',*,*,#2976,.T.);
#4229=ORIENTED_EDGE('',*,*,#2961,.F.);
#4230=ORIENTED_EDGE('',*,*,#2977,.T.);
#4231=ORIENTED_EDGE('',*,*,#2978,.F.);
#4232=ORIENTED_EDGE('',*,*,#2979,.T.);
#4233=ORIENTED_EDGE('',*,*,#2980,.F.);
#4234=ORIENTED_EDGE('',*,*,#2981,.T.);
#4235=ORIENTED_EDGE('',*,*,#2975,.F.);
#4236=ORIENTED_EDGE('',*,*,#2982,.T.);
#4237=ORIENTED_EDGE('',*,*,#2983,.T.);
#4238=ORIENTED_EDGE('',*,*,#2984,.F.);
#4239=ORIENTED_EDGE('',*,*,#2972,.T.);
#4240=ORIENTED_EDGE('',*,*,#2985,.T.);
#4241=ORIENTED_EDGE('',*,*,#2978,.T.);
#4242=ORIENTED_EDGE('',*,*,#2986,.T.);
#4243=ORIENTED_EDGE('',*,*,#2985,.F.);
#4244=ORIENTED_EDGE('',*,*,#2971,.F.);
#4245=ORIENTED_EDGE('',*,*,#2987,.F.);
#4246=ORIENTED_EDGE('',*,*,#2979,.F.);
#4247=ORIENTED_EDGE('',*,*,#2970,.T.);
#4248=ORIENTED_EDGE('',*,*,#2988,.T.);
#4249=ORIENTED_EDGE('',*,*,#2980,.T.);
#4250=ORIENTED_EDGE('',*,*,#2987,.T.);
#4251=ORIENTED_EDGE('',*,*,#2988,.F.);
#4252=ORIENTED_EDGE('',*,*,#2969,.F.);
#4253=ORIENTED_EDGE('',*,*,#2976,.F.);
#4254=ORIENTED_EDGE('',*,*,#2981,.F.);
#4255=ORIENTED_EDGE('',*,*,#2986,.F.);
#4256=ORIENTED_EDGE('',*,*,#2977,.F.);
#4257=ORIENTED_EDGE('',*,*,#2964,.T.);
#4258=ORIENTED_EDGE('',*,*,#2973,.F.);
#4259=ORIENTED_EDGE('',*,*,#2962,.F.);
#4260=ORIENTED_EDGE('',*,*,#2984,.T.);
#4261=ORIENTED_EDGE('',*,*,#2989,.T.);
#4262=ORIENTED_EDGE('',*,*,#2965,.F.);
#4263=ORIENTED_EDGE('',*,*,#2966,.F.);
#4264=ORIENTED_EDGE('',*,*,#2990,.T.);
#4265=ORIENTED_EDGE('',*,*,#2991,.F.);
#4266=ORIENTED_EDGE('',*,*,#2992,.T.);
#4267=ORIENTED_EDGE('',*,*,#2974,.F.);
#4268=ORIENTED_EDGE('',*,*,#2967,.F.);
#4269=ORIENTED_EDGE('',*,*,#2993,.T.);
#4270=ORIENTED_EDGE('',*,*,#2982,.F.);
#4271=ORIENTED_EDGE('',*,*,#2989,.F.);
#4272=ORIENTED_EDGE('',*,*,#2994,.T.);
#4273=ORIENTED_EDGE('',*,*,#2995,.F.);
#4274=ORIENTED_EDGE('',*,*,#2990,.F.);
#4275=ORIENTED_EDGE('',*,*,#2993,.F.);
#4276=ORIENTED_EDGE('',*,*,#2992,.F.);
#4277=ORIENTED_EDGE('',*,*,#2996,.F.);
#4278=ORIENTED_EDGE('',*,*,#2997,.F.);
#4279=ORIENTED_EDGE('',*,*,#2983,.F.);
#4280=ORIENTED_EDGE('',*,*,#2997,.T.);
#4281=ORIENTED_EDGE('',*,*,#2998,.F.);
#4282=ORIENTED_EDGE('',*,*,#2994,.F.);
#4283=ORIENTED_EDGE('',*,*,#2996,.T.);
#4284=ORIENTED_EDGE('',*,*,#2999,.F.);
#4285=ORIENTED_EDGE('',*,*,#3000,.F.);
#4286=ORIENTED_EDGE('',*,*,#3001,.F.);
#4287=ORIENTED_EDGE('',*,*,#2991,.T.);
#4288=ORIENTED_EDGE('',*,*,#3002,.T.);
#4289=ORIENTED_EDGE('',*,*,#3003,.T.);
#4290=ORIENTED_EDGE('',*,*,#2999,.T.);
#4291=ORIENTED_EDGE('',*,*,#3004,.F.);
#4292=ORIENTED_EDGE('',*,*,#3000,.T.);
#4293=ORIENTED_EDGE('',*,*,#3003,.F.);
#4294=ORIENTED_EDGE('',*,*,#3005,.F.);
#4295=ORIENTED_EDGE('',*,*,#2995,.T.);
#4296=ORIENTED_EDGE('',*,*,#3006,.F.);
#4297=ORIENTED_EDGE('',*,*,#3005,.T.);
#4298=ORIENTED_EDGE('',*,*,#3002,.F.);
#4299=ORIENTED_EDGE('',*,*,#2998,.T.);
#4300=ORIENTED_EDGE('',*,*,#3001,.T.);
#4301=ORIENTED_EDGE('',*,*,#3004,.T.);
#4302=ORIENTED_EDGE('',*,*,#3006,.T.);
#4303=ORIENTED_EDGE('',*,*,#3007,.T.);
#4304=ORIENTED_EDGE('',*,*,#3008,.T.);
#4305=ORIENTED_EDGE('',*,*,#3009,.T.);
#4306=ORIENTED_EDGE('',*,*,#3010,.T.);
#4307=ORIENTED_EDGE('',*,*,#3010,.F.);
#4308=ORIENTED_EDGE('',*,*,#3011,.T.);
#4309=ORIENTED_EDGE('',*,*,#3012,.T.);
#4310=ORIENTED_EDGE('',*,*,#3013,.F.);
#4311=ORIENTED_EDGE('',*,*,#3009,.F.);
#4312=ORIENTED_EDGE('',*,*,#3014,.T.);
#4313=ORIENTED_EDGE('',*,*,#3015,.F.);
#4314=ORIENTED_EDGE('',*,*,#3016,.T.);
#4315=ORIENTED_EDGE('',*,*,#3017,.T.);
#4316=ORIENTED_EDGE('',*,*,#3011,.F.);
#4317=ORIENTED_EDGE('',*,*,#3018,.T.);
#4318=ORIENTED_EDGE('',*,*,#3019,.T.);
#4319=ORIENTED_EDGE('',*,*,#3015,.T.);
#4320=ORIENTED_EDGE('',*,*,#3020,.T.);
#4321=ORIENTED_EDGE('',*,*,#3019,.F.);
#4322=ORIENTED_EDGE('',*,*,#3021,.F.);
#4323=ORIENTED_EDGE('',*,*,#3022,.T.);
#4324=ORIENTED_EDGE('',*,*,#3016,.F.);
#4325=ORIENTED_EDGE('',*,*,#3023,.T.);
#4326=ORIENTED_EDGE('',*,*,#3024,.T.);
#4327=ORIENTED_EDGE('',*,*,#3025,.T.);
#4328=ORIENTED_EDGE('',*,*,#3026,.F.);
#4329=ORIENTED_EDGE('',*,*,#3024,.F.);
#4330=ORIENTED_EDGE('',*,*,#3027,.F.);
#4331=ORIENTED_EDGE('',*,*,#3028,.T.);
#4332=ORIENTED_EDGE('',*,*,#3029,.F.);
#4333=ORIENTED_EDGE('',*,*,#3023,.F.);
#4334=ORIENTED_EDGE('',*,*,#3030,.T.);
#4335=ORIENTED_EDGE('',*,*,#3031,.T.);
#4336=ORIENTED_EDGE('',*,*,#3032,.T.);
#4337=ORIENTED_EDGE('',*,*,#3033,.F.);
#4338=ORIENTED_EDGE('',*,*,#3034,.T.);
#4339=ORIENTED_EDGE('',*,*,#3035,.T.);
#4340=ORIENTED_EDGE('',*,*,#3027,.T.);
#4341=ORIENTED_EDGE('',*,*,#3036,.T.);
#4342=ORIENTED_EDGE('',*,*,#3037,.T.);
#4343=ORIENTED_EDGE('',*,*,#3033,.T.);
#4344=ORIENTED_EDGE('',*,*,#3038,.T.);
#4345=ORIENTED_EDGE('',*,*,#3037,.F.);
#4346=ORIENTED_EDGE('',*,*,#3039,.F.);
#4347=ORIENTED_EDGE('',*,*,#3040,.F.);
#4348=ORIENTED_EDGE('',*,*,#3034,.F.);
#4349=ORIENTED_EDGE('',*,*,#3025,.F.);
#4350=ORIENTED_EDGE('',*,*,#3029,.T.);
#4351=ORIENTED_EDGE('',*,*,#3041,.T.);
#4352=ORIENTED_EDGE('',*,*,#3039,.T.);
#4353=ORIENTED_EDGE('',*,*,#3036,.F.);
#4354=ORIENTED_EDGE('',*,*,#3042,.T.);
#4355=ORIENTED_EDGE('',*,*,#3043,.T.);
#4356=ORIENTED_EDGE('',*,*,#3044,.T.);
#4357=ORIENTED_EDGE('',*,*,#3045,.F.);
#4358=ORIENTED_EDGE('',*,*,#3046,.T.);
#4359=ORIENTED_EDGE('',*,*,#3043,.F.);
#4360=ORIENTED_EDGE('',*,*,#3047,.T.);
#4361=ORIENTED_EDGE('',*,*,#3012,.F.);
#4362=ORIENTED_EDGE('',*,*,#3048,.T.);
#4363=ORIENTED_EDGE('',*,*,#3049,.T.);
#4364=ORIENTED_EDGE('',*,*,#3046,.F.);
#4365=ORIENTED_EDGE('',*,*,#3022,.F.);
#4366=ORIENTED_EDGE('',*,*,#3047,.F.);
#4367=ORIENTED_EDGE('',*,*,#3050,.T.);
#4368=ORIENTED_EDGE('',*,*,#3051,.F.);
#4369=ORIENTED_EDGE('',*,*,#3008,.F.);
#4370=ORIENTED_EDGE('',*,*,#3052,.F.);
#4371=ORIENTED_EDGE('',*,*,#3020,.F.);
#4372=ORIENTED_EDGE('',*,*,#3014,.F.);
#4373=ORIENTED_EDGE('',*,*,#3017,.F.);
#4374=ORIENTED_EDGE('',*,*,#3051,.T.);
#4375=ORIENTED_EDGE('',*,*,#3031,.F.);
#4376=ORIENTED_EDGE('',*,*,#3048,.F.);
#4377=ORIENTED_EDGE('',*,*,#3007,.F.);
#4378=ORIENTED_EDGE('',*,*,#3013,.T.);
#4379=ORIENTED_EDGE('',*,*,#3045,.T.);
#4380=ORIENTED_EDGE('',*,*,#3021,.T.);
#4381=ORIENTED_EDGE('',*,*,#3018,.F.);
#4382=ORIENTED_EDGE('',*,*,#3052,.T.);
#4383=ORIENTED_EDGE('',*,*,#3050,.F.);
#4384=ORIENTED_EDGE('',*,*,#3042,.F.);
#4385=ORIENTED_EDGE('',*,*,#3038,.F.);
#4386=ORIENTED_EDGE('',*,*,#3032,.F.);
#4387=ORIENTED_EDGE('',*,*,#3049,.F.);
#4388=ORIENTED_EDGE('',*,*,#3030,.F.);
#4389=ORIENTED_EDGE('',*,*,#3026,.T.);
#4390=ORIENTED_EDGE('',*,*,#3044,.F.);
#4391=ORIENTED_EDGE('',*,*,#3035,.F.);
#4392=ORIENTED_EDGE('',*,*,#3040,.T.);
#4393=ORIENTED_EDGE('',*,*,#3041,.F.);
#4394=ORIENTED_EDGE('',*,*,#3028,.F.);
#4395=CYLINDRICAL_SURFACE('',#4833,0.25);
#4396=CYLINDRICAL_SURFACE('',#4841,0.25);
#4397=CYLINDRICAL_SURFACE('',#4847,0.25);
#4398=CYLINDRICAL_SURFACE('',#4853,0.25);
#4399=CYLINDRICAL_SURFACE('',#4856,0.6);
#4400=CYLINDRICAL_SURFACE('',#4864,0.3);
#4401=CYLINDRICAL_SURFACE('',#4866,0.375);
#4402=CYLINDRICAL_SURFACE('',#4867,0.375);
#4403=CYLINDRICAL_SURFACE('',#4874,0.25);
#4404=CYLINDRICAL_SURFACE('',#4882,0.25);
#4405=CYLINDRICAL_SURFACE('',#4884,0.25);
#4406=CYLINDRICAL_SURFACE('',#4887,0.25);
#4407=CYLINDRICAL_SURFACE('',#4895,0.25);
#4408=CYLINDRICAL_SURFACE('',#4901,0.25);
#4409=CYLINDRICAL_SURFACE('',#4912,0.6);
#4410=CYLINDRICAL_SURFACE('',#4923,0.300000000000002);
#4411=CYLINDRICAL_SURFACE('',#4925,0.599999999999996);
#4412=CYLINDRICAL_SURFACE('',#4936,0.300000000000001);
#4413=CYLINDRICAL_SURFACE('',#4940,0.600000000000003);
#4414=CYLINDRICAL_SURFACE('',#4949,0.300000000000001);
#4415=CYLINDRICAL_SURFACE('',#4951,0.599999999999998);
#4416=CYLINDRICAL_SURFACE('',#4960,0.300000000000001);
#4417=CYLINDRICAL_SURFACE('',#4962,0.5);
#4418=CYLINDRICAL_SURFACE('',#4964,0.5);
#4419=CYLINDRICAL_SURFACE('',#4966,0.599999999999994);
#4420=CYLINDRICAL_SURFACE('',#4973,0.299999999999999);
#4421=CYLINDRICAL_SURFACE('',#4974,0.6);
#4422=CYLINDRICAL_SURFACE('',#4983,0.3);
#4423=CYLINDRICAL_SURFACE('',#4986,0.6);
#4424=CYLINDRICAL_SURFACE('',#4995,0.3);
#4425=CYLINDRICAL_SURFACE('',#4997,0.6);
#4426=CYLINDRICAL_SURFACE('',#5006,0.3);
#4427=CYLINDRICAL_SURFACE('',#5010,0.1);
#4428=CYLINDRICAL_SURFACE('',#5013,0.1);
#4429=CYLINDRICAL_SURFACE('',#5015,0.1);
#4430=CYLINDRICAL_SURFACE('',#5017,0.1);
#4431=CYLINDRICAL_SURFACE('',#5029,0.1);
#4432=CYLINDRICAL_SURFACE('',#5032,0.1);
#4433=CYLINDRICAL_SURFACE('',#5034,0.1);
#4434=CYLINDRICAL_SURFACE('',#5036,0.1);
#4435=CYLINDRICAL_SURFACE('',#5039,0.1);
#4436=CYLINDRICAL_SURFACE('',#5042,0.1);
#4437=CYLINDRICAL_SURFACE('',#5044,0.1);
#4438=CYLINDRICAL_SURFACE('',#5046,0.1);
#4439=CYLINDRICAL_SURFACE('',#5049,0.1);
#4440=CYLINDRICAL_SURFACE('',#5052,0.1);
#4441=CYLINDRICAL_SURFACE('',#5054,0.1);
#4442=CYLINDRICAL_SURFACE('',#5056,0.1);
#4443=CYLINDRICAL_SURFACE('',#5059,0.1);
#4444=CYLINDRICAL_SURFACE('',#5062,0.1);
#4445=CYLINDRICAL_SURFACE('',#5064,0.1);
#4446=CYLINDRICAL_SURFACE('',#5066,0.1);
#4447=CYLINDRICAL_SURFACE('',#5069,0.1);
#4448=CYLINDRICAL_SURFACE('',#5072,0.1);
#4449=CYLINDRICAL_SURFACE('',#5074,0.1);
#4450=CYLINDRICAL_SURFACE('',#5076,0.1);
#4451=CYLINDRICAL_SURFACE('',#5079,0.1);
#4452=CYLINDRICAL_SURFACE('',#5082,0.1);
#4453=CYLINDRICAL_SURFACE('',#5084,0.1);
#4454=CYLINDRICAL_SURFACE('',#5086,0.1);
#4455=CYLINDRICAL_SURFACE('',#5097,0.1);
#4456=CYLINDRICAL_SURFACE('',#5106,0.1);
#4457=CYLINDRICAL_SURFACE('',#5107,0.1);
#4458=CYLINDRICAL_SURFACE('',#5109,0.1);
#4459=CYLINDRICAL_SURFACE('',#5110,0.1);
#4460=CYLINDRICAL_SURFACE('',#5111,0.1);
#4461=CYLINDRICAL_SURFACE('',#5113,0.1);
#4462=CYLINDRICAL_SURFACE('',#5115,0.1);
#4463=CYLINDRICAL_SURFACE('',#5121,0.1);
#4464=CYLINDRICAL_SURFACE('',#5126,0.1);
#4465=CYLINDRICAL_SURFACE('',#5131,0.1);
#4466=CYLINDRICAL_SURFACE('',#5136,0.1);
#4467=CYLINDRICAL_SURFACE('',#5141,0.1);
#4468=CYLINDRICAL_SURFACE('',#5146,0.1);
#4469=CYLINDRICAL_SURFACE('',#5151,0.1);
#4470=CYLINDRICAL_SURFACE('',#5156,0.1);
#4471=CYLINDRICAL_SURFACE('',#5157,0.1);
#4472=CYLINDRICAL_SURFACE('',#5158,0.600000000000001);
#4473=CYLINDRICAL_SURFACE('',#5161,0.599999999999996);
#4474=CYLINDRICAL_SURFACE('',#5164,0.600000000000002);
#4475=CYLINDRICAL_SURFACE('',#5167,0.600000000000003);
#4476=CYLINDRICAL_SURFACE('',#5170,0.6);
#4477=CYLINDRICAL_SURFACE('',#5173,0.599999999999998);
#4478=CYLINDRICAL_SURFACE('',#5176,0.600000000000001);
#4479=CYLINDRICAL_SURFACE('',#5198,0.249999999999998);
#4480=CYLINDRICAL_SURFACE('',#5201,0.25);
#4481=CYLINDRICAL_SURFACE('',#5204,0.25);
#4482=CYLINDRICAL_SURFACE('',#5207,0.25);
#4483=CYLINDRICAL_SURFACE('',#5210,0.25);
#4484=CYLINDRICAL_SURFACE('',#5213,0.250000000000002);
#4485=CYLINDRICAL_SURFACE('',#5216,0.249999999999998);
#4486=CYLINDRICAL_SURFACE('',#5219,0.250000000000002);
#4487=CYLINDRICAL_SURFACE('',#5238,0.599999999999999);
#4488=CYLINDRICAL_SURFACE('',#5241,0.3);
#4489=CYLINDRICAL_SURFACE('',#5248,0.3);
#4490=CYLINDRICAL_SURFACE('',#5253,0.3);
#4491=CYLINDRICAL_SURFACE('',#5255,0.3);
#4492=CYLINDRICAL_SURFACE('',#5259,0.399999999999999);
#4493=CYLINDRICAL_SURFACE('',#5267,0.199999999999998);
#4494=CYLINDRICAL_SURFACE('',#5274,0.3);
#4495=CYLINDRICAL_SURFACE('',#5280,0.3);
#4496=CYLINDRICAL_SURFACE('',#5283,0.3);
#4497=CYLINDRICAL_SURFACE('',#5289,0.3);
#4498=CYLINDRICAL_SURFACE('',#5293,0.399999999999999);
#4499=CYLINDRICAL_SURFACE('',#5301,0.2);
#4500=ADVANCED_FACE('',(#281),#4395,.T.);
#4501=ADVANCED_FACE('',(#282),#116,.F.);
#4502=ADVANCED_FACE('',(#283),#117,.F.);
#4503=ADVANCED_FACE('',(#284),#4396,.T.);
#4504=ADVANCED_FACE('',(#285),#118,.F.);
#4505=ADVANCED_FACE('',(#286),#119,.T.);
#4506=ADVANCED_FACE('',(#287),#4397,.T.);
#4507=ADVANCED_FACE('',(#288),#120,.T.);
#4508=ADVANCED_FACE('',(#289),#121,.T.);
#4509=ADVANCED_FACE('',(#290),#4398,.T.);
#4510=ADVANCED_FACE('',(#291),#122,.T.);
#4511=ADVANCED_FACE('',(#292),#4399,.T.);
#4512=ADVANCED_FACE('',(#293),#123,.T.);
#4513=ADVANCED_FACE('',(#294),#124,.T.);
#4514=ADVANCED_FACE('',(#295),#125,.T.);
#4515=ADVANCED_FACE('',(#296),#4400,.F.);
#4516=ADVANCED_FACE('',(#297),#126,.T.);
#4517=ADVANCED_FACE('',(#298),#4401,.F.);
#4518=ADVANCED_FACE('',(#299),#4402,.F.);
#4519=ADVANCED_FACE('',(#300),#127,.F.);
#4520=ADVANCED_FACE('',(#301),#128,.F.);
#4521=ADVANCED_FACE('',(#302),#129,.F.);
#4522=ADVANCED_FACE('',(#303),#130,.T.);
#4523=ADVANCED_FACE('',(#304),#131,.T.);
#4524=ADVANCED_FACE('',(#305),#132,.T.);
#4525=ADVANCED_FACE('',(#306),#4403,.T.);
#4526=ADVANCED_FACE('',(#307),#133,.T.);
#4527=ADVANCED_FACE('',(#308),#134,.T.);
#4528=ADVANCED_FACE('',(#309),#4404,.T.);
#4529=ADVANCED_FACE('',(#310),#4405,.T.);
#4530=ADVANCED_FACE('',(#311),#135,.T.);
#4531=ADVANCED_FACE('',(#312),#4406,.T.);
#4532=ADVANCED_FACE('',(#313),#136,.T.);
#4533=ADVANCED_FACE('',(#314),#137,.T.);
#4534=ADVANCED_FACE('',(#315),#4407,.T.);
#4535=ADVANCED_FACE('',(#316),#138,.T.);
#4536=ADVANCED_FACE('',(#317),#139,.F.);
#4537=ADVANCED_FACE('',(#318),#4408,.T.);
#4538=ADVANCED_FACE('',(#319),#140,.T.);
#4539=ADVANCED_FACE('',(#320),#141,.T.);
#4540=ADVANCED_FACE('',(#321),#142,.F.);
#4541=ADVANCED_FACE('',(#322),#143,.F.);
#4542=ADVANCED_FACE('',(#323),#144,.F.);
#4543=ADVANCED_FACE('',(#324),#145,.F.);
#4544=ADVANCED_FACE('',(#325),#146,.F.);
#4545=ADVANCED_FACE('',(#326),#147,.F.);
#4546=ADVANCED_FACE('',(#327),#148,.T.);
#4547=ADVANCED_FACE('',(#328),#4409,.T.);
#4548=ADVANCED_FACE('',(#329),#149,.T.);
#4549=ADVANCED_FACE('',(#330),#150,.F.);
#4550=ADVANCED_FACE('',(#331),#151,.T.);
#4551=ADVANCED_FACE('',(#332),#152,.T.);
#4552=ADVANCED_FACE('',(#333),#153,.T.);
#4553=ADVANCED_FACE('',(#334),#154,.T.);
#4554=ADVANCED_FACE('',(#335),#4410,.F.);
#4555=ADVANCED_FACE('',(#336),#155,.T.);
#4556=ADVANCED_FACE('',(#337),#4411,.T.);
#4557=ADVANCED_FACE('',(#338),#156,.T.);
#4558=ADVANCED_FACE('',(#339),#157,.T.);
#4559=ADVANCED_FACE('',(#340),#158,.T.);
#4560=ADVANCED_FACE('',(#341),#159,.T.);
#4561=ADVANCED_FACE('',(#342),#160,.T.);
#4562=ADVANCED_FACE('',(#343),#161,.T.);
#4563=ADVANCED_FACE('',(#344),#4412,.F.);
#4564=ADVANCED_FACE('',(#345),#162,.T.);
#4565=ADVANCED_FACE('',(#346),#163,.T.);
#4566=ADVANCED_FACE('',(#347),#164,.F.);
#4567=ADVANCED_FACE('',(#348),#4413,.T.);
#4568=ADVANCED_FACE('',(#349),#165,.T.);
#4569=ADVANCED_FACE('',(#350),#166,.T.);
#4570=ADVANCED_FACE('',(#351),#167,.T.);
#4571=ADVANCED_FACE('',(#352),#168,.T.);
#4572=ADVANCED_FACE('',(#353),#4414,.F.);
#4573=ADVANCED_FACE('',(#354),#169,.T.);
#4574=ADVANCED_FACE('',(#355),#4415,.T.);
#4575=ADVANCED_FACE('',(#356),#170,.T.);
#4576=ADVANCED_FACE('',(#357),#171,.T.);
#4577=ADVANCED_FACE('',(#358),#172,.T.);
#4578=ADVANCED_FACE('',(#359),#173,.T.);
#4579=ADVANCED_FACE('',(#360),#4416,.F.);
#4580=ADVANCED_FACE('',(#361),#174,.T.);
#4581=ADVANCED_FACE('',(#362),#4417,.F.);
#4582=ADVANCED_FACE('',(#363),#175,.F.);
#4583=ADVANCED_FACE('',(#364),#4418,.F.);
#4584=ADVANCED_FACE('',(#365),#176,.T.);
#4585=ADVANCED_FACE('',(#366),#4419,.T.);
#4586=ADVANCED_FACE('',(#367),#177,.T.);
#4587=ADVANCED_FACE('',(#368),#178,.T.);
#4588=ADVANCED_FACE('',(#369),#4420,.F.);
#4589=ADVANCED_FACE('',(#370),#4421,.T.);
#4590=ADVANCED_FACE('',(#371),#179,.T.);
#4591=ADVANCED_FACE('',(#372),#180,.T.);
#4592=ADVANCED_FACE('',(#373),#181,.T.);
#4593=ADVANCED_FACE('',(#374),#182,.T.);
#4594=ADVANCED_FACE('',(#375),#4422,.F.);
#4595=ADVANCED_FACE('',(#376),#183,.F.);
#4596=ADVANCED_FACE('',(#377),#184,.T.);
#4597=ADVANCED_FACE('',(#378),#4423,.T.);
#4598=ADVANCED_FACE('',(#379),#185,.T.);
#4599=ADVANCED_FACE('',(#380),#186,.T.);
#4600=ADVANCED_FACE('',(#381),#187,.T.);
#4601=ADVANCED_FACE('',(#382),#188,.T.);
#4602=ADVANCED_FACE('',(#383),#4424,.F.);
#4603=ADVANCED_FACE('',(#384),#189,.T.);
#4604=ADVANCED_FACE('',(#385),#4425,.T.);
#4605=ADVANCED_FACE('',(#386),#190,.T.);
#4606=ADVANCED_FACE('',(#387),#191,.T.);
#4607=ADVANCED_FACE('',(#388),#192,.T.);
#4608=ADVANCED_FACE('',(#389),#193,.T.);
#4609=ADVANCED_FACE('',(#390),#4426,.F.);
#4610=ADVANCED_FACE('',(#391),#194,.T.);
#4611=ADVANCED_FACE('',(#392),#195,.T.);
#4612=ADVANCED_FACE('',(#393),#4427,.T.);
#4613=ADVANCED_FACE('',(#394),#4428,.T.);
#4614=ADVANCED_FACE('',(#395),#4429,.T.);
#4615=ADVANCED_FACE('',(#396),#4430,.T.);
#4616=ADVANCED_FACE('',(#397),#196,.T.);
#4617=ADVANCED_FACE('',(#398),#197,.T.);
#4618=ADVANCED_FACE('',(#399,#55,#56,#57,#58,#59,#60,#61),#198,.T.);
#4619=ADVANCED_FACE('',(#400),#4431,.T.);
#4620=ADVANCED_FACE('',(#401),#4432,.T.);
#4621=ADVANCED_FACE('',(#402),#4433,.T.);
#4622=ADVANCED_FACE('',(#403),#4434,.T.);
#4623=ADVANCED_FACE('',(#404),#199,.T.);
#4624=ADVANCED_FACE('',(#405),#200,.T.);
#4625=ADVANCED_FACE('',(#406),#4435,.T.);
#4626=ADVANCED_FACE('',(#407),#4436,.T.);
#4627=ADVANCED_FACE('',(#408),#4437,.T.);
#4628=ADVANCED_FACE('',(#409),#4438,.T.);
#4629=ADVANCED_FACE('',(#410),#201,.T.);
#4630=ADVANCED_FACE('',(#411),#202,.T.);
#4631=ADVANCED_FACE('',(#412),#4439,.T.);
#4632=ADVANCED_FACE('',(#413),#4440,.T.);
#4633=ADVANCED_FACE('',(#414),#4441,.T.);
#4634=ADVANCED_FACE('',(#415),#4442,.T.);
#4635=ADVANCED_FACE('',(#416),#203,.T.);
#4636=ADVANCED_FACE('',(#417),#204,.T.);
#4637=ADVANCED_FACE('',(#418),#4443,.T.);
#4638=ADVANCED_FACE('',(#419),#4444,.T.);
#4639=ADVANCED_FACE('',(#420),#4445,.T.);
#4640=ADVANCED_FACE('',(#421),#4446,.T.);
#4641=ADVANCED_FACE('',(#422),#205,.T.);
#4642=ADVANCED_FACE('',(#423),#206,.T.);
#4643=ADVANCED_FACE('',(#424),#4447,.T.);
#4644=ADVANCED_FACE('',(#425),#4448,.T.);
#4645=ADVANCED_FACE('',(#426),#4449,.T.);
#4646=ADVANCED_FACE('',(#427),#4450,.T.);
#4647=ADVANCED_FACE('',(#428),#207,.T.);
#4648=ADVANCED_FACE('',(#429),#208,.T.);
#4649=ADVANCED_FACE('',(#430),#4451,.T.);
#4650=ADVANCED_FACE('',(#431),#4452,.T.);
#4651=ADVANCED_FACE('',(#432),#4453,.T.);
#4652=ADVANCED_FACE('',(#433),#4454,.T.);
#4653=ADVANCED_FACE('',(#434),#209,.T.);
#4654=ADVANCED_FACE('',(#435),#210,.T.);
#4655=ADVANCED_FACE('',(#436),#51,.T.);
#4656=ADVANCED_FACE('',(#437),#52,.T.);
#4657=ADVANCED_FACE('',(#438),#4455,.T.);
#4658=ADVANCED_FACE('',(#439),#53,.T.);
#4659=ADVANCED_FACE('',(#440),#54,.T.);
#4660=ADVANCED_FACE('',(#441),#4456,.T.);
#4661=ADVANCED_FACE('',(#442),#4457,.T.);
#4662=ADVANCED_FACE('',(#443),#4458,.T.);
#4663=ADVANCED_FACE('',(#444),#4459,.T.);
#4664=ADVANCED_FACE('',(#445),#4460,.T.);
#4665=ADVANCED_FACE('',(#446),#4461,.T.);
#4666=ADVANCED_FACE('',(#447),#4462,.T.);
#4667=ADVANCED_FACE('',(#448),#43,.T.);
#4668=ADVANCED_FACE('',(#449),#4463,.T.);
#4669=ADVANCED_FACE('',(#450),#44,.T.);
#4670=ADVANCED_FACE('',(#451),#4464,.T.);
#4671=ADVANCED_FACE('',(#452),#45,.T.);
#4672=ADVANCED_FACE('',(#453),#4465,.T.);
#4673=ADVANCED_FACE('',(#454),#46,.T.);
#4674=ADVANCED_FACE('',(#455),#4466,.T.);
#4675=ADVANCED_FACE('',(#456),#47,.T.);
#4676=ADVANCED_FACE('',(#457),#4467,.T.);
#4677=ADVANCED_FACE('',(#458),#48,.T.);
#4678=ADVANCED_FACE('',(#459),#4468,.T.);
#4679=ADVANCED_FACE('',(#460),#49,.T.);
#4680=ADVANCED_FACE('',(#461),#4469,.T.);
#4681=ADVANCED_FACE('',(#462),#50,.T.);
#4682=ADVANCED_FACE('',(#463),#4470,.T.);
#4683=ADVANCED_FACE('',(#464),#4471,.T.);
#4684=ADVANCED_FACE('',(#465),#4472,.T.);
#4685=ADVANCED_FACE('',(#466),#211,.T.);
#4686=ADVANCED_FACE('',(#467),#4473,.T.);
#4687=ADVANCED_FACE('',(#468),#212,.T.);
#4688=ADVANCED_FACE('',(#469),#4474,.T.);
#4689=ADVANCED_FACE('',(#470),#213,.T.);
#4690=ADVANCED_FACE('',(#471),#4475,.T.);
#4691=ADVANCED_FACE('',(#472),#214,.T.);
#4692=ADVANCED_FACE('',(#473),#4476,.T.);
#4693=ADVANCED_FACE('',(#474),#215,.T.);
#4694=ADVANCED_FACE('',(#475),#4477,.T.);
#4695=ADVANCED_FACE('',(#476),#216,.T.);
#4696=ADVANCED_FACE('',(#477),#4478,.T.);
#4697=ADVANCED_FACE('',(#478),#217,.T.);
#4698=ADVANCED_FACE('',(#479),#218,.T.);
#4699=ADVANCED_FACE('',(#480),#219,.T.);
#4700=ADVANCED_FACE('',(#481),#220,.T.);
#4701=ADVANCED_FACE('',(#482,#62),#221,.F.);
#4702=ADVANCED_FACE('',(#483),#222,.F.);
#4703=ADVANCED_FACE('',(#484),#223,.F.);
#4704=ADVANCED_FACE('',(#485),#224,.T.);
#4705=ADVANCED_FACE('',(#486),#225,.T.);
#4706=ADVANCED_FACE('',(#487),#226,.F.);
#4707=ADVANCED_FACE('',(#488),#227,.T.);
#4708=ADVANCED_FACE('',(#489),#4479,.T.);
#4709=ADVANCED_FACE('',(#490),#228,.T.);
#4710=ADVANCED_FACE('',(#491),#4480,.T.);
#4711=ADVANCED_FACE('',(#492),#229,.T.);
#4712=ADVANCED_FACE('',(#493),#4481,.T.);
#4713=ADVANCED_FACE('',(#494),#230,.T.);
#4714=ADVANCED_FACE('',(#495),#4482,.T.);
#4715=ADVANCED_FACE('',(#496,#63),#231,.T.);
#4716=ADVANCED_FACE('',(#497),#4483,.T.);
#4717=ADVANCED_FACE('',(#498),#232,.T.);
#4718=ADVANCED_FACE('',(#499),#4484,.T.);
#4719=ADVANCED_FACE('',(#500),#233,.T.);
#4720=ADVANCED_FACE('',(#501),#4485,.T.);
#4721=ADVANCED_FACE('',(#502),#234,.T.);
#4722=ADVANCED_FACE('',(#503),#4486,.T.);
#4723=ADVANCED_FACE('',(#504,#64,#65,#66,#67,#68,#69),#235,.F.);
#4724=ADVANCED_FACE('',(#505),#236,.T.);
#4725=ADVANCED_FACE('',(#506),#237,.T.);
#4726=ADVANCED_FACE('',(#507),#238,.T.);
#4727=ADVANCED_FACE('',(#508),#239,.T.);
#4728=ADVANCED_FACE('',(#509),#240,.T.);
#4729=ADVANCED_FACE('',(#510),#241,.T.);
#4730=ADVANCED_FACE('',(#511),#242,.T.);
#4731=ADVANCED_FACE('',(#512),#243,.T.);
#4732=ADVANCED_FACE('',(#513),#244,.T.);
#4733=ADVANCED_FACE('',(#514),#245,.T.);
#4734=ADVANCED_FACE('',(#515),#246,.T.);
#4735=ADVANCED_FACE('',(#516),#247,.T.);
#4736=ADVANCED_FACE('',(#517),#248,.T.);
#4737=ADVANCED_FACE('',(#518),#249,.T.);
#4738=ADVANCED_FACE('',(#519),#250,.T.);
#4739=ADVANCED_FACE('',(#520),#251,.T.);
#4740=ADVANCED_FACE('',(#521),#4487,.T.);
#4741=ADVANCED_FACE('',(#522),#252,.T.);
#4742=ADVANCED_FACE('',(#523),#4488,.T.);
#4743=ADVANCED_FACE('',(#524),#253,.T.);
#4744=ADVANCED_FACE('',(#525),#4489,.T.);
#4745=ADVANCED_FACE('',(#526),#254,.T.);
#4746=ADVANCED_FACE('',(#527),#4490,.T.);
#4747=ADVANCED_FACE('',(#528),#255,.T.);
#4748=ADVANCED_FACE('',(#529),#4491,.T.);
#4749=ADVANCED_FACE('',(#530),#256,.F.);
#4750=ADVANCED_FACE('',(#531),#257,.F.);
#4751=ADVANCED_FACE('',(#532),#258,.T.);
#4752=ADVANCED_FACE('',(#533),#4492,.T.);
#4753=ADVANCED_FACE('',(#534),#259,.T.);
#4754=ADVANCED_FACE('',(#535),#260,.T.);
#4755=ADVANCED_FACE('',(#536),#261,.T.);
#4756=ADVANCED_FACE('',(#537),#4493,.F.);
#4757=ADVANCED_FACE('',(#538),#262,.T.);
#4758=ADVANCED_FACE('',(#539),#263,.T.);
#4759=ADVANCED_FACE('',(#540),#264,.T.);
#4760=ADVANCED_FACE('',(#541),#265,.T.);
#4761=ADVANCED_FACE('',(#542),#266,.F.);
#4762=ADVANCED_FACE('',(#543),#4494,.T.);
#4763=ADVANCED_FACE('',(#544),#267,.T.);
#4764=ADVANCED_FACE('',(#545),#268,.F.);
#4765=ADVANCED_FACE('',(#546),#4495,.T.);
#4766=ADVANCED_FACE('',(#547),#269,.T.);
#4767=ADVANCED_FACE('',(#548),#4496,.T.);
#4768=ADVANCED_FACE('',(#549),#270,.T.);
#4769=ADVANCED_FACE('',(#550),#271,.F.);
#4770=ADVANCED_FACE('',(#551),#4497,.T.);
#4771=ADVANCED_FACE('',(#552),#272,.T.);
#4772=ADVANCED_FACE('',(#553),#273,.T.);
#4773=ADVANCED_FACE('',(#554),#4498,.T.);
#4774=ADVANCED_FACE('',(#555),#274,.T.);
#4775=ADVANCED_FACE('',(#556),#275,.T.);
#4776=ADVANCED_FACE('',(#557),#276,.T.);
#4777=ADVANCED_FACE('',(#558),#4499,.F.);
#4778=ADVANCED_FACE('',(#559),#277,.T.);
#4779=ADVANCED_FACE('',(#560),#278,.F.);
#4780=ADVANCED_FACE('',(#561),#279,.F.);
#4781=ADVANCED_FACE('',(#562),#280,.T.);
#4782=CLOSED_SHELL('',(#4500,#4501,#4502,#4503,#4504,#4505,#4506,#4507,
#4508,#4509,#4510,#4511,#4512,#4513,#4514,#4515,#4516,#4517,#4518,#4519,
#4520,#4521,#4522,#4523,#4524,#4525,#4526,#4527,#4528,#4529,#4530,#4531,
#4532,#4533,#4534,#4535,#4536,#4537,#4538,#4539,#4540,#4541,#4542,#4543,
#4544,#4545,#4546,#4547,#4548,#4549,#4550,#4551,#4552,#4553,#4554,#4555,
#4556,#4557,#4558,#4559,#4560,#4561,#4562,#4563,#4564,#4565,#4566,#4567,
#4568,#4569,#4570,#4571,#4572,#4573,#4574,#4575,#4576,#4577,#4578,#4579,
#4580,#4581,#4582,#4583,#4584,#4585,#4586,#4587,#4588,#4589,#4590,#4591,
#4592,#4593,#4594,#4595,#4596,#4597,#4598,#4599,#4600,#4601,#4602,#4603,
#4604,#4605,#4606,#4607,#4608,#4609,#4610,#4611));
#4783=CLOSED_SHELL('',(#4612,#4613,#4614,#4615,#4616,#4617,#4618,#4619,
#4620,#4621,#4622,#4623,#4624,#4625,#4626,#4627,#4628,#4629,#4630,#4631,
#4632,#4633,#4634,#4635,#4636,#4637,#4638,#4639,#4640,#4641,#4642,#4643,
#4644,#4645,#4646,#4647,#4648,#4649,#4650,#4651,#4652,#4653,#4654,#4655,
#4656,#4657,#4658,#4659,#4660,#4661,#4662,#4663,#4664,#4665,#4666,#4667,
#4668,#4669,#4670,#4671,#4672,#4673,#4674,#4675,#4676,#4677,#4678,#4679,
#4680,#4681,#4682,#4683,#4684,#4685,#4686,#4687,#4688,#4689,#4690,#4691,
#4692,#4693,#4694,#4695,#4696,#4697,#4698,#4699,#4700,#4701,#4702,#4703,
#4704,#4705,#4706,#4707,#4708,#4709,#4710,#4711,#4712,#4713,#4714,#4715,
#4716,#4717,#4718,#4719,#4720,#4721,#4722,#4723,#4724,#4725,#4726,#4727,
#4728,#4729,#4730,#4731,#4732,#4733,#4734,#4735,#4736,#4737,#4738,#4739,
#4740,#4741));
#4784=CLOSED_SHELL('',(#4742,#4743,#4744,#4745,#4746,#4747,#4748,#4749,
#4750,#4751,#4752,#4753,#4754,#4755,#4756,#4757,#4758,#4759,#4760,#4761));
#4785=CLOSED_SHELL('',(#4762,#4763,#4764,#4765,#4766,#4767,#4768,#4769,
#4770,#4771,#4772,#4773,#4774,#4775,#4776,#4777,#4778,#4779,#4780,#4781));
#4786=DERIVED_UNIT_ELEMENT(#4794,1.);
#4787=DERIVED_UNIT_ELEMENT(#8140,-3.);
#4788=DERIVED_UNIT_ELEMENT(#4794,1.);
#4789=DERIVED_UNIT_ELEMENT(#8140,-3.);
#4790=DERIVED_UNIT_ELEMENT(#4794,1.);
#4791=DERIVED_UNIT_ELEMENT(#8140,-3.);
#4792=DERIVED_UNIT_ELEMENT(#4794,1.);
#4793=DERIVED_UNIT_ELEMENT(#8140,-3.);
#4794=(
MASS_UNIT()
NAMED_UNIT(*)
SI_UNIT(.KILO.,.GRAM.)
);
#4795=DERIVED_UNIT((#4786,#4787));
#4796=DERIVED_UNIT((#4788,#4789));
#4797=DERIVED_UNIT((#4790,#4791));
#4798=DERIVED_UNIT((#4792,#4793));
#4799=MEASURE_REPRESENTATION_ITEM('density measure',
POSITIVE_RATIO_MEASURE(7850.),#4795);
#4800=MEASURE_REPRESENTATION_ITEM('density measure',
POSITIVE_RATIO_MEASURE(952.),#4796);
#4801=MEASURE_REPRESENTATION_ITEM('density measure',
POSITIVE_RATIO_MEASURE(8000.),#4797);
#4802=MEASURE_REPRESENTATION_ITEM('density measure',
POSITIVE_RATIO_MEASURE(8000.),#4798);
#4803=PROPERTY_DEFINITION_REPRESENTATION(#4823,#4811);
#4804=PROPERTY_DEFINITION_REPRESENTATION(#4824,#4812);
#4805=PROPERTY_DEFINITION_REPRESENTATION(#4825,#4813);
#4806=PROPERTY_DEFINITION_REPRESENTATION(#4826,#4814);
#4807=PROPERTY_DEFINITION_REPRESENTATION(#4827,#4815);
#4808=PROPERTY_DEFINITION_REPRESENTATION(#4828,#4816);
#4809=PROPERTY_DEFINITION_REPRESENTATION(#4829,#4817);
#4810=PROPERTY_DEFINITION_REPRESENTATION(#4830,#4818);
#4811=REPRESENTATION('material name',(#4819),#8134);
#4812=REPRESENTATION('density',(#4799),#8134);
#4813=REPRESENTATION('material name',(#4820),#8135);
#4814=REPRESENTATION('density',(#4800),#8135);
#4815=REPRESENTATION('material name',(#4821),#8136);
#4816=REPRESENTATION('density',(#4801),#8136);
#4817=REPRESENTATION('material name',(#4822),#8137);
#4818=REPRESENTATION('density',(#4802),#8137);
#4819=DESCRIPTIVE_REPRESENTATION_ITEM('Steel','Steel');
#4820=DESCRIPTIVE_REPRESENTATION_ITEM('Plastic, Opaque Black',
'Plastic, Opaque Black');
#4821=DESCRIPTIVE_REPRESENTATION_ITEM('Stainless Steel',
'Stainless Steel');
#4822=DESCRIPTIVE_REPRESENTATION_ITEM('Stainless Steel',
'Stainless Steel');
#4823=PROPERTY_DEFINITION('material property','material name',#8168);
#4824=PROPERTY_DEFINITION('material property','density of part',#8168);
#4825=PROPERTY_DEFINITION('material property','material name',#8169);
#4826=PROPERTY_DEFINITION('material property','density of part',#8169);
#4827=PROPERTY_DEFINITION('material property','material name',#8170);
#4828=PROPERTY_DEFINITION('material property','density of part',#8170);
#4829=PROPERTY_DEFINITION('material property','material name',#8171);
#4830=PROPERTY_DEFINITION('material property','density of part',#8171);
#4831=AXIS2_PLACEMENT_3D('',#6763,#5314,#5315);
#4832=AXIS2_PLACEMENT_3D('',#6764,#5316,#5317);
#4833=AXIS2_PLACEMENT_3D('',#6765,#5318,#5319);
#4834=AXIS2_PLACEMENT_3D('',#6768,#5320,#5321);
#4835=AXIS2_PLACEMENT_3D('',#6772,#5323,#5324);
#4836=AXIS2_PLACEMENT_3D('',#6774,#5326,#5327);
#4837=AXIS2_PLACEMENT_3D('',#6780,#5331,#5332);
#4838=AXIS2_PLACEMENT_3D('',#6800,#5342,#5343);
#4839=AXIS2_PLACEMENT_3D('',#6804,#5345,#5346);
#4840=AXIS2_PLACEMENT_3D('',#6807,#5348,#5349);
#4841=AXIS2_PLACEMENT_3D('',#6808,#5350,#5351);
#4842=AXIS2_PLACEMENT_3D('',#6812,#5353,#5354);
#4843=AXIS2_PLACEMENT_3D('',#6814,#5356,#5357);
#4844=AXIS2_PLACEMENT_3D('',#6818,#5360,#5361);
#4845=AXIS2_PLACEMENT_3D('',#6820,#5362,#5363);
#4846=AXIS2_PLACEMENT_3D('',#6823,#5365,#5366);
#4847=AXIS2_PLACEMENT_3D('',#6841,#5376,#5377);
#4848=AXIS2_PLACEMENT_3D('',#6844,#5378,#5379);
#4849=AXIS2_PLACEMENT_3D('',#6848,#5381,#5382);
#4850=AXIS2_PLACEMENT_3D('',#6850,#5384,#5385);
#4851=AXIS2_PLACEMENT_3D('',#6856,#5389,#5390);
#4852=AXIS2_PLACEMENT_3D('',#6863,#5394,#5395);
#4853=AXIS2_PLACEMENT_3D('',#6864,#5396,#5397);
#4854=AXIS2_PLACEMENT_3D('',#6866,#5398,#5399);
#4855=AXIS2_PLACEMENT_3D('',#6868,#5401,#5402);
#4856=AXIS2_PLACEMENT_3D('',#6872,#5405,#5406);
#4857=AXIS2_PLACEMENT_3D('',#6875,#5408,#5409);
#4858=AXIS2_PLACEMENT_3D('',#6876,#5410,#5411);
#4859=AXIS2_PLACEMENT_3D('',#6877,#5412,#5413);
#4860=AXIS2_PLACEMENT_3D('',#6880,#5416,#5417);
#4861=AXIS2_PLACEMENT_3D('',#6881,#5418,#5419);
#4862=AXIS2_PLACEMENT_3D('',#6883,#5421,#5422);
#4863=AXIS2_PLACEMENT_3D('',#6885,#5424,#5425);
#4864=AXIS2_PLACEMENT_3D('',#6886,#5426,#5427);
#4865=AXIS2_PLACEMENT_3D('',#6887,#5428,#5429);
#4866=AXIS2_PLACEMENT_3D('',#6888,#5430,#5431);
#4867=AXIS2_PLACEMENT_3D('',#6889,#5432,#5433);
#4868=AXIS2_PLACEMENT_3D('',#6890,#5434,#5435);
#4869=AXIS2_PLACEMENT_3D('',#6893,#5438,#5439);
#4870=AXIS2_PLACEMENT_3D('',#6895,#5441,#5442);
#4871=AXIS2_PLACEMENT_3D('',#6897,#5444,#5445);
#4872=AXIS2_PLACEMENT_3D('',#6899,#5447,#5448);
#4873=AXIS2_PLACEMENT_3D('',#6901,#5450,#5451);
#4874=AXIS2_PLACEMENT_3D('',#6903,#5453,#5454);
#4875=AXIS2_PLACEMENT_3D('',#6906,#5455,#5456);
#4876=AXIS2_PLACEMENT_3D('',#6910,#5458,#5459);
#4877=AXIS2_PLACEMENT_3D('',#6912,#5461,#5462);
#4878=AXIS2_PLACEMENT_3D('',#6916,#5464,#5465);
#4879=AXIS2_PLACEMENT_3D('',#6926,#5470,#5471);
#4880=AXIS2_PLACEMENT_3D('',#6936,#5476,#5477);
#4881=AXIS2_PLACEMENT_3D('',#6938,#5479,#5480);
#4882=AXIS2_PLACEMENT_3D('',#6942,#5483,#5484);
#4883=AXIS2_PLACEMENT_3D('',#6944,#5485,#5486);
#4884=AXIS2_PLACEMENT_3D('',#6946,#5488,#5489);
#4885=AXIS2_PLACEMENT_3D('',#6950,#5491,#5492);
#4886=AXIS2_PLACEMENT_3D('',#6952,#5494,#5495);
#4887=AXIS2_PLACEMENT_3D('',#6956,#5498,#5499);
#4888=AXIS2_PLACEMENT_3D('',#6959,#5500,#5501);
#4889=AXIS2_PLACEMENT_3D('',#6963,#5503,#5504);
#4890=AXIS2_PLACEMENT_3D('',#6965,#5506,#5507);
#4891=AXIS2_PLACEMENT_3D('',#6971,#5511,#5512);
#4892=AXIS2_PLACEMENT_3D('',#6981,#5517,#5518);
#4893=AXIS2_PLACEMENT_3D('',#6985,#5520,#5521);
#4894=AXIS2_PLACEMENT_3D('',#6989,#5523,#5524);
#4895=AXIS2_PLACEMENT_3D('',#6995,#5528,#5529);
#4896=AXIS2_PLACEMENT_3D('',#6999,#5531,#5532);
#4897=AXIS2_PLACEMENT_3D('',#7001,#5534,#5535);
#4898=AXIS2_PLACEMENT_3D('',#7005,#5538,#5539);
#4899=AXIS2_PLACEMENT_3D('',#7013,#5543,#5544);
#4900=AXIS2_PLACEMENT_3D('',#7016,#5546,#5547);
#4901=AXIS2_PLACEMENT_3D('',#7024,#5552,#5553);
#4902=AXIS2_PLACEMENT_3D('',#7026,#5555,#5556);
#4903=AXIS2_PLACEMENT_3D('',#7030,#5559,#5560);
#4904=AXIS2_PLACEMENT_3D('',#7032,#5561,#5562);
#4905=AXIS2_PLACEMENT_3D('',#7045,#5570,#5571);
#4906=AXIS2_PLACEMENT_3D('',#7047,#5573,#5574);
#4907=AXIS2_PLACEMENT_3D('',#7049,#5576,#5577);
#4908=AXIS2_PLACEMENT_3D('',#7050,#5578,#5579);
#4909=AXIS2_PLACEMENT_3D('',#7052,#5581,#5582);
#4910=AXIS2_PLACEMENT_3D('',#7055,#5585,#5586);
#4911=AXIS2_PLACEMENT_3D('',#7056,#5587,#5588);
#4912=AXIS2_PLACEMENT_3D('',#7057,#5589,#5590);
#4913=AXIS2_PLACEMENT_3D('',#7062,#5592,#5593);
#4914=AXIS2_PLACEMENT_3D('',#7065,#5595,#5596);
#4915=AXIS2_PLACEMENT_3D('',#7066,#5597,#5598);
#4916=AXIS2_PLACEMENT_3D('',#7074,#5603,#5604);
#4917=AXIS2_PLACEMENT_3D('',#7080,#5608,#5609);
#4918=AXIS2_PLACEMENT_3D('',#7083,#5611,#5612);
#4919=AXIS2_PLACEMENT_3D('',#7085,#5614,#5615);
#4920=AXIS2_PLACEMENT_3D('',#7088,#5617,#5618);
#4921=AXIS2_PLACEMENT_3D('',#7089,#5619,#5620);
#4922=AXIS2_PLACEMENT_3D('',#7093,#5623,#5624);
#4923=AXIS2_PLACEMENT_3D('',#7095,#5626,#5627);
#4924=AXIS2_PLACEMENT_3D('',#7097,#5629,#5630);
#4925=AXIS2_PLACEMENT_3D('',#7098,#5631,#5632);
#4926=AXIS2_PLACEMENT_3D('',#7103,#5634,#5635);
#4927=AXIS2_PLACEMENT_3D('',#7106,#5637,#5638);
#4928=AXIS2_PLACEMENT_3D('',#7107,#5639,#5640);
#4929=AXIS2_PLACEMENT_3D('',#7115,#5645,#5646);
#4930=AXIS2_PLACEMENT_3D('',#7121,#5650,#5651);
#4931=AXIS2_PLACEMENT_3D('',#7124,#5653,#5654);
#4932=AXIS2_PLACEMENT_3D('',#7126,#5656,#5657);
#4933=AXIS2_PLACEMENT_3D('',#7129,#5659,#5660);
#4934=AXIS2_PLACEMENT_3D('',#7130,#5661,#5662);
#4935=AXIS2_PLACEMENT_3D('',#7134,#5665,#5666);
#4936=AXIS2_PLACEMENT_3D('',#7136,#5668,#5669);
#4937=AXIS2_PLACEMENT_3D('',#7138,#5671,#5672);
#4938=AXIS2_PLACEMENT_3D('',#7139,#5673,#5674);
#4939=AXIS2_PLACEMENT_3D('',#7145,#5678,#5679);
#4940=AXIS2_PLACEMENT_3D('',#7151,#5683,#5684);
#4941=AXIS2_PLACEMENT_3D('',#7155,#5686,#5687);
#4942=AXIS2_PLACEMENT_3D('',#7156,#5688,#5689);
#4943=AXIS2_PLACEMENT_3D('',#7157,#5690,#5691);
#4944=AXIS2_PLACEMENT_3D('',#7160,#5694,#5695);
#4945=AXIS2_PLACEMENT_3D('',#7162,#5697,#5698);
#4946=AXIS2_PLACEMENT_3D('',#7164,#5700,#5701);
#4947=AXIS2_PLACEMENT_3D('',#7166,#5703,#5704);
#4948=AXIS2_PLACEMENT_3D('',#7167,#5705,#5706);
#4949=AXIS2_PLACEMENT_3D('',#7169,#5708,#5709);
#4950=AXIS2_PLACEMENT_3D('',#7170,#5710,#5711);
#4951=AXIS2_PLACEMENT_3D('',#7171,#5712,#5713);
#4952=AXIS2_PLACEMENT_3D('',#7175,#5715,#5716);
#4953=AXIS2_PLACEMENT_3D('',#7176,#5717,#5718);
#4954=AXIS2_PLACEMENT_3D('',#7177,#5719,#5720);
#4955=AXIS2_PLACEMENT_3D('',#7180,#5723,#5724);
#4956=AXIS2_PLACEMENT_3D('',#7182,#5726,#5727);
#4957=AXIS2_PLACEMENT_3D('',#7184,#5729,#5730);
#4958=AXIS2_PLACEMENT_3D('',#7186,#5732,#5733);
#4959=AXIS2_PLACEMENT_3D('',#7187,#5734,#5735);
#4960=AXIS2_PLACEMENT_3D('',#7189,#5737,#5738);
#4961=AXIS2_PLACEMENT_3D('',#7190,#5739,#5740);
#4962=AXIS2_PLACEMENT_3D('',#7191,#5741,#5742);
#4963=AXIS2_PLACEMENT_3D('',#7192,#5743,#5744);
#4964=AXIS2_PLACEMENT_3D('',#7194,#5746,#5747);
#4965=AXIS2_PLACEMENT_3D('',#7195,#5748,#5749);
#4966=AXIS2_PLACEMENT_3D('',#7197,#5751,#5752);
#4967=AXIS2_PLACEMENT_3D('',#7199,#5753,#5754);
#4968=AXIS2_PLACEMENT_3D('',#7202,#5756,#5757);
#4969=AXIS2_PLACEMENT_3D('',#7203,#5758,#5759);
#4970=AXIS2_PLACEMENT_3D('',#7205,#5760,#5761);
#4971=AXIS2_PLACEMENT_3D('',#7207,#5763,#5764);
#4972=AXIS2_PLACEMENT_3D('',#7210,#5766,#5767);
#4973=AXIS2_PLACEMENT_3D('',#7211,#5768,#5769);
#4974=AXIS2_PLACEMENT_3D('',#7213,#5771,#5772);
#4975=AXIS2_PLACEMENT_3D('',#7215,#5773,#5774);
#4976=AXIS2_PLACEMENT_3D('',#7218,#5776,#5777);
#4977=AXIS2_PLACEMENT_3D('',#7219,#5778,#5779);
#4978=AXIS2_PLACEMENT_3D('',#7221,#5781,#5782);
#4979=AXIS2_PLACEMENT_3D('',#7224,#5784,#5785);
#4980=AXIS2_PLACEMENT_3D('',#7226,#5787,#5788);
#4981=AXIS2_PLACEMENT_3D('',#7229,#5790,#5791);
#4982=AXIS2_PLACEMENT_3D('',#7230,#5792,#5793);
#4983=AXIS2_PLACEMENT_3D('',#7231,#5794,#5795);
#4984=AXIS2_PLACEMENT_3D('',#7233,#5797,#5798);
#4985=AXIS2_PLACEMENT_3D('',#7239,#5802,#5803);
#4986=AXIS2_PLACEMENT_3D('',#7245,#5807,#5808);
#4987=AXIS2_PLACEMENT_3D('',#7249,#5810,#5811);
#4988=AXIS2_PLACEMENT_3D('',#7250,#5812,#5813);
#4989=AXIS2_PLACEMENT_3D('',#7251,#5814,#5815);
#4990=AXIS2_PLACEMENT_3D('',#7254,#5818,#5819);
#4991=AXIS2_PLACEMENT_3D('',#7256,#5821,#5822);
#4992=AXIS2_PLACEMENT_3D('',#7257,#5823,#5824);
#4993=AXIS2_PLACEMENT_3D('',#7259,#5826,#5827);
#4994=AXIS2_PLACEMENT_3D('',#7260,#5828,#5829);
#4995=AXIS2_PLACEMENT_3D('',#7262,#5831,#5832);
#4996=AXIS2_PLACEMENT_3D('',#7263,#5833,#5834);
#4997=AXIS2_PLACEMENT_3D('',#7264,#5835,#5836);
#4998=AXIS2_PLACEMENT_3D('',#7268,#5838,#5839);
#4999=AXIS2_PLACEMENT_3D('',#7269,#5840,#5841);
#5000=AXIS2_PLACEMENT_3D('',#7270,#5842,#5843);
#5001=AXIS2_PLACEMENT_3D('',#7273,#5846,#5847);
#5002=AXIS2_PLACEMENT_3D('',#7275,#5849,#5850);
#5003=AXIS2_PLACEMENT_3D('',#7276,#5851,#5852);
#5004=AXIS2_PLACEMENT_3D('',#7277,#5853,#5854);
#5005=AXIS2_PLACEMENT_3D('',#7278,#5855,#5856);
#5006=AXIS2_PLACEMENT_3D('',#7280,#5858,#5859);
#5007=AXIS2_PLACEMENT_3D('',#7281,#5860,#5861);
#5008=AXIS2_PLACEMENT_3D('',#7282,#5862,#5863);
#5009=AXIS2_PLACEMENT_3D('',#7283,#5864,#5865);
#5010=AXIS2_PLACEMENT_3D('',#7284,#5866,#5867);
#5011=AXIS2_PLACEMENT_3D('',#7289,#5869,#5870);
#5012=AXIS2_PLACEMENT_3D('',#7292,#5872,#5873);
#5013=AXIS2_PLACEMENT_3D('',#7293,#5874,#5875);
#5014=AXIS2_PLACEMENT_3D('',#7297,#5877,#5878);
#5015=AXIS2_PLACEMENT_3D('',#7299,#5880,#5881);
#5016=AXIS2_PLACEMENT_3D('',#7303,#5883,#5884);
#5017=AXIS2_PLACEMENT_3D('',#7305,#5886,#5887);
#5018=AXIS2_PLACEMENT_3D('',#7308,#5890,#5891);
#5019=AXIS2_PLACEMENT_3D('',#7314,#5895,#5896);
#5020=AXIS2_PLACEMENT_3D('',#7318,#5899,#5900);
#5021=AXIS2_PLACEMENT_3D('',#7323,#5902,#5903);
#5022=AXIS2_PLACEMENT_3D('',#7327,#5905,#5906);
#5023=AXIS2_PLACEMENT_3D('',#7331,#5908,#5909);
#5024=AXIS2_PLACEMENT_3D('',#7335,#5911,#5912);
#5025=AXIS2_PLACEMENT_3D('',#7339,#5914,#5915);
#5026=AXIS2_PLACEMENT_3D('',#7343,#5917,#5918);
#5027=AXIS2_PLACEMENT_3D('',#7347,#5920,#5921);
#5028=AXIS2_PLACEMENT_3D('',#7351,#5923,#5924);
#5029=AXIS2_PLACEMENT_3D('',#7407,#5953,#5954);
#5030=AXIS2_PLACEMENT_3D('',#7409,#5955,#5956);
#5031=AXIS2_PLACEMENT_3D('',#7412,#5958,#5959);
#5032=AXIS2_PLACEMENT_3D('',#7413,#5960,#5961);
#5033=AXIS2_PLACEMENT_3D('',#7415,#5962,#5963);
#5034=AXIS2_PLACEMENT_3D('',#7417,#5965,#5966);
#5035=AXIS2_PLACEMENT_3D('',#7419,#5967,#5968);
#5036=AXIS2_PLACEMENT_3D('',#7421,#5970,#5971);
#5037=AXIS2_PLACEMENT_3D('',#7423,#5973,#5974);
#5038=AXIS2_PLACEMENT_3D('',#7429,#5978,#5979);
#5039=AXIS2_PLACEMENT_3D('',#7433,#5982,#5983);
#5040=AXIS2_PLACEMENT_3D('',#7435,#5984,#5985);
#5041=AXIS2_PLACEMENT_3D('',#7438,#5987,#5988);
#5042=AXIS2_PLACEMENT_3D('',#7439,#5989,#5990);
#5043=AXIS2_PLACEMENT_3D('',#7441,#5991,#5992);
#5044=AXIS2_PLACEMENT_3D('',#7443,#5994,#5995);
#5045=AXIS2_PLACEMENT_3D('',#7445,#5996,#5997);
#5046=AXIS2_PLACEMENT_3D('',#7447,#5999,#6000);
#5047=AXIS2_PLACEMENT_3D('',#7449,#6002,#6003);
#5048=AXIS2_PLACEMENT_3D('',#7455,#6007,#6008);
#5049=AXIS2_PLACEMENT_3D('',#7459,#6011,#6012);
#5050=AXIS2_PLACEMENT_3D('',#7461,#6013,#6014);
#5051=AXIS2_PLACEMENT_3D('',#7464,#6016,#6017);
#5052=AXIS2_PLACEMENT_3D('',#7465,#6018,#6019);
#5053=AXIS2_PLACEMENT_3D('',#7467,#6020,#6021);
#5054=AXIS2_PLACEMENT_3D('',#7469,#6023,#6024);
#5055=AXIS2_PLACEMENT_3D('',#7471,#6025,#6026);
#5056=AXIS2_PLACEMENT_3D('',#7473,#6028,#6029);
#5057=AXIS2_PLACEMENT_3D('',#7475,#6031,#6032);
#5058=AXIS2_PLACEMENT_3D('',#7489,#6040,#6041);
#5059=AXIS2_PLACEMENT_3D('',#7493,#6044,#6045);
#5060=AXIS2_PLACEMENT_3D('',#7495,#6046,#6047);
#5061=AXIS2_PLACEMENT_3D('',#7498,#6049,#6050);
#5062=AXIS2_PLACEMENT_3D('',#7499,#6051,#6052);
#5063=AXIS2_PLACEMENT_3D('',#7501,#6053,#6054);
#5064=AXIS2_PLACEMENT_3D('',#7503,#6056,#6057);
#5065=AXIS2_PLACEMENT_3D('',#7505,#6058,#6059);
#5066=AXIS2_PLACEMENT_3D('',#7507,#6061,#6062);
#5067=AXIS2_PLACEMENT_3D('',#7509,#6064,#6065);
#5068=AXIS2_PLACEMENT_3D('',#7515,#6069,#6070);
#5069=AXIS2_PLACEMENT_3D('',#7519,#6073,#6074);
#5070=AXIS2_PLACEMENT_3D('',#7521,#6075,#6076);
#5071=AXIS2_PLACEMENT_3D('',#7524,#6078,#6079);
#5072=AXIS2_PLACEMENT_3D('',#7525,#6080,#6081);
#5073=AXIS2_PLACEMENT_3D('',#7527,#6082,#6083);
#5074=AXIS2_PLACEMENT_3D('',#7529,#6085,#6086);
#5075=AXIS2_PLACEMENT_3D('',#7531,#6087,#6088);
#5076=AXIS2_PLACEMENT_3D('',#7533,#6090,#6091);
#5077=AXIS2_PLACEMENT_3D('',#7535,#6093,#6094);
#5078=AXIS2_PLACEMENT_3D('',#7541,#6098,#6099);
#5079=AXIS2_PLACEMENT_3D('',#7545,#6102,#6103);
#5080=AXIS2_PLACEMENT_3D('',#7547,#6104,#6105);
#5081=AXIS2_PLACEMENT_3D('',#7550,#6107,#6108);
#5082=AXIS2_PLACEMENT_3D('',#7551,#6109,#6110);
#5083=AXIS2_PLACEMENT_3D('',#7553,#6111,#6112);
#5084=AXIS2_PLACEMENT_3D('',#7555,#6114,#6115);
#5085=AXIS2_PLACEMENT_3D('',#7557,#6116,#6117);
#5086=AXIS2_PLACEMENT_3D('',#7559,#6119,#6120);
#5087=AXIS2_PLACEMENT_3D('',#7561,#6122,#6123);
#5088=AXIS2_PLACEMENT_3D('',#7567,#6127,#6128);
#5089=AXIS2_PLACEMENT_3D('',#7571,#6131,#6132);
#5090=AXIS2_PLACEMENT_3D('',#7573,#6133,#6134);
#5091=AXIS2_PLACEMENT_3D('',#7575,#6135,#6136);
#5092=AXIS2_PLACEMENT_3D('',#7576,#6137,#6138);
#5093=AXIS2_PLACEMENT_3D('',#7577,#6139,#6140);
#5094=AXIS2_PLACEMENT_3D('',#7580,#6141,#6142);
#5095=AXIS2_PLACEMENT_3D('',#7582,#6143,#6144);
#5096=AXIS2_PLACEMENT_3D('',#7583,#6145,#6146);
#5097=AXIS2_PLACEMENT_3D('',#7584,#6147,#6148);
#5098=AXIS2_PLACEMENT_3D('',#7587,#6151,#6152);
#5099=AXIS2_PLACEMENT_3D('',#7589,#6153,#6154);
#5100=AXIS2_PLACEMENT_3D('',#7591,#6155,#6156);
#5101=AXIS2_PLACEMENT_3D('',#7592,#6157,#6158);
#5102=AXIS2_PLACEMENT_3D('',#7593,#6159,#6160);
#5103=AXIS2_PLACEMENT_3D('',#7596,#6161,#6162);
#5104=AXIS2_PLACEMENT_3D('',#7598,#6163,#6164);
#5105=AXIS2_PLACEMENT_3D('',#7599,#6165,#6166);
#5106=AXIS2_PLACEMENT_3D('',#7600,#6167,#6168);
#5107=AXIS2_PLACEMENT_3D('',#7603,#6171,#6172);
#5108=AXIS2_PLACEMENT_3D('',#7606,#6173,#6174);
#5109=AXIS2_PLACEMENT_3D('',#7609,#6177,#6178);
#5110=AXIS2_PLACEMENT_3D('',#7612,#6181,#6182);
#5111=AXIS2_PLACEMENT_3D('',#7614,#6184,#6185);
#5112=AXIS2_PLACEMENT_3D('',#7617,#6187,#6188);
#5113=AXIS2_PLACEMENT_3D('',#7618,#6189,#6190);
#5114=AXIS2_PLACEMENT_3D('',#7621,#6191,#6192);
#5115=AXIS2_PLACEMENT_3D('',#7624,#6195,#6196);
#5116=AXIS2_PLACEMENT_3D('',#7628,#6198,#6199);
#5117=AXIS2_PLACEMENT_3D('',#7629,#6200,#6201);
#5118=AXIS2_PLACEMENT_3D('',#7630,#6202,#6203);
#5119=AXIS2_PLACEMENT_3D('',#7632,#6204,#6205);
#5120=AXIS2_PLACEMENT_3D('',#7633,#6206,#6207);
#5121=AXIS2_PLACEMENT_3D('',#7634,#6208,#6209);
#5122=AXIS2_PLACEMENT_3D('',#7636,#6210,#6211);
#5123=AXIS2_PLACEMENT_3D('',#7638,#6213,#6214);
#5124=AXIS2_PLACEMENT_3D('',#7640,#6215,#6216);
#5125=AXIS2_PLACEMENT_3D('',#7641,#6217,#6218);
#5126=AXIS2_PLACEMENT_3D('',#7642,#6219,#6220);
#5127=AXIS2_PLACEMENT_3D('',#7644,#6221,#6222);
#5128=AXIS2_PLACEMENT_3D('',#7646,#6224,#6225);
#5129=AXIS2_PLACEMENT_3D('',#7648,#6226,#6227);
#5130=AXIS2_PLACEMENT_3D('',#7649,#6228,#6229);
#5131=AXIS2_PLACEMENT_3D('',#7650,#6230,#6231);
#5132=AXIS2_PLACEMENT_3D('',#7652,#6232,#6233);
#5133=AXIS2_PLACEMENT_3D('',#7654,#6235,#6236);
#5134=AXIS2_PLACEMENT_3D('',#7656,#6237,#6238);
#5135=AXIS2_PLACEMENT_3D('',#7657,#6239,#6240);
#5136=AXIS2_PLACEMENT_3D('',#7658,#6241,#6242);
#5137=AXIS2_PLACEMENT_3D('',#7660,#6243,#6244);
#5138=AXIS2_PLACEMENT_3D('',#7662,#6246,#6247);
#5139=AXIS2_PLACEMENT_3D('',#7664,#6248,#6249);
#5140=AXIS2_PLACEMENT_3D('',#7665,#6250,#6251);
#5141=AXIS2_PLACEMENT_3D('',#7666,#6252,#6253);
#5142=AXIS2_PLACEMENT_3D('',#7668,#6254,#6255);
#5143=AXIS2_PLACEMENT_3D('',#7670,#6257,#6258);
#5144=AXIS2_PLACEMENT_3D('',#7672,#6259,#6260);
#5145=AXIS2_PLACEMENT_3D('',#7673,#6261,#6262);
#5146=AXIS2_PLACEMENT_3D('',#7674,#6263,#6264);
#5147=AXIS2_PLACEMENT_3D('',#7676,#6265,#6266);
#5148=AXIS2_PLACEMENT_3D('',#7678,#6268,#6269);
#5149=AXIS2_PLACEMENT_3D('',#7680,#6270,#6271);
#5150=AXIS2_PLACEMENT_3D('',#7681,#6272,#6273);
#5151=AXIS2_PLACEMENT_3D('',#7682,#6274,#6275);
#5152=AXIS2_PLACEMENT_3D('',#7684,#6276,#6277);
#5153=AXIS2_PLACEMENT_3D('',#7686,#6279,#6280);
#5154=AXIS2_PLACEMENT_3D('',#7688,#6281,#6282);
#5155=AXIS2_PLACEMENT_3D('',#7689,#6283,#6284);
#5156=AXIS2_PLACEMENT_3D('',#7690,#6285,#6286);
#5157=AXIS2_PLACEMENT_3D('',#7692,#6288,#6289);
#5158=AXIS2_PLACEMENT_3D('',#7694,#6291,#6292);
#5159=AXIS2_PLACEMENT_3D('',#7698,#6294,#6295);
#5160=AXIS2_PLACEMENT_3D('',#7700,#6297,#6298);
#5161=AXIS2_PLACEMENT_3D('',#7704,#6301,#6302);
#5162=AXIS2_PLACEMENT_3D('',#7707,#6304,#6305);
#5163=AXIS2_PLACEMENT_3D('',#7708,#6306,#6307);
#5164=AXIS2_PLACEMENT_3D('',#7712,#6310,#6311);
#5165=AXIS2_PLACEMENT_3D('',#7715,#6313,#6314);
#5166=AXIS2_PLACEMENT_3D('',#7716,#6315,#6316);
#5167=AXIS2_PLACEMENT_3D('',#7720,#6319,#6320);
#5168=AXIS2_PLACEMENT_3D('',#7723,#6322,#6323);
#5169=AXIS2_PLACEMENT_3D('',#7724,#6324,#6325);
#5170=AXIS2_PLACEMENT_3D('',#7728,#6328,#6329);
#5171=AXIS2_PLACEMENT_3D('',#7731,#6331,#6332);
#5172=AXIS2_PLACEMENT_3D('',#7732,#6333,#6334);
#5173=AXIS2_PLACEMENT_3D('',#7736,#6337,#6338);
#5174=AXIS2_PLACEMENT_3D('',#7739,#6340,#6341);
#5175=AXIS2_PLACEMENT_3D('',#7740,#6342,#6343);
#5176=AXIS2_PLACEMENT_3D('',#7744,#6346,#6347);
#5177=AXIS2_PLACEMENT_3D('',#7747,#6349,#6350);
#5178=AXIS2_PLACEMENT_3D('',#7748,#6351,#6352);
#5179=AXIS2_PLACEMENT_3D('',#7752,#6355,#6356);
#5180=AXIS2_PLACEMENT_3D('',#7753,#6357,#6358);
#5181=AXIS2_PLACEMENT_3D('',#7759,#6363,#6364);
#5182=AXIS2_PLACEMENT_3D('',#7760,#6365,#6366);
#5183=AXIS2_PLACEMENT_3D('',#7764,#6368,#6369);
#5184=AXIS2_PLACEMENT_3D('',#7770,#6372,#6373);
#5185=AXIS2_PLACEMENT_3D('',#7774,#6375,#6376);
#5186=AXIS2_PLACEMENT_3D('',#7778,#6378,#6379);
#5187=AXIS2_PLACEMENT_3D('',#7782,#6381,#6382);
#5188=AXIS2_PLACEMENT_3D('',#7786,#6384,#6385);
#5189=AXIS2_PLACEMENT_3D('',#7790,#6387,#6388);
#5190=AXIS2_PLACEMENT_3D('',#7794,#6390,#6391);
#5191=AXIS2_PLACEMENT_3D('',#7797,#6393,#6394);
#5192=AXIS2_PLACEMENT_3D('',#7798,#6395,#6396);
#5193=AXIS2_PLACEMENT_3D('',#7804,#6400,#6401);
#5194=AXIS2_PLACEMENT_3D('',#7810,#6405,#6406);
#5195=AXIS2_PLACEMENT_3D('',#7816,#6411,#6412);
#5196=AXIS2_PLACEMENT_3D('',#7818,#6414,#6415);
#5197=AXIS2_PLACEMENT_3D('',#7822,#6418,#6419);
#5198=AXIS2_PLACEMENT_3D('',#7828,#6423,#6424);
#5199=AXIS2_PLACEMENT_3D('',#7830,#6425,#6426);
#5200=AXIS2_PLACEMENT_3D('',#7832,#6428,#6429);
#5201=AXIS2_PLACEMENT_3D('',#7836,#6432,#6433);
#5202=AXIS2_PLACEMENT_3D('',#7838,#6434,#6435);
#5203=AXIS2_PLACEMENT_3D('',#7840,#6437,#6438);
#5204=AXIS2_PLACEMENT_3D('',#7844,#6441,#6442);
#5205=AXIS2_PLACEMENT_3D('',#7846,#6443,#6444);
#5206=AXIS2_PLACEMENT_3D('',#7848,#6446,#6447);
#5207=AXIS2_PLACEMENT_3D('',#7852,#6450,#6451);
#5208=AXIS2_PLACEMENT_3D('',#7854,#6452,#6453);
#5209=AXIS2_PLACEMENT_3D('',#7856,#6455,#6456);
#5210=AXIS2_PLACEMENT_3D('',#7860,#6459,#6460);
#5211=AXIS2_PLACEMENT_3D('',#7862,#6461,#6462);
#5212=AXIS2_PLACEMENT_3D('',#7864,#6464,#6465);
#5213=AXIS2_PLACEMENT_3D('',#7868,#6468,#6469);
#5214=AXIS2_PLACEMENT_3D('',#7870,#6470,#6471);
#5215=AXIS2_PLACEMENT_3D('',#7872,#6473,#6474);
#5216=AXIS2_PLACEMENT_3D('',#7876,#6477,#6478);
#5217=AXIS2_PLACEMENT_3D('',#7878,#6479,#6480);
#5218=AXIS2_PLACEMENT_3D('',#7880,#6482,#6483);
#5219=AXIS2_PLACEMENT_3D('',#7884,#6486,#6487);
#5220=AXIS2_PLACEMENT_3D('',#7885,#6488,#6489);
#5221=AXIS2_PLACEMENT_3D('',#7886,#6490,#6491);
#5222=AXIS2_PLACEMENT_3D('',#7902,#6502,#6503);
#5223=AXIS2_PLACEMENT_3D('',#7904,#6505,#6506);
#5224=AXIS2_PLACEMENT_3D('',#7905,#6507,#6508);
#5225=AXIS2_PLACEMENT_3D('',#7907,#6510,#6511);
#5226=AXIS2_PLACEMENT_3D('',#7908,#6512,#6513);
#5227=AXIS2_PLACEMENT_3D('',#7910,#6515,#6516);
#5228=AXIS2_PLACEMENT_3D('',#7911,#6517,#6518);
#5229=AXIS2_PLACEMENT_3D('',#7912,#6519,#6520);
#5230=AXIS2_PLACEMENT_3D('',#7914,#6522,#6523);
#5231=AXIS2_PLACEMENT_3D('',#7915,#6524,#6525);
#5232=AXIS2_PLACEMENT_3D('',#7917,#6527,#6528);
#5233=AXIS2_PLACEMENT_3D('',#7918,#6529,#6530);
#5234=AXIS2_PLACEMENT_3D('',#7920,#6532,#6533);
#5235=AXIS2_PLACEMENT_3D('',#7921,#6534,#6535);
#5236=AXIS2_PLACEMENT_3D('',#7922,#6536,#6537);
#5237=AXIS2_PLACEMENT_3D('',#7924,#6539,#6540);
#5238=AXIS2_PLACEMENT_3D('',#7926,#6542,#6543);
#5239=AXIS2_PLACEMENT_3D('',#7928,#6545,#6546);
#5240=AXIS2_PLACEMENT_3D('',#7929,#6547,#6548);
#5241=AXIS2_PLACEMENT_3D('',#7930,#6549,#6550);
#5242=AXIS2_PLACEMENT_3D('',#7933,#6551,#6552);
#5243=AXIS2_PLACEMENT_3D('',#7937,#6554,#6555);
#5244=AXIS2_PLACEMENT_3D('',#7939,#6557,#6558);
#5245=AXIS2_PLACEMENT_3D('',#7947,#6562,#6563);
#5246=AXIS2_PLACEMENT_3D('',#7951,#6565,#6566);
#5247=AXIS2_PLACEMENT_3D('',#7955,#6568,#6569);
#5248=AXIS2_PLACEMENT_3D('',#7957,#6571,#6572);
#5249=AXIS2_PLACEMENT_3D('',#7961,#6574,#6575);
#5250=AXIS2_PLACEMENT_3D('',#7963,#6577,#6578);
#5251=AXIS2_PLACEMENT_3D('',#7967,#6580,#6581);
#5252=AXIS2_PLACEMENT_3D('',#7971,#6583,#6584);
#5253=AXIS2_PLACEMENT_3D('',#7978,#6589,#6590);
#5254=AXIS2_PLACEMENT_3D('',#7981,#6593,#6594);
#5255=AXIS2_PLACEMENT_3D('',#7983,#6596,#6597);
#5256=AXIS2_PLACEMENT_3D('',#7985,#6599,#6600);
#5257=AXIS2_PLACEMENT_3D('',#7986,#6601,#6602);
#5258=AXIS2_PLACEMENT_3D('',#7987,#6603,#6604);
#5259=AXIS2_PLACEMENT_3D('',#7989,#6606,#6607);
#5260=AXIS2_PLACEMENT_3D('',#7991,#6608,#6609);
#5261=AXIS2_PLACEMENT_3D('',#7994,#6611,#6612);
#5262=AXIS2_PLACEMENT_3D('',#7995,#6613,#6614);
#5263=AXIS2_PLACEMENT_3D('',#7997,#6616,#6617);
#5264=AXIS2_PLACEMENT_3D('',#7999,#6618,#6619);
#5265=AXIS2_PLACEMENT_3D('',#8001,#6621,#6622);
#5266=AXIS2_PLACEMENT_3D('',#8004,#6624,#6625);
#5267=AXIS2_PLACEMENT_3D('',#8005,#6626,#6627);
#5268=AXIS2_PLACEMENT_3D('',#8007,#6629,#6630);
#5269=AXIS2_PLACEMENT_3D('',#8013,#6634,#6635);
#5270=AXIS2_PLACEMENT_3D('',#8017,#6638,#6639);
#5271=AXIS2_PLACEMENT_3D('',#8021,#6642,#6643);
#5272=AXIS2_PLACEMENT_3D('',#8023,#6645,#6646);
#5273=AXIS2_PLACEMENT_3D('',#8024,#6647,#6648);
#5274=AXIS2_PLACEMENT_3D('',#8025,#6649,#6650);
#5275=AXIS2_PLACEMENT_3D('',#8028,#6651,#6652);
#5276=AXIS2_PLACEMENT_3D('',#8032,#6654,#6655);
#5277=AXIS2_PLACEMENT_3D('',#8034,#6657,#6658);
#5278=AXIS2_PLACEMENT_3D('',#8040,#6662,#6663);
#5279=AXIS2_PLACEMENT_3D('',#8044,#6665,#6666);
#5280=AXIS2_PLACEMENT_3D('',#8048,#6669,#6670);
#5281=AXIS2_PLACEMENT_3D('',#8051,#6671,#6672);
#5282=AXIS2_PLACEMENT_3D('',#8054,#6675,#6676);
#5283=AXIS2_PLACEMENT_3D('',#8058,#6679,#6680);
#5284=AXIS2_PLACEMENT_3D('',#8061,#6681,#6682);
#5285=AXIS2_PLACEMENT_3D('',#8065,#6684,#6685);
#5286=AXIS2_PLACEMENT_3D('',#8067,#6687,#6688);
#5287=AXIS2_PLACEMENT_3D('',#8073,#6692,#6693);
#5288=AXIS2_PLACEMENT_3D('',#8081,#6697,#6698);
#5289=AXIS2_PLACEMENT_3D('',#8085,#6701,#6702);
#5290=AXIS2_PLACEMENT_3D('',#8088,#6703,#6704);
#5291=AXIS2_PLACEMENT_3D('',#8091,#6707,#6708);
#5292=AXIS2_PLACEMENT_3D('',#8095,#6711,#6712);
#5293=AXIS2_PLACEMENT_3D('',#8102,#6717,#6718);
#5294=AXIS2_PLACEMENT_3D('',#8104,#6720,#6721);
#5295=AXIS2_PLACEMENT_3D('',#8105,#6722,#6723);
#5296=AXIS2_PLACEMENT_3D('',#8106,#6724,#6725);
#5297=AXIS2_PLACEMENT_3D('',#8107,#6726,#6727);
#5298=AXIS2_PLACEMENT_3D('',#8109,#6729,#6730);
#5299=AXIS2_PLACEMENT_3D('',#8111,#6732,#6733);
#5300=AXIS2_PLACEMENT_3D('',#8112,#6734,#6735);
#5301=AXIS2_PLACEMENT_3D('',#8114,#6737,#6738);
#5302=AXIS2_PLACEMENT_3D('',#8115,#6739,#6740);
#5303=AXIS2_PLACEMENT_3D('',#8116,#6741,#6742);
#5304=AXIS2_PLACEMENT_3D('',#8117,#6743,#6744);
#5305=AXIS2_PLACEMENT_3D('',#8118,#6745,#6746);
#5306=AXIS2_PLACEMENT_3D('',#8119,#6747,#6748);
#5307=AXIS2_PLACEMENT_3D('',#8120,#6749,#6750);
#5308=AXIS2_PLACEMENT_3D('',#8121,#6751,#6752);
#5309=AXIS2_PLACEMENT_3D('',#8122,#6753,#6754);
#5310=AXIS2_PLACEMENT_3D('',#8123,#6755,#6756);
#5311=AXIS2_PLACEMENT_3D('',#8124,#6757,#6758);
#5312=AXIS2_PLACEMENT_3D('',#8125,#6759,#6760);
#5313=AXIS2_PLACEMENT_3D('',#8126,#6761,#6762);
#5314=DIRECTION('axis',(0.,0.,1.));
#5315=DIRECTION('refdir',(1.,0.,0.));
#5316=DIRECTION('axis',(0.,0.,1.));
#5317=DIRECTION('refdir',(1.,0.,0.));
#5318=DIRECTION('center_axis',(0.,1.,0.));
#5319=DIRECTION('ref_axis',(-0.707106781186545,0.,-0.70710678118655));
#5320=DIRECTION('center_axis',(0.,-1.,0.));
#5321=DIRECTION('ref_axis',(-0.707106781186545,0.,-0.70710678118655));
#5322=DIRECTION('',(0.,-1.,0.));
#5323=DIRECTION('center_axis',(0.,1.,0.));
#5324=DIRECTION('ref_axis',(-0.707106781186545,0.,-0.70710678118655));
#5325=DIRECTION('',(0.,1.,0.));
#5326=DIRECTION('center_axis',(1.,0.,0.));
#5327=DIRECTION('ref_axis',(0.,0.,1.));
#5328=DIRECTION('',(0.,0.,-1.));
#5329=DIRECTION('',(0.,1.,0.));
#5330=DIRECTION('',(0.,0.,1.));
#5331=DIRECTION('center_axis',(0.,1.,0.));
#5332=DIRECTION('ref_axis',(1.,0.,0.));
#5333=DIRECTION('',(1.,0.,5.04646829375071E-16));
#5334=DIRECTION('',(0.,0.,1.));
#5335=DIRECTION('',(-1.,0.,-8.41078048958453E-16));
#5336=DIRECTION('',(0.,0.,-1.));
#5337=DIRECTION('',(-1.,0.,0.));
#5338=DIRECTION('',(0.,0.,1.));
#5339=DIRECTION('',(-1.,0.,-8.41078048958453E-16));
#5340=DIRECTION('',(-7.26314128259448E-16,0.,-1.));
#5341=DIRECTION('',(1.,0.,5.04646829375071E-16));
#5342=DIRECTION('center_axis',(0.,1.,0.));
#5343=DIRECTION('ref_axis',(0.707106781186545,0.,-0.70710678118655));
#5344=DIRECTION('',(0.,0.,1.));
#5345=DIRECTION('center_axis',(0.,1.,0.));
#5346=DIRECTION('ref_axis',(1.,0.,0.));
#5347=DIRECTION('',(1.,0.,0.));
#5348=DIRECTION('center_axis',(0.,1.,0.));
#5349=DIRECTION('ref_axis',(-1.,0.,0.));
#5350=DIRECTION('center_axis',(0.,-1.,0.));
#5351=DIRECTION('ref_axis',(0.707106781186545,0.,-0.70710678118655));
#5352=DIRECTION('',(0.,1.,0.));
#5353=DIRECTION('center_axis',(0.,-1.,0.));
#5354=DIRECTION('ref_axis',(0.707106781186545,0.,-0.70710678118655));
#5355=DIRECTION('',(0.,-1.,0.));
#5356=DIRECTION('center_axis',(-1.,0.,0.));
#5357=DIRECTION('ref_axis',(0.,0.,-1.));
#5358=DIRECTION('',(0.,0.,-1.));
#5359=DIRECTION('',(0.,1.,0.));
#5360=DIRECTION('center_axis',(0.,1.,0.));
#5361=DIRECTION('ref_axis',(0.,0.,1.));
#5362=DIRECTION('center_axis',(0.,-1.,0.));
#5363=DIRECTION('ref_axis',(-1.,0.,0.));
#5364=DIRECTION('',(-1.,0.,0.));
#5365=DIRECTION('center_axis',(0.,-1.,0.));
#5366=DIRECTION('ref_axis',(1.,0.,0.));
#5367=DIRECTION('',(-1.,0.,-5.04646829375071E-16));
#5368=DIRECTION('',(7.26314128259448E-16,0.,1.));
#5369=DIRECTION('',(1.,0.,8.41078048958453E-16));
#5370=DIRECTION('',(0.,0.,-1.));
#5371=DIRECTION('',(1.,0.,0.));
#5372=DIRECTION('',(0.,0.,1.));
#5373=DIRECTION('',(1.,0.,8.41078048958453E-16));
#5374=DIRECTION('',(0.,0.,-1.));
#5375=DIRECTION('',(-1.,0.,-5.04646829375071E-16));
#5376=DIRECTION('center_axis',(0.,0.866025403784439,-0.499999999999999));
#5377=DIRECTION('ref_axis',(0.707106781186548,-0.353553390593273,-0.612372435695795));
#5378=DIRECTION('center_axis',(0.,-0.866025403784439,0.499999999999999));
#5379=DIRECTION('ref_axis',(0.707106781186548,-0.353553390593273,-0.612372435695795));
#5380=DIRECTION('',(0.,-0.866025403784439,0.499999999999999));
#5381=DIRECTION('center_axis',(0.,0.866025403784439,-0.499999999999999));
#5382=DIRECTION('ref_axis',(0.707106781186548,-0.353553390593273,-0.612372435695795));
#5383=DIRECTION('',(0.,0.866025403784439,-0.499999999999999));
#5384=DIRECTION('center_axis',(0.,-0.499999999999999,-0.866025403784439));
#5385=DIRECTION('ref_axis',(-1.,0.,0.));
#5386=DIRECTION('',(1.,0.,0.));
#5387=DIRECTION('',(0.,-0.866025403784439,0.499999999999999));
#5388=DIRECTION('',(-1.,0.,0.));
#5389=DIRECTION('center_axis',(0.,-0.866025403784439,0.499999999999999));
#5390=DIRECTION('ref_axis',(0.,-0.499999999999999,-0.866025403784439));
#5391=DIRECTION('',(0.,0.499999999999999,0.866025403784439));
#5392=DIRECTION('',(-1.,0.,0.));
#5393=DIRECTION('',(0.,0.499999999999999,0.866025403784439));
#5394=DIRECTION('center_axis',(0.,0.866025403784439,-0.499999999999999));
#5395=DIRECTION('ref_axis',(-0.707106781186548,-0.353553390593273,-0.612372435695795));
#5396=DIRECTION('center_axis',(0.,0.866025403784439,-0.499999999999999));
#5397=DIRECTION('ref_axis',(-0.707106781186548,-0.353553390593273,-0.612372435695795));
#5398=DIRECTION('center_axis',(0.,-0.866025403784439,0.499999999999999));
#5399=DIRECTION('ref_axis',(-0.707106781186548,-0.353553390593273,-0.612372435695795));
#5400=DIRECTION('',(0.,0.866025403784439,-0.499999999999999));
#5401=DIRECTION('center_axis',(-1.,0.,0.));
#5402=DIRECTION('ref_axis',(0.,0.499999999999999,0.866025403784439));
#5403=DIRECTION('',(0.,0.866025403784439,-0.499999999999999));
#5404=DIRECTION('',(0.,0.499999999999999,0.866025403784439));
#5405=DIRECTION('center_axis',(-1.,0.,0.));
#5406=DIRECTION('ref_axis',(0.,1.,0.));
#5407=DIRECTION('',(1.,0.,0.));
#5408=DIRECTION('center_axis',(1.,0.,0.));
#5409=DIRECTION('ref_axis',(0.,0.866025403784439,-0.5));
#5410=DIRECTION('center_axis',(-1.,0.,0.));
#5411=DIRECTION('ref_axis',(0.,1.,0.));
#5412=DIRECTION('center_axis',(1.,0.,0.));
#5413=DIRECTION('ref_axis',(0.,-0.499999999999999,-0.866025403784439));
#5414=DIRECTION('',(0.,-0.499999999999999,-0.866025403784439));
#5415=DIRECTION('',(0.,-0.866025403784439,0.499999999999999));
#5416=DIRECTION('center_axis',(-1.,0.,0.));
#5417=DIRECTION('ref_axis',(0.,0.,1.));
#5418=DIRECTION('center_axis',(1.,0.,0.));
#5419=DIRECTION('ref_axis',(0.,0.866025403784439,-0.499999999999999));
#5420=DIRECTION('',(0.,1.,0.));
#5421=DIRECTION('center_axis',(1.,0.,0.));
#5422=DIRECTION('ref_axis',(0.,0.,-1.));
#5423=DIRECTION('',(0.,1.,0.));
#5424=DIRECTION('center_axis',(1.,0.,0.));
#5425=DIRECTION('ref_axis',(0.,0.866025403784439,-0.499999999999999));
#5426=DIRECTION('center_axis',(-1.,0.,0.));
#5427=DIRECTION('ref_axis',(0.,1.,0.));
#5428=DIRECTION('center_axis',(0.,0.866025403784439,-0.499999999999999));
#5429=DIRECTION('ref_axis',(0.,0.499999999999999,0.866025403784439));
#5430=DIRECTION('center_axis',(0.,1.,0.));
#5431=DIRECTION('ref_axis',(-1.,0.,0.));
#5432=DIRECTION('center_axis',(0.,1.,0.));
#5433=DIRECTION('ref_axis',(1.,0.,0.));
#5434=DIRECTION('center_axis',(1.,0.,0.));
#5435=DIRECTION('ref_axis',(0.,0.,1.));
#5436=DIRECTION('',(0.,-1.,0.));
#5437=DIRECTION('',(0.,-1.,0.));
#5438=DIRECTION('center_axis',(0.,0.,-1.));
#5439=DIRECTION('ref_axis',(1.,0.,0.));
#5440=DIRECTION('',(0.,-1.,0.));
#5441=DIRECTION('center_axis',(-1.,0.,0.));
#5442=DIRECTION('ref_axis',(0.,0.,-1.));
#5443=DIRECTION('',(0.,1.,0.));
#5444=DIRECTION('center_axis',(5.04646829375071E-16,0.,-1.));
#5445=DIRECTION('ref_axis',(-1.,0.,-5.04646829375071E-16));
#5446=DIRECTION('',(0.,-1.,0.));
#5447=DIRECTION('center_axis',(-8.41078048958453E-16,0.,1.));
#5448=DIRECTION('ref_axis',(1.,0.,8.41078048958453E-16));
#5449=DIRECTION('',(0.,-1.,0.));
#5450=DIRECTION('center_axis',(-8.41078048958453E-16,0.,1.));
#5451=DIRECTION('ref_axis',(1.,0.,8.41078048958453E-16));
#5452=DIRECTION('',(0.,1.,0.));
#5453=DIRECTION('center_axis',(1.,0.,0.));
#5454=DIRECTION('ref_axis',(0.,-0.707106781186549,0.707106781186546));
#5455=DIRECTION('center_axis',(-1.,0.,0.));
#5456=DIRECTION('ref_axis',(0.,-0.707106781186549,0.707106781186546));
#5457=DIRECTION('',(-1.,0.,0.));
#5458=DIRECTION('center_axis',(1.,7.21644966006352E-16,0.));
#5459=DIRECTION('ref_axis',(5.10280049072228E-16,-0.707106781186549,0.707106781186546));
#5460=DIRECTION('',(1.,0.,0.));
#5461=DIRECTION('center_axis',(1.,0.,0.));
#5462=DIRECTION('ref_axis',(0.,0.,-1.));
#5463=DIRECTION('',(0.,0.,-1.));
#5464=DIRECTION('center_axis',(-1.,0.,0.));
#5465=DIRECTION('ref_axis',(0.,-0.707106781186546,-0.707106781186549));
#5466=DIRECTION('',(-7.21644966006352E-16,1.,0.));
#5467=DIRECTION('',(0.,0.,-1.));
#5468=DIRECTION('',(0.,-1.,0.));
#5469=DIRECTION('',(0.,0.,-1.));
#5470=DIRECTION('center_axis',(-1.,0.,0.));
#5471=DIRECTION('ref_axis',(0.,-0.707106781186546,-0.707106781186549));
#5472=DIRECTION('',(-5.55111512312578E-16,1.,0.));
#5473=DIRECTION('',(0.,0.,1.));
#5474=DIRECTION('',(8.03112720359632E-16,-1.,0.));
#5475=DIRECTION('',(0.,0.,-1.));
#5476=DIRECTION('center_axis',(-1.,-1.0547118733939E-15,0.));
#5477=DIRECTION('ref_axis',(-1.17096540618744E-30,1.11022302462516E-15,
1.));
#5478=DIRECTION('',(7.21644966006352E-16,-1.,0.));
#5479=DIRECTION('center_axis',(0.,-1.,0.));
#5480=DIRECTION('ref_axis',(0.,0.,-1.));
#5481=DIRECTION('',(0.,0.,1.));
#5482=DIRECTION('',(-1.,0.,0.));
#5483=DIRECTION('center_axis',(1.,0.,0.));
#5484=DIRECTION('ref_axis',(0.,-0.707106781186546,-0.707106781186549));
#5485=DIRECTION('center_axis',(1.,7.21644966006352E-16,0.));
#5486=DIRECTION('ref_axis',(5.10280049072226E-16,-0.707106781186546,-0.707106781186549));
#5487=DIRECTION('',(1.,0.,0.));
#5488=DIRECTION('center_axis',(1.,0.,0.));
#5489=DIRECTION('ref_axis',(0.,-0.707106781186546,-0.707106781186549));
#5490=DIRECTION('',(-1.,0.,0.));
#5491=DIRECTION('center_axis',(1.,7.21644966006352E-16,0.));
#5492=DIRECTION('ref_axis',(5.10280049072226E-16,-0.707106781186546,-0.707106781186549));
#5493=DIRECTION('',(1.,0.,0.));
#5494=DIRECTION('center_axis',(0.,-1.,0.));
#5495=DIRECTION('ref_axis',(0.,0.,-1.));
#5496=DIRECTION('',(-1.,0.,0.));
#5497=DIRECTION('',(0.,0.,1.));
#5498=DIRECTION('center_axis',(-1.,0.,0.));
#5499=DIRECTION('ref_axis',(0.,-0.707106781186546,-0.707106781186549));
#5500=DIRECTION('center_axis',(1.,0.,0.));
#5501=DIRECTION('ref_axis',(0.,-0.707106781186546,-0.707106781186549));
#5502=DIRECTION('',(1.,0.,0.));
#5503=DIRECTION('center_axis',(-1.,-6.80011602582908E-16,1.02695629777827E-15));
#5504=DIRECTION('ref_axis',(-2.45326946669343E-16,-0.707106781186546,-0.707106781186549));
#5505=DIRECTION('',(-1.,0.,0.));
#5506=DIRECTION('center_axis',(0.,-7.33688064805496E-17,-1.));
#5507=DIRECTION('ref_axis',(6.66133814775094E-16,-1.,7.33688064805496E-17));
#5508=DIRECTION('',(1.04404653646752E-15,-1.,-9.27299602853113E-31));
#5509=DIRECTION('',(1.,4.44089209850063E-16,-2.12732482895597E-16));
#5510=DIRECTION('',(-1.04404653646752E-15,1.,7.84638125491096E-31));
#5511=DIRECTION('center_axis',(-1.,0.,0.));
#5512=DIRECTION('ref_axis',(0.,0.,1.));
#5513=DIRECTION('',(8.3790416952842E-16,2.09476042382105E-16,1.));
#5514=DIRECTION('',(0.,1.,0.));
#5515=DIRECTION('',(0.,0.,1.));
#5516=DIRECTION('',(6.54693030687516E-16,-1.,2.09476042382104E-16));
#5517=DIRECTION('center_axis',(1.,0.,0.));
#5518=DIRECTION('ref_axis',(0.,-0.707106781186551,-0.707106781186544));
#5519=DIRECTION('',(1.00929365875014E-15,0.,1.));
#5520=DIRECTION('center_axis',(1.,0.,0.));
#5521=DIRECTION('ref_axis',(0.,-0.707106781186549,0.707106781186546));
#5522=DIRECTION('',(-6.54693030687516E-16,1.,-2.09476042382104E-16));
#5523=DIRECTION('center_axis',(1.,-8.32667268468867E-16,-2.12732482895597E-16));
#5524=DIRECTION('ref_axis',(2.12732482895598E-16,1.11022302462516E-15,1.));
#5525=DIRECTION('',(2.12732482895597E-16,7.8739221604621E-17,1.));
#5526=DIRECTION('',(-4.9960036108132E-16,1.,-9.86076131526265E-31));
#5527=DIRECTION('',(-2.12732482895597E-16,2.95822839457879E-31,-1.));
#5528=DIRECTION('center_axis',(-1.,0.,0.));
#5529=DIRECTION('ref_axis',(0.,-0.707106781186551,-0.707106781186544));
#5530=DIRECTION('',(1.,0.,0.));
#5531=DIRECTION('center_axis',(-1.,-6.80011602582908E-16,1.02695629777827E-15));
#5532=DIRECTION('ref_axis',(-2.45326946669334E-16,-0.707106781186551,-0.707106781186544));
#5533=DIRECTION('',(-1.,0.,0.));
#5534=DIRECTION('center_axis',(0.,-1.,0.));
#5535=DIRECTION('ref_axis',(1.00929365875014E-15,0.,1.));
#5536=DIRECTION('',(-1.00929365875014E-15,0.,-1.));
#5537=DIRECTION('',(1.,0.,-9.25185853854298E-16));
#5538=DIRECTION('center_axis',(-1.,-6.80011602582908E-16,1.02695629777827E-15));
#5539=DIRECTION('ref_axis',(1.02695629777827E-15,0.,1.));
#5540=DIRECTION('',(7.62998531499724E-16,9.86076131526265E-32,1.));
#5541=DIRECTION('',(-1.04404653646752E-15,1.,7.84638125491096E-31));
#5542=DIRECTION('',(-7.62998531499723E-16,-7.8739221604621E-17,-1.));
#5543=DIRECTION('center_axis',(-1.,-6.66133814775094E-16,7.62998531499723E-16));
#5544=DIRECTION('ref_axis',(7.62998531499722E-16,1.11022302462516E-15,1.));
#5545=DIRECTION('',(6.66133814775094E-16,-1.,7.33688064805496E-17));
#5546=DIRECTION('center_axis',(-1.,-6.80011602582908E-16,1.02695629777827E-15));
#5547=DIRECTION('ref_axis',(1.20700857761315E-15,-0.707106781186549,0.707106781186546));
#5548=DIRECTION('',(6.54693030687516E-16,-1.,2.09476042382104E-16));
#5549=DIRECTION('',(-7.93890541094745E-16,0.,-1.));
#5550=DIRECTION('',(6.54693030687516E-16,-1.,0.));
#5551=DIRECTION('',(-8.3790416952842E-16,-2.09476042382105E-16,-1.));
#5552=DIRECTION('center_axis',(-1.,0.,9.25185853854298E-16));
#5553=DIRECTION('ref_axis',(6.54205191118239E-16,-0.707106781186549,0.707106781186546));
#5554=DIRECTION('',(-1.,0.,9.25185853854298E-16));
#5555=DIRECTION('center_axis',(0.,0.,1.));
#5556=DIRECTION('ref_axis',(7.21644966006352E-16,-1.,0.));
#5557=DIRECTION('',(1.,0.,0.));
#5558=DIRECTION('',(-7.21644966006352E-16,1.,0.));
#5559=DIRECTION('center_axis',(-1.,-7.21644966006352E-16,0.));
#5560=DIRECTION('ref_axis',(0.,0.,1.));
#5561=DIRECTION('center_axis',(1.,7.21644966006352E-16,0.));
#5562=DIRECTION('ref_axis',(-8.01186856865093E-31,1.11022302462516E-15,
1.));
#5563=DIRECTION('',(0.,0.,1.));
#5564=DIRECTION('',(-8.03112720359632E-16,1.,0.));
#5565=DIRECTION('',(0.,0.,-1.));
#5566=DIRECTION('',(-8.03112720359632E-16,1.,0.));
#5567=DIRECTION('',(-7.21644966006352E-16,1.,0.));
#5568=DIRECTION('',(0.,0.,1.));
#5569=DIRECTION('',(7.21644966006352E-16,-1.,0.));
#5570=DIRECTION('center_axis',(0.,0.,-1.));
#5571=DIRECTION('ref_axis',(0.,1.,0.));
#5572=DIRECTION('',(1.,0.,0.));
#5573=DIRECTION('center_axis',(0.,0.,1.));
#5574=DIRECTION('ref_axis',(0.,-1.,0.));
#5575=DIRECTION('',(1.,0.,0.));
#5576=DIRECTION('center_axis',(0.,1.,0.));
#5577=DIRECTION('ref_axis',(0.,0.,1.));
#5578=DIRECTION('center_axis',(0.,0.,1.));
#5579=DIRECTION('ref_axis',(0.,1.,0.));
#5580=DIRECTION('',(-1.,0.,0.));
#5581=DIRECTION('center_axis',(0.,0.,-1.));
#5582=DIRECTION('ref_axis',(0.,-1.,0.));
#5583=DIRECTION('',(-1.,0.,0.));
#5584=DIRECTION('',(-1.,0.,0.));
#5585=DIRECTION('center_axis',(0.,1.,0.));
#5586=DIRECTION('ref_axis',(0.,0.,-1.));
#5587=DIRECTION('center_axis',(0.,-1.,2.09476042382105E-16));
#5588=DIRECTION('ref_axis',(8.3790416952842E-16,2.09476042382105E-16,1.));
#5589=DIRECTION('center_axis',(5.56770375419775E-16,5.56770375419781E-16,
-1.));
#5590=DIRECTION('ref_axis',(0.707106781186551,-0.707106781186544,-3.58292673208514E-31));
#5591=DIRECTION('',(-5.56770375419775E-16,-5.56770375419782E-16,1.));
#5592=DIRECTION('center_axis',(-5.56770375419775E-16,-5.56770375419781E-16,
1.));
#5593=DIRECTION('ref_axis',(9.25185853854295E-15,-1.,-5.56770375419776E-16));
#5594=DIRECTION('',(5.51174551232345E-16,5.5117455123235E-16,-1.));
#5595=DIRECTION('center_axis',(5.56770375419775E-16,5.56770375419781E-16,
-1.));
#5596=DIRECTION('ref_axis',(0.707106781186549,-0.707106781186546,-2.60493094686014E-30));
#5597=DIRECTION('center_axis',(-1.03113415154882E-15,-5.56770375419786E-16,
1.));
#5598=DIRECTION('ref_axis',(-1.,-4.6074255521944E-15,-1.03113415154882E-15));
#5599=DIRECTION('',(-8.77076189453874E-15,1.,5.56770375419777E-16));
#5600=DIRECTION('',(1.,4.5777425060499E-15,1.03113415154883E-15));
#5601=DIRECTION('',(9.32587340685131E-15,-1.,-5.56770375419776E-16));
#5602=DIRECTION('',(-1.,-4.5777425060499E-15,-1.03113415154883E-15));
#5603=DIRECTION('center_axis',(7.71605002114484E-15,-1.,-4.17577781564828E-16));
#5604=DIRECTION('ref_axis',(-9.14292467714866E-17,4.17577781564827E-16,
-1.));
#5605=DIRECTION('',(5.56770375419777E-16,4.17577781564832E-16,-1.));
#5606=DIRECTION('',(1.,8.43268356377614E-15,1.03113415154883E-15));
#5607=DIRECTION('',(-8.82918910213122E-16,-3.34062225251867E-16,1.));
#5608=DIRECTION('center_axis',(5.56770375419775E-16,5.56770375419781E-16,
-1.));
#5609=DIRECTION('ref_axis',(-1.,-1.57130849112041E-47,-5.56770375419775E-16));
#5610=DIRECTION('',(8.77076189453874E-15,-1.,-5.56770375419777E-16));
#5611=DIRECTION('center_axis',(-5.56770375419775E-16,-5.56770375419781E-16,
1.));
#5612=DIRECTION('ref_axis',(7.4014868308344E-15,-1.,-5.56770375419777E-16));
#5613=DIRECTION('',(-0.707106781186551,0.707106781186544,-2.2186712959341E-31));
#5614=DIRECTION('center_axis',(-5.56770375419775E-16,-5.56770375419781E-16,
1.));
#5615=DIRECTION('ref_axis',(1.,1.57130849112041E-47,5.56770375419775E-16));
#5616=DIRECTION('',(0.707106781186551,-0.707106781186544,4.43734259186819E-31));
#5617=DIRECTION('center_axis',(-5.56770375419775E-16,-5.56770375419781E-16,
1.));
#5618=DIRECTION('ref_axis',(9.251858538543E-15,-1.,-5.56770375419776E-16));
#5619=DIRECTION('center_axis',(3.74256271264166E-16,5.5677037541978E-16,
-1.));
#5620=DIRECTION('ref_axis',(1.,8.77076189453874E-15,3.74256271264171E-16));
#5621=DIRECTION('',(1.,8.77076189453874E-15,3.74256271264171E-16));
#5622=DIRECTION('',(9.32587340685131E-15,-1.,-5.56770375419776E-16));
#5623=DIRECTION('center_axis',(-1.,-9.32587340685131E-15,-8.82918910213125E-16));
#5624=DIRECTION('ref_axis',(8.82918910213122E-16,3.34062225251867E-16,-1.));
#5625=DIRECTION('',(8.82918910213122E-16,3.34062225251867E-16,-1.));
#5626=DIRECTION('center_axis',(5.56770375419775E-16,5.56770375419781E-16,
-1.));
#5627=DIRECTION('ref_axis',(0.707106781186551,-0.707106781186544,-3.58292673208514E-31));
#5628=DIRECTION('',(-5.51174551232344E-16,-5.5117455123235E-16,1.));
#5629=DIRECTION('center_axis',(9.32587340685131E-15,-1.,-5.56770375419776E-16));
#5630=DIRECTION('ref_axis',(-2.30621840626435E-16,5.56770375419774E-16,
-1.));
#5631=DIRECTION('center_axis',(3.58872232743821E-16,6.79024097384283E-16,
1.));
#5632=DIRECTION('ref_axis',(-0.70710678118655,-0.707106781186545,7.33903533202213E-16));
#5633=DIRECTION('',(-3.58872232743815E-16,5.48794358179298E-17,-1.));
#5634=DIRECTION('center_axis',(-3.58872232743821E-16,-6.79024097384283E-16,
-1.));
#5635=DIRECTION('ref_axis',(-7.40148683083437E-15,-1.,6.79024097384286E-16));
#5636=DIRECTION('',(-2.78816209877938E-16,3.6140676540552E-17,1.));
#5637=DIRECTION('center_axis',(3.58872232743821E-16,6.79024097384283E-16,
1.));
#5638=DIRECTION('ref_axis',(-0.707106781186545,-0.70710678118655,7.33903533202215E-16));
#5639=DIRECTION('center_axis',(1.15491543385234E-16,5.48794358179255E-17,
-1.));
#5640=DIRECTION('ref_axis',(1.,-8.10462807976364E-15,1.15491543385234E-16));
#5641=DIRECTION('',(7.99360577730113E-15,1.,5.48794358179264E-17));
#5642=DIRECTION('',(-1.,8.11143847563229E-15,-1.15491543385234E-16));
#5643=DIRECTION('',(-9.10382880192628E-15,-1.,-5.48794358179265E-17));
#5644=DIRECTION('',(1.,-8.11143847563229E-15,1.15491543385234E-16));
#5645=DIRECTION('center_axis',(8.10462807976364E-15,1.,-8.08114646082725E-16));
#5646=DIRECTION('ref_axis',(-1.44824786914126E-15,-8.08114646082713E-16,
-1.));
#5647=DIRECTION('',(3.58872232743822E-16,8.08114646082723E-16,1.));
#5648=DIRECTION('',(-1.,8.11143847563229E-15,-1.15491543385234E-16));
#5649=DIRECTION('',(3.05578813431036E-16,-8.35953164853717E-16,-1.));
#5650=DIRECTION('center_axis',(3.58872232743821E-16,6.79024097384283E-16,
1.));
#5651=DIRECTION('ref_axis',(1.,1.98243332719074E-47,-3.58872232743821E-16));
#5652=DIRECTION('',(-7.99360577730113E-15,-1.,-5.48794358179269E-17));
#5653=DIRECTION('center_axis',(-3.58872232743821E-16,-6.79024097384283E-16,
-1.));
#5654=DIRECTION('ref_axis',(-7.40148683083432E-15,-1.,6.79024097384286E-16));
#5655=DIRECTION('',(0.70710678118655,0.707106781186545,1.71597515250929E-16));
#5656=DIRECTION('center_axis',(-3.58872232743821E-16,-6.79024097384283E-16,
-1.));
#5657=DIRECTION('ref_axis',(-1.,-1.98243332719074E-47,3.58872232743821E-16));
#5658=DIRECTION('',(-0.70710678118655,-0.707106781186545,-1.71597515250929E-16));
#5659=DIRECTION('center_axis',(-3.58872232743821E-16,-6.79024097384283E-16,
-1.));
#5660=DIRECTION('ref_axis',(-7.40148683083432E-15,-1.,6.79024097384286E-16));
#5661=DIRECTION('center_axis',(3.58872232743815E-16,-5.48794358179298E-17,
1.));
#5662=DIRECTION('ref_axis',(-1.,7.99360577730113E-15,3.58872232743815E-16));
#5663=DIRECTION('',(-1.,7.99360577730113E-15,3.58872232743816E-16));
#5664=DIRECTION('',(-9.10382880192628E-15,-1.,-5.48794358179265E-17));
#5665=DIRECTION('center_axis',(1.,-9.10382880192628E-15,3.05578813431043E-16));
#5666=DIRECTION('ref_axis',(-3.05578813431035E-16,8.35953164853717E-16,
1.));
#5667=DIRECTION('',(-3.05578813431036E-16,8.35953164853717E-16,1.));
#5668=DIRECTION('center_axis',(3.58872232743821E-16,6.79024097384283E-16,
1.));
#5669=DIRECTION('ref_axis',(-0.707106781186551,-0.707106781186544,7.33903533202213E-16));
#5670=DIRECTION('',(-3.61469721854809E-16,-6.76426608273294E-16,-1.));
#5671=DIRECTION('center_axis',(-9.10382880192628E-15,-1.,-5.48794358179265E-17));
#5672=DIRECTION('ref_axis',(5.85253787240606E-16,-5.48794358179318E-17,
1.));
#5673=DIRECTION('center_axis',(-0.707106781186551,0.707106781186544,0.));
#5674=DIRECTION('ref_axis',(0.,0.,1.));
#5675=DIRECTION('',(0.707106781186544,0.707106781186551,5.56255488280031E-16));
#5676=DIRECTION('',(0.,0.,-1.));
#5677=DIRECTION('',(0.707106781186544,0.707106781186551,5.56255488280031E-16));
#5678=DIRECTION('center_axis',(-0.707106781186551,-0.707106781186545,7.33903533202213E-16));
#5679=DIRECTION('ref_axis',(9.15642608163597E-16,1.22253721964502E-16,1.));
#5680=DIRECTION('',(-0.707106781186544,0.707106781186551,-6.86136332111631E-17));
#5681=DIRECTION('',(8.63763027573637E-16,1.74133302554463E-16,1.));
#5682=DIRECTION('',(-0.707106781186544,0.707106781186551,-6.86136332111625E-17));
#5683=DIRECTION('center_axis',(0.,0.,-1.));
#5684=DIRECTION('ref_axis',(1.,7.21644966006352E-16,0.));
#5685=DIRECTION('',(0.,0.,1.));
#5686=DIRECTION('center_axis',(0.,0.,1.));
#5687=DIRECTION('ref_axis',(0.707106781186551,-0.707106781186544,0.));
#5688=DIRECTION('center_axis',(0.,0.,-1.));
#5689=DIRECTION('ref_axis',(1.,-1.01770443923973E-14,0.));
#5690=DIRECTION('center_axis',(-3.93332027835043E-16,-3.93332027835046E-16,
1.));
#5691=DIRECTION('ref_axis',(-0.707106781186544,-0.707106781186551,-5.56255488280031E-16));
#5692=DIRECTION('',(-0.707106781186544,-0.707106781186551,-5.56255488280031E-16));
#5693=DIRECTION('',(-0.707106781186551,0.707106781186544,-4.0141897293069E-31));
#5694=DIRECTION('center_axis',(0.,0.,-1.));
#5695=DIRECTION('ref_axis',(-1.,0.,0.));
#5696=DIRECTION('',(0.707106781186551,-0.707106781186544,1.81696689777198E-31));
#5697=DIRECTION('center_axis',(0.,0.,1.));
#5698=DIRECTION('ref_axis',(0.707106781186551,-0.707106781186544,0.));
#5699=DIRECTION('',(1.,0.,0.));
#5700=DIRECTION('center_axis',(0.,0.,1.));
#5701=DIRECTION('ref_axis',(1.,0.,0.));
#5702=DIRECTION('',(1.,0.,0.));
#5703=DIRECTION('center_axis',(0.,0.,1.));
#5704=DIRECTION('ref_axis',(0.707106781186551,-0.707106781186544,0.));
#5705=DIRECTION('center_axis',(1.78036247064286E-16,1.78036247064287E-16,
-1.));
#5706=DIRECTION('ref_axis',(0.707106781186544,0.707106781186551,2.51781275192321E-16));
#5707=DIRECTION('',(0.707106781186544,0.707106781186551,2.51781275192321E-16));
#5708=DIRECTION('center_axis',(0.,0.,-1.));
#5709=DIRECTION('ref_axis',(1.,7.21644966006352E-16,0.));
#5710=DIRECTION('center_axis',(0.707106781186551,-0.707106781186544,0.));
#5711=DIRECTION('ref_axis',(0.,0.,-1.));
#5712=DIRECTION('center_axis',(7.62998531499723E-16,7.33688064805501E-17,
1.));
#5713=DIRECTION('ref_axis',(-1.,-6.66133814775094E-16,7.62998531499723E-16));
#5714=DIRECTION('',(-2.23477095840889E-16,4.6615262917828E-16,-1.));
#5715=DIRECTION('center_axis',(-7.62998531499723E-16,-7.33688064805501E-17,
-1.));
#5716=DIRECTION('ref_axis',(-0.707106781186549,-0.707106781186546,5.91401016248793E-16));
#5717=DIRECTION('center_axis',(7.62998531499723E-16,7.33688064805501E-17,
1.));
#5718=DIRECTION('ref_axis',(-1.,-1.20274161001059E-14,7.62998531499724E-16));
#5719=DIRECTION('center_axis',(1.69854931994154E-16,7.28206013432329E-17,
-1.));
#5720=DIRECTION('ref_axis',(0.707106781186544,-0.707106781186551,6.86136332111631E-17));
#5721=DIRECTION('',(0.707106781186544,-0.707106781186551,6.86136332111631E-17));
#5722=DIRECTION('',(0.70710678118655,0.707106781186545,1.71597515250929E-16));
#5723=DIRECTION('center_axis',(7.62998531499723E-16,7.33688064805501E-17,
1.));
#5724=DIRECTION('ref_axis',(1.,2.13883295687634E-48,-7.62998531499723E-16));
#5725=DIRECTION('',(-0.70710678118655,-0.707106781186545,-1.71597515250929E-16));
#5726=DIRECTION('center_axis',(-7.62998531499723E-16,-7.33688064805501E-17,
-1.));
#5727=DIRECTION('ref_axis',(-0.707106781186549,-0.707106781186546,5.91401016248793E-16));
#5728=DIRECTION('',(1.,-1.67503901132176E-32,-2.12732482895597E-16));
#5729=DIRECTION('center_axis',(-7.62998531499723E-16,-7.33688064805501E-17,
-1.));
#5730=DIRECTION('ref_axis',(-1.,-2.13883295687634E-48,7.62998531499723E-16));
#5731=DIRECTION('',(-1.,0.,0.));
#5732=DIRECTION('center_axis',(-7.62998531499723E-16,-7.33688064805501E-17,
-1.));
#5733=DIRECTION('ref_axis',(-0.70710678118655,-0.707106781186545,5.91401016248794E-16));
#5734=DIRECTION('center_axis',(2.23477095840889E-16,-4.6615262917828E-16,
1.));
#5735=DIRECTION('ref_axis',(-0.707106781186545,0.70710678118655,4.87641855068869E-16));
#5736=DIRECTION('',(-0.707106781186545,0.70710678118655,4.87641855068869E-16));
#5737=DIRECTION('center_axis',(7.62998531499723E-16,7.33688064805501E-17,
1.));
#5738=DIRECTION('ref_axis',(-1.,-6.66133814775094E-16,7.62998531499723E-16));
#5739=DIRECTION('center_axis',(-0.707106781186551,-0.707106781186544,-1.71597515250929E-16));
#5740=DIRECTION('ref_axis',(2.75356676430849E-16,-5.18032209768241E-16,
1.));
#5741=DIRECTION('center_axis',(1.,0.,0.));
#5742=DIRECTION('ref_axis',(0.,1.11022302462516E-15,1.));
#5743=DIRECTION('center_axis',(-9.25185853854298E-16,-6.86121593599424E-31,
-1.));
#5744=DIRECTION('ref_axis',(7.41604068783651E-16,-1.,3.50324616081204E-46));
#5745=DIRECTION('',(-1.,0.,9.25185853854298E-16));
#5746=DIRECTION('center_axis',(-1.,0.,9.25185853854298E-16));
#5747=DIRECTION('ref_axis',(9.25185853854298E-16,1.11022302462516E-15,1.));
#5748=DIRECTION('center_axis',(2.12732482895597E-16,1.08468374467889E-30,
1.));
#5749=DIRECTION('ref_axis',(-4.44089209850063E-16,1.,-9.90211544440342E-31));
#5750=DIRECTION('',(-1.,-4.44089209850063E-16,2.12732482895597E-16));
#5751=DIRECTION('center_axis',(7.26314128259448E-16,-4.93038065763132E-32,
1.));
#5752=DIRECTION('ref_axis',(-0.707106781186548,0.707106781186547,5.13581645363852E-16));
#5753=DIRECTION('center_axis',(-7.26314128259448E-16,4.93038065763132E-32,
-1.));
#5754=DIRECTION('ref_axis',(-1.,-2.31296463463575E-15,7.26314128259448E-16));
#5755=DIRECTION('',(7.26314128259448E-16,0.,1.));
#5756=DIRECTION('center_axis',(7.26314128259448E-16,-4.93038065763132E-32,
1.));
#5757=DIRECTION('ref_axis',(-0.707106781186547,0.707106781186548,5.13581645363851E-16));
#5758=DIRECTION('center_axis',(7.26314128259448E-16,-4.93038065763132E-32,
1.));
#5759=DIRECTION('ref_axis',(1.,1.3403836937566E-63,-7.26314128259448E-16));
#5760=DIRECTION('center_axis',(-7.26314128259448E-16,4.93038065763132E-32,
-1.));
#5761=DIRECTION('ref_axis',(-1.,-2.31296463463575E-15,7.26314128259448E-16));
#5762=DIRECTION('',(0.707106781186549,-0.707106781186546,-5.13581645363852E-16));
#5763=DIRECTION('center_axis',(-7.26314128259448E-16,4.93038065763132E-32,
-1.));
#5764=DIRECTION('ref_axis',(-1.,-1.3403836937566E-63,7.26314128259448E-16));
#5765=DIRECTION('',(-0.707106781186549,0.707106781186546,5.13581645363853E-16));
#5766=DIRECTION('center_axis',(-7.26314128259448E-16,4.93038065763132E-32,
-1.));
#5767=DIRECTION('ref_axis',(-1.,-4.62592926927148E-16,7.26314128259448E-16));
#5768=DIRECTION('center_axis',(7.26314128259448E-16,-4.93038065763132E-32,
1.));
#5769=DIRECTION('ref_axis',(-0.707106781186548,0.707106781186547,5.13581645363852E-16));
#5770=DIRECTION('',(-7.26314128259448E-16,9.86076131526265E-32,-1.));
#5771=DIRECTION('center_axis',(0.,0.,-1.));
#5772=DIRECTION('ref_axis',(0.707106781186548,0.707106781186547,0.));
#5773=DIRECTION('center_axis',(0.,0.,1.));
#5774=DIRECTION('ref_axis',(1.,4.62592926927148E-16,0.));
#5775=DIRECTION('',(0.,0.,-1.));
#5776=DIRECTION('center_axis',(0.,0.,-1.));
#5777=DIRECTION('ref_axis',(0.707106781186547,0.707106781186548,0.));
#5778=DIRECTION('center_axis',(0.,0.,1.));
#5779=DIRECTION('ref_axis',(7.21644966006352E-16,-1.,0.));
#5780=DIRECTION('',(-1.,-6.66133814775094E-16,0.));
#5781=DIRECTION('center_axis',(0.,0.,-1.));
#5782=DIRECTION('ref_axis',(-1.,0.,0.));
#5783=DIRECTION('',(1.,6.66133814775094E-16,0.));
#5784=DIRECTION('center_axis',(0.,0.,1.));
#5785=DIRECTION('ref_axis',(1.,4.62592926927149E-16,0.));
#5786=DIRECTION('',(-0.707106781186548,-0.707106781186547,0.));
#5787=DIRECTION('center_axis',(0.,0.,1.));
#5788=DIRECTION('ref_axis',(1.,0.,0.));
#5789=DIRECTION('',(0.707106781186548,0.707106781186547,0.));
#5790=DIRECTION('center_axis',(0.,0.,1.));
#5791=DIRECTION('ref_axis',(1.,4.62592926927149E-16,0.));
#5792=DIRECTION('center_axis',(0.,0.,-1.));
#5793=DIRECTION('ref_axis',(-6.66133814775094E-16,1.,0.));
#5794=DIRECTION('center_axis',(0.,0.,-1.));
#5795=DIRECTION('ref_axis',(0.707106781186548,0.707106781186547,0.));
#5796=DIRECTION('',(0.,0.,1.));
#5797=DIRECTION('center_axis',(-0.707106781186548,0.707106781186547,5.13581645363853E-16));
#5798=DIRECTION('ref_axis',(2.12732482895598E-16,-5.13581645363853E-16,
1.));
#5799=DIRECTION('',(0.707106781186547,0.707106781186548,-5.13581645363851E-16));
#5800=DIRECTION('',(7.26314128259448E-16,-9.86076131526265E-32,1.));
#5801=DIRECTION('',(0.707106781186547,0.707106781186548,-5.13581645363851E-16));
#5802=DIRECTION('center_axis',(-0.707106781186548,-0.707106781186547,0.));
#5803=DIRECTION('ref_axis',(0.,0.,-1.));
#5804=DIRECTION('',(-0.707106781186548,0.707106781186548,0.));
#5805=DIRECTION('',(0.,0.,-1.));
#5806=DIRECTION('',(-0.707106781186548,0.707106781186548,0.));
#5807=DIRECTION('center_axis',(7.26314128259448E-16,0.,1.));
#5808=DIRECTION('ref_axis',(0.,1.,0.));
#5809=DIRECTION('',(-7.26314128259448E-16,0.,-1.));
#5810=DIRECTION('center_axis',(-7.26314128259448E-16,0.,-1.));
#5811=DIRECTION('ref_axis',(-0.707106781186549,0.707106781186546,5.13581645363853E-16));
#5812=DIRECTION('center_axis',(7.26314128259448E-16,0.,1.));
#5813=DIRECTION('ref_axis',(0.,1.,0.));
#5814=DIRECTION('center_axis',(-7.26314128259448E-16,9.86076131526265E-32,
-1.));
#5815=DIRECTION('ref_axis',(-0.707106781186547,-0.707106781186548,5.13581645363851E-16));
#5816=DIRECTION('',(-0.707106781186547,-0.707106781186548,5.13581645363851E-16));
#5817=DIRECTION('',(0.707106781186549,-0.707106781186546,-5.13581645363853E-16));
#5818=DIRECTION('center_axis',(7.26314128259448E-16,0.,1.));
#5819=DIRECTION('ref_axis',(1.,0.,-7.26314128259448E-16));
#5820=DIRECTION('',(-0.707106781186549,0.707106781186546,5.13581645363853E-16));
#5821=DIRECTION('center_axis',(-7.26314128259448E-16,0.,-1.));
#5822=DIRECTION('ref_axis',(-0.707106781186549,0.707106781186546,5.13581645363853E-16));
#5823=DIRECTION('center_axis',(-7.26314128259448E-16,0.,-1.));
#5824=DIRECTION('ref_axis',(-1.,0.,7.26314128259448E-16));
#5825=DIRECTION('',(0.,1.,0.));
#5826=DIRECTION('center_axis',(-7.26314128259448E-16,0.,-1.));
#5827=DIRECTION('ref_axis',(-0.707106781186549,0.707106781186546,5.13581645363853E-16));
#5828=DIRECTION('center_axis',(8.86008173703598E-16,1.5969404544415E-16,
1.));
#5829=DIRECTION('ref_axis',(0.707106781186546,0.707106781186549,-7.39423130261193E-16));
#5830=DIRECTION('',(0.707106781186546,0.707106781186549,-7.39423130261192E-16));
#5831=DIRECTION('center_axis',(7.26314128259448E-16,0.,1.));
#5832=DIRECTION('ref_axis',(0.,1.,0.));
#5833=DIRECTION('center_axis',(-0.707106781186549,0.707106781186546,5.13581645363853E-16));
#5834=DIRECTION('ref_axis',(2.12732482895598E-16,-5.13581645363853E-16,
1.));
#5835=DIRECTION('center_axis',(0.,0.,-1.));
#5836=DIRECTION('ref_axis',(0.,1.,0.));
#5837=DIRECTION('',(0.,0.,1.));
#5838=DIRECTION('center_axis',(0.,0.,1.));
#5839=DIRECTION('ref_axis',(0.707106781186548,0.707106781186547,0.));
#5840=DIRECTION('center_axis',(0.,0.,-1.));
#5841=DIRECTION('ref_axis',(0.,1.,0.));
#5842=DIRECTION('center_axis',(0.,0.,1.));
#5843=DIRECTION('ref_axis',(0.707106781186547,-0.707106781186548,0.));
#5844=DIRECTION('',(0.707106781186548,-0.707106781186548,0.));
#5845=DIRECTION('',(-0.707106781186548,-0.707106781186547,0.));
#5846=DIRECTION('center_axis',(0.,0.,-1.));
#5847=DIRECTION('ref_axis',(-1.,0.,0.));
#5848=DIRECTION('',(0.707106781186548,0.707106781186547,0.));
#5849=DIRECTION('center_axis',(0.,0.,1.));
#5850=DIRECTION('ref_axis',(0.707106781186548,0.707106781186547,0.));
#5851=DIRECTION('center_axis',(0.,0.,1.));
#5852=DIRECTION('ref_axis',(1.,0.,0.));
#5853=DIRECTION('center_axis',(0.,0.,1.));
#5854=DIRECTION('ref_axis',(0.707106781186548,0.707106781186547,0.));
#5855=DIRECTION('center_axis',(0.,0.,-1.));
#5856=DIRECTION('ref_axis',(-0.707106781186547,0.707106781186548,0.));
#5857=DIRECTION('',(-0.707106781186547,0.707106781186548,0.));
#5858=DIRECTION('center_axis',(0.,0.,-1.));
#5859=DIRECTION('ref_axis',(0.,1.,0.));
#5860=DIRECTION('center_axis',(0.707106781186548,0.707106781186547,0.));
#5861=DIRECTION('ref_axis',(0.,0.,1.));
#5862=DIRECTION('center_axis',(5.04646829375071E-16,0.,-1.));
#5863=DIRECTION('ref_axis',(-1.,0.,-5.04646829375071E-16));
#5864=DIRECTION('axis',(0.,0.,1.));
#5865=DIRECTION('refdir',(1.,0.,0.));
#5866=DIRECTION('center_axis',(-1.,0.,0.));
#5867=DIRECTION('ref_axis',(0.,0.707106781186548,0.707106781186548));
#5868=DIRECTION('',(1.,0.,0.));
#5869=DIRECTION('center_axis',(-0.707106781186548,-0.707106781186548,0.));
#5870=DIRECTION('ref_axis',(0.707106781186547,-0.707106781186547,0.));
#5871=DIRECTION('',(-1.,0.,0.));
#5872=DIRECTION('center_axis',(-0.707106781186548,0.707106781186548,3.92523114670943E-15));
#5873=DIRECTION('ref_axis',(-0.707106781186547,-0.707106781186547,3.92523114670943E-15));
#5874=DIRECTION('center_axis',(0.,-1.,0.));
#5875=DIRECTION('ref_axis',(-0.707106781186548,0.,0.707106781186548));
#5876=DIRECTION('',(0.,1.,0.));
#5877=DIRECTION('center_axis',(0.707106781186548,-0.707106781186548,3.92523114670943E-15));
#5878=DIRECTION('ref_axis',(0.707106781186547,0.707106781186547,3.92523114670943E-15));
#5879=DIRECTION('',(0.,-1.,0.));
#5880=DIRECTION('center_axis',(1.,0.,0.));
#5881=DIRECTION('ref_axis',(0.,-0.707106781186548,0.707106781186548));
#5882=DIRECTION('',(-1.,0.,0.));
#5883=DIRECTION('center_axis',(0.707106781186548,0.707106781186548,0.));
#5884=DIRECTION('ref_axis',(-0.707106781186547,0.707106781186547,0.));
#5885=DIRECTION('',(1.,0.,0.));
#5886=DIRECTION('center_axis',(0.,1.,0.));
#5887=DIRECTION('ref_axis',(0.707106781186548,0.,0.707106781186548));
#5888=DIRECTION('',(0.,1.,0.));
#5889=DIRECTION('',(0.,-1.,0.));
#5890=DIRECTION('center_axis',(1.,0.,0.));
#5891=DIRECTION('ref_axis',(0.,1.,0.));
#5892=DIRECTION('',(0.,0.,1.));
#5893=DIRECTION('',(0.,1.,0.));
#5894=DIRECTION('',(0.,0.,-1.));
#5895=DIRECTION('center_axis',(0.,1.,0.));
#5896=DIRECTION('ref_axis',(-1.,0.,0.));
#5897=DIRECTION('',(0.,0.,1.));
#5898=DIRECTION('',(-1.,0.,0.));
#5899=DIRECTION('center_axis',(0.,0.,1.));
#5900=DIRECTION('ref_axis',(1.,0.,0.));
#5901=DIRECTION('',(1.,1.13697491184618E-17,0.));
#5902=DIRECTION('center_axis',(0.,0.,-1.));
#5903=DIRECTION('ref_axis',(-0.382683432365091,0.923879532511286,0.));
#5904=DIRECTION('',(0.707106781186545,0.70710678118655,0.));
#5905=DIRECTION('center_axis',(0.,0.,-1.));
#5906=DIRECTION('ref_axis',(-0.923879532511287,0.382683432365089,0.));
#5907=DIRECTION('',(-5.34289264519804E-16,1.,0.));
#5908=DIRECTION('center_axis',(0.,0.,-1.));
#5909=DIRECTION('ref_axis',(-0.923879532511287,-0.38268343236509,0.));
#5910=DIRECTION('',(-0.707106781186545,0.70710678118655,0.));
#5911=DIRECTION('center_axis',(0.,0.,-1.));
#5912=DIRECTION('ref_axis',(-0.382683432365095,-0.923879532511285,0.));
#5913=DIRECTION('',(-1.,8.03062058284683E-15,0.));
#5914=DIRECTION('center_axis',(0.,0.,-1.));
#5915=DIRECTION('ref_axis',(0.382683432365097,-0.923879532511284,0.));
#5916=DIRECTION('',(-0.707106781186543,-0.707106781186551,0.));
#5917=DIRECTION('center_axis',(0.,0.,-1.));
#5918=DIRECTION('ref_axis',(0.923879532511287,-0.382683432365089,0.));
#5919=DIRECTION('',(1.06857852903961E-15,-1.,0.));
#5920=DIRECTION('center_axis',(0.,0.,-1.));
#5921=DIRECTION('ref_axis',(0.923879532511287,0.382683432365089,0.));
#5922=DIRECTION('',(0.707106781186547,-0.707106781186548,0.));
#5923=DIRECTION('center_axis',(0.,0.,-1.));
#5924=DIRECTION('ref_axis',(0.382683432365091,0.923879532511286,0.));
#5925=DIRECTION('',(1.,1.13697491184618E-17,0.));
#5926=DIRECTION('',(0.,-1.,0.));
#5927=DIRECTION('',(1.,0.,0.));
#5928=DIRECTION('',(0.,1.,0.));
#5929=DIRECTION('',(-1.,0.,0.));
#5930=DIRECTION('',(-2.09092002971582E-14,1.,0.));
#5931=DIRECTION('',(1.,0.,0.));
#5932=DIRECTION('',(3.70074341542623E-16,-1.,0.));
#5933=DIRECTION('',(1.,7.93016446162286E-17,0.));
#5934=DIRECTION('',(3.70074341542623E-16,-1.,0.));
#5935=DIRECTION('',(-1.,-1.98254111540573E-17,0.));
#5936=DIRECTION('',(-2.09092002971582E-14,1.,0.));
#5937=DIRECTION('',(-1.,-1.98254111540573E-17,0.));
#5938=DIRECTION('',(-2.07241631263869E-14,1.,0.));
#5939=DIRECTION('',(1.,7.93016446162286E-17,0.));
#5940=DIRECTION('',(3.70074341542623E-16,-1.,0.));
#5941=DIRECTION('',(-1.,0.,0.));
#5942=DIRECTION('',(-2.09092002971582E-14,1.,0.));
#5943=DIRECTION('',(1.,0.,0.));
#5944=DIRECTION('',(0.,-1.,0.));
#5945=DIRECTION('',(-1.,0.,0.));
#5946=DIRECTION('',(-2.07241631263869E-14,1.,0.));
#5947=DIRECTION('',(1.,0.,0.));
#5948=DIRECTION('',(3.70074341542623E-16,-1.,0.));
#5949=DIRECTION('',(-1.,-1.98254111540573E-17,0.));
#5950=DIRECTION('',(-2.09092002971582E-14,1.,0.));
#5951=DIRECTION('',(1.,7.93016446162286E-17,0.));
#5952=DIRECTION('',(0.,-1.,0.));
#5953=DIRECTION('center_axis',(1.,0.,0.));
#5954=DIRECTION('ref_axis',(0.,-0.707106781186548,0.707106781186548));
#5955=DIRECTION('center_axis',(0.707106781186547,0.707106781186548,0.));
#5956=DIRECTION('ref_axis',(-0.707106781186548,0.707106781186547,0.));
#5957=DIRECTION('',(1.,0.,0.));
#5958=DIRECTION('center_axis',(0.707106781186555,-0.70710678118654,0.));
#5959=DIRECTION('ref_axis',(0.70710678118654,0.707106781186555,0.));
#5960=DIRECTION('center_axis',(-3.70074341542623E-16,1.,0.));
#5961=DIRECTION('ref_axis',(0.707106781186548,2.61682076447935E-16,0.707106781186548));
#5962=DIRECTION('center_axis',(-0.707106781186548,0.707106781186548,0.));
#5963=DIRECTION('ref_axis',(-0.707106781186547,-0.707106781186547,0.));
#5964=DIRECTION('',(-3.70074341542623E-16,1.,0.));
#5965=DIRECTION('center_axis',(-1.,0.,0.));
#5966=DIRECTION('ref_axis',(0.,0.707106781186548,0.707106781186548));
#5967=DIRECTION('center_axis',(-0.70710678118654,-0.707106781186555,0.));
#5968=DIRECTION('ref_axis',(0.707106781186555,-0.70710678118654,0.));
#5969=DIRECTION('',(-1.,0.,0.));
#5970=DIRECTION('center_axis',(2.09092002971582E-14,-1.,0.));
#5971=DIRECTION('ref_axis',(-0.707106781186548,-1.47850373193083E-14,0.707106781186548));
#5972=DIRECTION('',(2.09092002971582E-14,-1.,0.));
#5973=DIRECTION('center_axis',(-1.,-2.09092002971582E-14,0.));
#5974=DIRECTION('ref_axis',(2.09092002971582E-14,-1.,0.));
#5975=DIRECTION('',(0.,0.,1.));
#5976=DIRECTION('',(-2.09092002971582E-14,1.,0.));
#5977=DIRECTION('',(0.,0.,-1.));
#5978=DIRECTION('center_axis',(0.,-1.,0.));
#5979=DIRECTION('ref_axis',(1.,0.,0.));
#5980=DIRECTION('',(0.,0.,1.));
#5981=DIRECTION('',(-1.,0.,0.));
#5982=DIRECTION('center_axis',(1.,1.98254111540573E-17,0.));
#5983=DIRECTION('ref_axis',(1.40186826668453E-17,-0.707106781186547,0.707106781186548));
#5984=DIRECTION('center_axis',(0.707106781186547,0.707106781186548,-2.4532694666934E-16));
#5985=DIRECTION('ref_axis',(-0.707106781186548,0.707106781186547,-2.4532694666934E-16));
#5986=DIRECTION('',(1.,1.98254111540573E-17,0.));
#5987=DIRECTION('center_axis',(0.707106781186555,-0.70710678118654,0.));
#5988=DIRECTION('ref_axis',(0.70710678118654,0.707106781186555,0.));
#5989=DIRECTION('center_axis',(0.,1.,0.));
#5990=DIRECTION('ref_axis',(0.707106781186548,0.,0.707106781186548));
#5991=DIRECTION('center_axis',(-0.707106781186548,0.707106781186547,-9.81307786677358E-16));
#5992=DIRECTION('ref_axis',(-0.707106781186547,-0.707106781186548,-9.81307786677356E-16));
#5993=DIRECTION('',(0.,1.,0.));
#5994=DIRECTION('center_axis',(-1.,-7.93016446162286E-17,0.));
#5995=DIRECTION('ref_axis',(-5.60747306673809E-17,0.707106781186548,0.707106781186548));
#5996=DIRECTION('center_axis',(-0.70710678118654,-0.707106781186555,0.));
#5997=DIRECTION('ref_axis',(0.707106781186555,-0.70710678118654,0.));
#5998=DIRECTION('',(-1.,-7.93016446162286E-17,0.));
#5999=DIRECTION('center_axis',(2.09092002971582E-14,-1.,0.));
#6000=DIRECTION('ref_axis',(-0.707106781186548,-1.47850373193083E-14,0.707106781186548));
#6001=DIRECTION('',(2.09092002971582E-14,-1.,0.));
#6002=DIRECTION('center_axis',(-1.,-2.09092002971582E-14,0.));
#6003=DIRECTION('ref_axis',(2.09092002971582E-14,-1.,0.));
#6004=DIRECTION('',(0.,0.,1.));
#6005=DIRECTION('',(-2.09092002971582E-14,1.,0.));
#6006=DIRECTION('',(0.,0.,-1.));
#6007=DIRECTION('center_axis',(1.98254111540573E-17,-1.,0.));
#6008=DIRECTION('ref_axis',(1.,1.98254111540573E-17,0.));
#6009=DIRECTION('',(0.,0.,1.));
#6010=DIRECTION('',(-1.,-1.98254111540573E-17,0.));
#6011=DIRECTION('center_axis',(-1.,-7.93016446162286E-17,0.));
#6012=DIRECTION('ref_axis',(-5.60747306673809E-17,0.707106781186548,0.707106781186548));
#6013=DIRECTION('center_axis',(-0.70710678118654,-0.707106781186555,0.));
#6014=DIRECTION('ref_axis',(0.707106781186555,-0.70710678118654,0.));
#6015=DIRECTION('',(-1.,-7.93016446162286E-17,0.));
#6016=DIRECTION('center_axis',(-0.707106781186548,0.707106781186548,0.));
#6017=DIRECTION('ref_axis',(-0.707106781186547,-0.707106781186547,0.));
#6018=DIRECTION('center_axis',(2.09092002971582E-14,-1.,0.));
#6019=DIRECTION('ref_axis',(-0.707106781186548,-1.47850373193083E-14,0.707106781186548));
#6020=DIRECTION('center_axis',(0.707106781186555,-0.70710678118654,2.45326946669337E-16));
#6021=DIRECTION('ref_axis',(0.70710678118654,0.707106781186555,2.45326946669342E-16));
#6022=DIRECTION('',(2.09092002971582E-14,-1.,0.));
#6023=DIRECTION('center_axis',(1.,1.98254111540573E-17,0.));
#6024=DIRECTION('ref_axis',(1.40186826668453E-17,-0.707106781186548,0.707106781186548));
#6025=DIRECTION('center_axis',(0.707106781186547,0.707106781186548,0.));
#6026=DIRECTION('ref_axis',(-0.707106781186548,0.707106781186547,0.));
#6027=DIRECTION('',(1.,1.98254111540573E-17,0.));
#6028=DIRECTION('center_axis',(-3.70074341542623E-16,1.,0.));
#6029=DIRECTION('ref_axis',(0.707106781186548,2.61682076447935E-16,0.707106781186548));
#6030=DIRECTION('',(-3.70074341542623E-16,1.,0.));
#6031=DIRECTION('center_axis',(1.,3.70074341542623E-16,0.));
#6032=DIRECTION('ref_axis',(-3.70074341542623E-16,1.,0.));
#6033=DIRECTION('',(0.,0.,1.));
#6034=DIRECTION('',(3.70074341542623E-16,-1.,0.));
#6035=DIRECTION('',(0.,0.,-1.));
#6036=DIRECTION('',(0.,-1.,0.));
#6037=DIRECTION('',(0.,0.,-1.));
#6038=DIRECTION('',(0.,-1.,0.));
#6039=DIRECTION('',(0.,0.,-1.));
#6040=DIRECTION('center_axis',(-7.93016446162286E-17,1.,0.));
#6041=DIRECTION('ref_axis',(-1.,-7.93016446162286E-17,0.));
#6042=DIRECTION('',(0.,0.,1.));
#6043=DIRECTION('',(1.,7.93016446162286E-17,0.));
#6044=DIRECTION('center_axis',(1.,0.,0.));
#6045=DIRECTION('ref_axis',(0.,-0.707106781186548,0.707106781186548));
#6046=DIRECTION('center_axis',(0.707106781186547,0.707106781186548,0.));
#6047=DIRECTION('ref_axis',(-0.707106781186548,0.707106781186547,0.));
#6048=DIRECTION('',(1.,0.,0.));
#6049=DIRECTION('center_axis',(0.707106781186553,-0.707106781186542,0.));
#6050=DIRECTION('ref_axis',(0.707106781186542,0.707106781186553,0.));
#6051=DIRECTION('center_axis',(-3.70074341542623E-16,1.,0.));
#6052=DIRECTION('ref_axis',(0.707106781186548,2.61682076447935E-16,0.707106781186548));
#6053=DIRECTION('center_axis',(-0.707106781186548,0.707106781186548,0.));
#6054=DIRECTION('ref_axis',(-0.707106781186547,-0.707106781186547,0.));
#6055=DIRECTION('',(-3.70074341542623E-16,1.,0.));
#6056=DIRECTION('center_axis',(-1.,0.,0.));
#6057=DIRECTION('ref_axis',(0.,0.707106781186548,0.707106781186548));
#6058=DIRECTION('center_axis',(-0.70710678118654,-0.707106781186555,0.));
#6059=DIRECTION('ref_axis',(0.707106781186555,-0.70710678118654,0.));
#6060=DIRECTION('',(-1.,0.,0.));
#6061=DIRECTION('center_axis',(2.07241631263869E-14,-1.,0.));
#6062=DIRECTION('ref_axis',(-0.707106781186548,-1.46541962810844E-14,0.707106781186548));
#6063=DIRECTION('',(2.07241631263869E-14,-1.,0.));
#6064=DIRECTION('center_axis',(-1.,-2.07241631263869E-14,0.));
#6065=DIRECTION('ref_axis',(2.07241631263869E-14,-1.,0.));
#6066=DIRECTION('',(0.,0.,1.));
#6067=DIRECTION('',(-2.07241631263869E-14,1.,0.));
#6068=DIRECTION('',(0.,0.,-1.));
#6069=DIRECTION('center_axis',(0.,-1.,0.));
#6070=DIRECTION('ref_axis',(1.,0.,0.));
#6071=DIRECTION('',(0.,0.,1.));
#6072=DIRECTION('',(-1.,0.,0.));
#6073=DIRECTION('center_axis',(1.,1.98254111540573E-17,0.));
#6074=DIRECTION('ref_axis',(1.40186826668453E-17,-0.707106781186548,0.707106781186548));
#6075=DIRECTION('center_axis',(0.707106781186548,0.707106781186548,0.));
#6076=DIRECTION('ref_axis',(-0.707106781186547,0.707106781186547,0.));
#6077=DIRECTION('',(1.,1.98254111540573E-17,0.));
#6078=DIRECTION('center_axis',(0.707106781186553,-0.707106781186542,2.45326946669338E-16));
#6079=DIRECTION('ref_axis',(0.707106781186542,0.707106781186553,2.45326946669344E-16));
#6080=DIRECTION('center_axis',(-3.70074341542623E-16,1.,0.));
#6081=DIRECTION('ref_axis',(0.707106781186548,2.61682076447935E-16,0.707106781186548));
#6082=DIRECTION('center_axis',(-0.707106781186548,0.707106781186548,0.));
#6083=DIRECTION('ref_axis',(-0.707106781186547,-0.707106781186547,0.));
#6084=DIRECTION('',(-3.70074341542623E-16,1.,0.));
#6085=DIRECTION('center_axis',(-1.,-7.93016446162286E-17,0.));
#6086=DIRECTION('ref_axis',(-5.60747306673809E-17,0.707106781186548,0.707106781186548));
#6087=DIRECTION('center_axis',(-0.70710678118654,-0.707106781186555,0.));
#6088=DIRECTION('ref_axis',(0.707106781186555,-0.70710678118654,0.));
#6089=DIRECTION('',(-1.,-7.93016446162286E-17,0.));
#6090=DIRECTION('center_axis',(2.07241631263869E-14,-1.,0.));
#6091=DIRECTION('ref_axis',(-0.707106781186548,-1.46541962810844E-14,0.707106781186548));
#6092=DIRECTION('',(2.07241631263869E-14,-1.,0.));
#6093=DIRECTION('center_axis',(-1.,-2.07241631263869E-14,0.));
#6094=DIRECTION('ref_axis',(2.07241631263869E-14,-1.,0.));
#6095=DIRECTION('',(0.,0.,1.));
#6096=DIRECTION('',(-2.07241631263869E-14,1.,0.));
#6097=DIRECTION('',(0.,0.,-1.));
#6098=DIRECTION('center_axis',(1.98254111540573E-17,-1.,0.));
#6099=DIRECTION('ref_axis',(1.,1.98254111540573E-17,0.));
#6100=DIRECTION('',(0.,0.,1.));
#6101=DIRECTION('',(-1.,-1.98254111540573E-17,0.));
#6102=DIRECTION('center_axis',(1.,0.,0.));
#6103=DIRECTION('ref_axis',(0.,-0.707106781186548,0.707106781186548));
#6104=DIRECTION('center_axis',(0.707106781186548,0.707106781186548,0.));
#6105=DIRECTION('ref_axis',(-0.707106781186547,0.707106781186547,0.));
#6106=DIRECTION('',(1.,0.,0.));
#6107=DIRECTION('center_axis',(0.707106781186555,-0.70710678118654,0.));
#6108=DIRECTION('ref_axis',(0.70710678118654,0.707106781186555,0.));
#6109=DIRECTION('center_axis',(0.,1.,0.));
#6110=DIRECTION('ref_axis',(0.707106781186548,0.,0.707106781186548));
#6111=DIRECTION('center_axis',(-0.707106781186548,0.707106781186548,0.));
#6112=DIRECTION('ref_axis',(-0.707106781186547,-0.707106781186547,0.));
#6113=DIRECTION('',(0.,1.,0.));
#6114=DIRECTION('center_axis',(-1.,0.,0.));
#6115=DIRECTION('ref_axis',(0.,0.707106781186548,0.707106781186548));
#6116=DIRECTION('center_axis',(-0.70710678118654,-0.707106781186555,0.));
#6117=DIRECTION('ref_axis',(0.707106781186555,-0.70710678118654,0.));
#6118=DIRECTION('',(-1.,0.,0.));
#6119=DIRECTION('center_axis',(2.09092002971582E-14,-1.,0.));
#6120=DIRECTION('ref_axis',(-0.707106781186548,-1.47850373193083E-14,0.707106781186548));
#6121=DIRECTION('',(2.09092002971582E-14,-1.,0.));
#6122=DIRECTION('center_axis',(-1.,-2.09092002971582E-14,0.));
#6123=DIRECTION('ref_axis',(2.09092002971582E-14,-1.,0.));
#6124=DIRECTION('',(0.,0.,1.));
#6125=DIRECTION('',(-2.09092002971582E-14,1.,0.));
#6126=DIRECTION('',(0.,0.,-1.));
#6127=DIRECTION('center_axis',(0.,-1.,0.));
#6128=DIRECTION('ref_axis',(1.,0.,0.));
#6129=DIRECTION('',(0.,0.,1.));
#6130=DIRECTION('',(-1.,0.,0.));
#6131=DIRECTION('center_axis',(-0.408248290463864,-0.816496580927725,0.408248290463864));
#6132=DIRECTION('ref_axis',(-0.577350269189623,0.577350269189627,0.577350269189627));
#6133=DIRECTION('center_axis',(-1.,0.,0.));
#6134=DIRECTION('ref_axis',(0.,1.,0.));
#6135=DIRECTION('center_axis',(0.,0.,1.));
#6136=DIRECTION('ref_axis',(-1.,0.,0.));
#6137=DIRECTION('center_axis',(0.,1.,0.));
#6138=DIRECTION('ref_axis',(0.,0.,1.));
#6139=DIRECTION('center_axis',(0.408248290463864,-0.408248290463862,-0.816496580927726));
#6140=DIRECTION('ref_axis',(-0.577350269189627,0.577350269189625,-0.577350269189626));
#6141=DIRECTION('center_axis',(0.,1.,0.));
#6142=DIRECTION('ref_axis',(-1.,0.,0.));
#6143=DIRECTION('center_axis',(0.,0.,-1.));
#6144=DIRECTION('ref_axis',(0.,1.,0.));
#6145=DIRECTION('center_axis',(-1.,0.,0.));
#6146=DIRECTION('ref_axis',(0.,0.,-1.));
#6147=DIRECTION('center_axis',(0.,0.,1.));
#6148=DIRECTION('ref_axis',(-0.707106781186548,0.707106781186548,0.));
#6149=DIRECTION('',(0.,0.,-1.));
#6150=DIRECTION('',(0.,0.,1.));
#6151=DIRECTION('center_axis',(0.408248290463864,-0.816496580927725,0.408248290463864));
#6152=DIRECTION('ref_axis',(0.577350269189627,0.577350269189624,0.577350269189627));
#6153=DIRECTION('center_axis',(0.,1.,0.));
#6154=DIRECTION('ref_axis',(1.,0.,0.));
#6155=DIRECTION('center_axis',(0.,0.,1.));
#6156=DIRECTION('ref_axis',(0.,1.,0.));
#6157=DIRECTION('center_axis',(1.,0.,0.));
#6158=DIRECTION('ref_axis',(0.,0.,1.));
#6159=DIRECTION('center_axis',(0.408248290463864,-0.816496580927725,-0.408248290463864));
#6160=DIRECTION('ref_axis',(0.577350269189625,0.577350269189627,-0.577350269189625));
#6161=DIRECTION('center_axis',(1.,0.,0.));
#6162=DIRECTION('ref_axis',(0.,1.,0.));
#6163=DIRECTION('center_axis',(0.,0.,-1.));
#6164=DIRECTION('ref_axis',(1.,0.,0.));
#6165=DIRECTION('center_axis',(0.,1.,0.));
#6166=DIRECTION('ref_axis',(0.,0.,-1.));
#6167=DIRECTION('center_axis',(0.,0.,1.));
#6168=DIRECTION('ref_axis',(0.707106781186548,0.707106781186548,0.));
#6169=DIRECTION('',(0.,0.,-1.));
#6170=DIRECTION('',(0.,0.,1.));
#6171=DIRECTION('center_axis',(0.,-1.,0.));
#6172=DIRECTION('ref_axis',(0.707106781186548,0.,-0.707106781186548));
#6173=DIRECTION('center_axis',(1.26161707343768E-17,1.,0.));
#6174=DIRECTION('ref_axis',(0.707106781186548,-8.9209798788851E-18,-0.707106781186548));
#6175=DIRECTION('',(0.,1.,0.));
#6176=DIRECTION('',(0.,-1.,0.));
#6177=DIRECTION('center_axis',(1.,0.,0.));
#6178=DIRECTION('ref_axis',(0.,0.707106781186548,-0.707106781186548));
#6179=DIRECTION('',(-1.,0.,0.));
#6180=DIRECTION('',(1.,0.,0.));
#6181=DIRECTION('center_axis',(-1.,0.,0.));
#6182=DIRECTION('ref_axis',(0.,0.707106781186548,0.707106781186548));
#6183=DIRECTION('',(-1.,0.,0.));
#6184=DIRECTION('center_axis',(0.,1.,0.));
#6185=DIRECTION('ref_axis',(0.707106781186548,0.,0.707106781186548));
#6186=DIRECTION('',(0.,1.,0.));
#6187=DIRECTION('center_axis',(-0.707106781186547,0.707106781186548,0.));
#6188=DIRECTION('ref_axis',(-0.707106781186548,-0.707106781186547,0.));
#6189=DIRECTION('center_axis',(0.,1.,0.));
#6190=DIRECTION('ref_axis',(-0.707106781186548,0.,-0.707106781186548));
#6191=DIRECTION('center_axis',(1.26161707343768E-17,1.,0.));
#6192=DIRECTION('ref_axis',(-0.707106781186548,8.9209798788851E-18,-0.707106781186548));
#6193=DIRECTION('',(0.,1.,0.));
#6194=DIRECTION('',(0.,-1.,0.));
#6195=DIRECTION('center_axis',(-1.,-1.13697491184618E-17,0.));
#6196=DIRECTION('ref_axis',(-8.03962670205411E-18,0.707106781186548,0.707106781186548));
#6197=DIRECTION('',(-1.,-1.13697491184618E-17,0.));
#6198=DIRECTION('center_axis',(1.,0.,0.));
#6199=DIRECTION('ref_axis',(0.,1.,0.));
#6200=DIRECTION('center_axis',(-0.707106781186548,-0.707106781186547,0.));
#6201=DIRECTION('ref_axis',(0.707106781186547,-0.707106781186548,0.));
#6202=DIRECTION('center_axis',(0.,0.,1.));
#6203=DIRECTION('ref_axis',(1.,0.,0.));
#6204=DIRECTION('center_axis',(0.707106781186546,0.70710678118655,0.));
#6205=DIRECTION('ref_axis',(-0.70710678118655,0.707106781186546,0.));
#6206=DIRECTION('center_axis',(0.,0.,1.));
#6207=DIRECTION('ref_axis',(-0.382683432365091,0.923879532511286,0.));
#6208=DIRECTION('center_axis',(-0.707106781186545,-0.70710678118655,0.));
#6209=DIRECTION('ref_axis',(-0.500000000000002,0.499999999999998,0.707106781186548));
#6210=DIRECTION('center_axis',(0.707106781186546,0.707106781186549,0.));
#6211=DIRECTION('ref_axis',(-0.707106781186549,0.707106781186546,0.));
#6212=DIRECTION('',(-0.707106781186545,-0.70710678118655,0.));
#6213=DIRECTION('center_axis',(0.,0.,1.));
#6214=DIRECTION('ref_axis',(1.,0.,0.));
#6215=DIRECTION('center_axis',(-2.7755575615629E-15,1.,0.));
#6216=DIRECTION('ref_axis',(-1.,-2.7755575615629E-15,0.));
#6217=DIRECTION('center_axis',(0.,0.,1.));
#6218=DIRECTION('ref_axis',(-0.923879532511287,0.382683432365089,0.));
#6219=DIRECTION('center_axis',(5.34289264519804E-16,-1.,0.));
#6220=DIRECTION('ref_axis',(-0.707106781186548,-3.77799562057126E-16,0.707106781186548));
#6221=DIRECTION('center_axis',(0.,1.,0.));
#6222=DIRECTION('ref_axis',(-1.,0.,0.));
#6223=DIRECTION('',(5.34289264519804E-16,-1.,0.));
#6224=DIRECTION('center_axis',(0.,0.,1.));
#6225=DIRECTION('ref_axis',(1.,0.,0.));
#6226=DIRECTION('center_axis',(-0.707106781186542,0.707106781186553,0.));
#6227=DIRECTION('ref_axis',(-0.707106781186553,-0.707106781186542,0.));
#6228=DIRECTION('center_axis',(0.,0.,1.));
#6229=DIRECTION('ref_axis',(-0.923879532511287,-0.38268343236509,0.));
#6230=DIRECTION('center_axis',(0.707106781186545,-0.70710678118655,0.));
#6231=DIRECTION('ref_axis',(-0.500000000000003,-0.499999999999999,0.707106781186546));
#6232=DIRECTION('center_axis',(-0.707106781186545,0.70710678118655,0.));
#6233=DIRECTION('ref_axis',(-0.70710678118655,-0.707106781186545,0.));
#6234=DIRECTION('',(0.707106781186545,-0.70710678118655,0.));
#6235=DIRECTION('center_axis',(0.,0.,1.));
#6236=DIRECTION('ref_axis',(1.,0.,0.));
#6237=DIRECTION('center_axis',(-1.,1.11022302462516E-14,0.));
#6238=DIRECTION('ref_axis',(-1.11022302462516E-14,-1.,0.));
#6239=DIRECTION('center_axis',(0.,0.,1.));
#6240=DIRECTION('ref_axis',(-0.382683432365095,-0.923879532511285,0.));
#6241=DIRECTION('center_axis',(1.,-8.03062058284683E-15,0.));
#6242=DIRECTION('ref_axis',(-5.67850627126726E-15,-0.707106781186548,0.707106781186548));
#6243=DIRECTION('center_axis',(-1.,1.1102230246256E-14,0.));
#6244=DIRECTION('ref_axis',(-1.1102230246256E-14,-1.,0.));
#6245=DIRECTION('',(1.,-8.03062058284683E-15,0.));
#6246=DIRECTION('center_axis',(0.,0.,1.));
#6247=DIRECTION('ref_axis',(1.,0.,0.));
#6248=DIRECTION('center_axis',(-0.707106781186548,-0.707106781186548,0.));
#6249=DIRECTION('ref_axis',(0.707106781186548,-0.707106781186548,0.));
#6250=DIRECTION('center_axis',(0.,0.,1.));
#6251=DIRECTION('ref_axis',(0.382683432365097,-0.923879532511284,0.));
#6252=DIRECTION('center_axis',(0.707106781186544,0.707106781186552,0.));
#6253=DIRECTION('ref_axis',(0.500000000000004,-0.499999999999998,0.707106781186546));
#6254=DIRECTION('center_axis',(-0.707106781186542,-0.707106781186553,0.));
#6255=DIRECTION('ref_axis',(0.707106781186553,-0.707106781186542,0.));
#6256=DIRECTION('',(0.707106781186543,0.707106781186551,0.));
#6257=DIRECTION('center_axis',(0.,0.,1.));
#6258=DIRECTION('ref_axis',(1.,0.,0.));
#6259=DIRECTION('center_axis',(0.,-1.,0.));
#6260=DIRECTION('ref_axis',(1.,0.,0.));
#6261=DIRECTION('center_axis',(0.,0.,1.));
#6262=DIRECTION('ref_axis',(0.923879532511287,-0.382683432365089,0.));
#6263=DIRECTION('center_axis',(-1.06857852903961E-15,1.,0.));
#6264=DIRECTION('ref_axis',(0.707106781186548,7.55599124114254E-16,0.707106781186548));
#6265=DIRECTION('center_axis',(0.,-1.,0.));
#6266=DIRECTION('ref_axis',(1.,0.,0.));
#6267=DIRECTION('',(-1.06857852903961E-15,1.,0.));
#6268=DIRECTION('center_axis',(0.,0.,1.));
#6269=DIRECTION('ref_axis',(1.,0.,0.));
#6270=DIRECTION('center_axis',(0.707106781186548,-0.707106781186548,0.));
#6271=DIRECTION('ref_axis',(0.707106781186547,0.707106781186547,0.));
#6272=DIRECTION('center_axis',(0.,0.,1.));
#6273=DIRECTION('ref_axis',(0.923879532511287,0.382683432365089,0.));
#6274=DIRECTION('center_axis',(-0.707106781186547,0.707106781186548,0.));
#6275=DIRECTION('ref_axis',(0.500000000000001,0.5,0.707106781186547));
#6276=DIRECTION('center_axis',(0.707106781186547,-0.707106781186549,0.));
#6277=DIRECTION('ref_axis',(0.707106781186549,0.707106781186546,0.));
#6278=DIRECTION('',(-0.707106781186547,0.707106781186548,0.));
#6279=DIRECTION('center_axis',(0.,0.,1.));
#6280=DIRECTION('ref_axis',(1.,0.,0.));
#6281=DIRECTION('center_axis',(1.,0.,0.));
#6282=DIRECTION('ref_axis',(0.,1.,0.));
#6283=DIRECTION('center_axis',(0.,0.,1.));
#6284=DIRECTION('ref_axis',(0.382683432365091,0.923879532511286,0.));
#6285=DIRECTION('center_axis',(-1.,-1.13697491184618E-17,0.));
#6286=DIRECTION('ref_axis',(-8.0396267020541E-18,0.707106781186547,0.707106781186548));
#6287=DIRECTION('',(-1.,-1.13697491184618E-17,0.));
#6288=DIRECTION('center_axis',(0.,-1.,0.));
#6289=DIRECTION('ref_axis',(-0.707106781186548,0.,0.707106781186548));
#6290=DIRECTION('',(0.,-1.,0.));
#6291=DIRECTION('center_axis',(0.,0.,1.));
#6292=DIRECTION('ref_axis',(1.,1.38777878078144E-15,0.));
#6293=DIRECTION('',(0.,0.,1.));
#6294=DIRECTION('center_axis',(0.,0.,1.));
#6295=DIRECTION('ref_axis',(1.,1.38777878078144E-15,0.));
#6296=DIRECTION('',(0.,0.,1.));
#6297=DIRECTION('center_axis',(1.,1.06857852903961E-15,0.));
#6298=DIRECTION('ref_axis',(-1.06857852903961E-15,1.,0.));
#6299=DIRECTION('',(0.,0.,1.));
#6300=DIRECTION('',(1.06857852903961E-15,-1.,0.));
#6301=DIRECTION('center_axis',(0.,0.,1.));
#6302=DIRECTION('ref_axis',(0.707106781186548,-0.707106781186547,0.));
#6303=DIRECTION('',(0.,0.,1.));
#6304=DIRECTION('center_axis',(0.,0.,1.));
#6305=DIRECTION('ref_axis',(0.707106781186548,-0.707106781186547,0.));
#6306=DIRECTION('center_axis',(0.707106781186552,-0.707106781186544,0.));
#6307=DIRECTION('ref_axis',(0.707106781186544,0.707106781186551,0.));
#6308=DIRECTION('',(0.,0.,1.));
#6309=DIRECTION('',(-0.707106781186543,-0.707106781186551,0.));
#6310=DIRECTION('center_axis',(0.,0.,1.));
#6311=DIRECTION('ref_axis',(1.29526019539601E-14,-1.,0.));
#6312=DIRECTION('',(0.,0.,1.));
#6313=DIRECTION('center_axis',(0.,0.,1.));
#6314=DIRECTION('ref_axis',(1.29526019539601E-14,-1.,0.));
#6315=DIRECTION('center_axis',(-8.03062058284683E-15,-1.,0.));
#6316=DIRECTION('ref_axis',(1.,-8.03062058284683E-15,0.));
#6317=DIRECTION('',(0.,0.,1.));
#6318=DIRECTION('',(-1.,8.03062058284683E-15,0.));
#6319=DIRECTION('center_axis',(0.,0.,1.));
#6320=DIRECTION('ref_axis',(-0.707106781186548,-0.707106781186547,0.));
#6321=DIRECTION('',(0.,0.,1.));
#6322=DIRECTION('center_axis',(0.,0.,1.));
#6323=DIRECTION('ref_axis',(-0.707106781186548,-0.707106781186547,0.));
#6324=DIRECTION('center_axis',(-0.70710678118655,-0.707106781186545,0.));
#6325=DIRECTION('ref_axis',(0.707106781186545,-0.70710678118655,0.));
#6326=DIRECTION('',(0.,0.,1.));
#6327=DIRECTION('',(-0.707106781186545,0.70710678118655,0.));
#6328=DIRECTION('center_axis',(0.,0.,1.));
#6329=DIRECTION('ref_axis',(-1.,-5.55111512312578E-15,0.));
#6330=DIRECTION('',(0.,0.,1.));
#6331=DIRECTION('center_axis',(0.,0.,1.));
#6332=DIRECTION('ref_axis',(-1.,-5.55111512312578E-15,0.));
#6333=DIRECTION('center_axis',(-1.,-5.34289264519804E-16,0.));
#6334=DIRECTION('ref_axis',(5.34289264519804E-16,-1.,0.));
#6335=DIRECTION('',(0.,0.,1.));
#6336=DIRECTION('',(-5.34289264519804E-16,1.,0.));
#6337=DIRECTION('center_axis',(0.,0.,1.));
#6338=DIRECTION('ref_axis',(-0.707106781186547,0.707106781186548,0.));
#6339=DIRECTION('',(0.,0.,1.));
#6340=DIRECTION('center_axis',(0.,0.,1.));
#6341=DIRECTION('ref_axis',(-0.707106781186547,0.707106781186548,0.));
#6342=DIRECTION('center_axis',(-0.70710678118655,0.707106781186545,0.));
#6343=DIRECTION('ref_axis',(-0.707106781186545,-0.70710678118655,0.));
#6344=DIRECTION('',(0.,0.,1.));
#6345=DIRECTION('',(0.707106781186545,0.70710678118655,0.));
#6346=DIRECTION('center_axis',(0.,0.,1.));
#6347=DIRECTION('ref_axis',(-9.25185853854296E-16,1.,0.));
#6348=DIRECTION('',(0.,0.,1.));
#6349=DIRECTION('center_axis',(0.,0.,1.));
#6350=DIRECTION('ref_axis',(-9.25185853854296E-16,1.,0.));
#6351=DIRECTION('center_axis',(-1.13697491184618E-17,1.,0.));
#6352=DIRECTION('ref_axis',(-1.,-1.13697491184618E-17,0.));
#6353=DIRECTION('',(0.,0.,1.));
#6354=DIRECTION('',(1.,1.13697491184618E-17,0.));
#6355=DIRECTION('center_axis',(0.,1.,0.));
#6356=DIRECTION('ref_axis',(-1.,0.,0.));
#6357=DIRECTION('center_axis',(-1.26161707343768E-17,-1.,0.));
#6358=DIRECTION('ref_axis',(-1.,1.26161707343768E-17,0.));
#6359=DIRECTION('',(0.,0.,-1.));
#6360=DIRECTION('',(1.,-1.26161707343768E-17,0.));
#6361=DIRECTION('',(0.,0.,-1.));
#6362=DIRECTION('',(-1.,1.26161707343768E-17,0.));
#6363=DIRECTION('center_axis',(0.,0.,-1.));
#6364=DIRECTION('ref_axis',(-1.,0.,0.));
#6365=DIRECTION('center_axis',(0.,0.,1.));
#6366=DIRECTION('ref_axis',(1.,0.,0.));
#6367=DIRECTION('',(1.,1.13697491184618E-17,0.));
#6368=DIRECTION('center_axis',(0.,0.,1.));
#6369=DIRECTION('ref_axis',(0.707106781186549,0.707106781186546,0.));
#6370=DIRECTION('',(0.707106781186547,-0.707106781186548,0.));
#6371=DIRECTION('',(1.,-7.33510261598574E-15,0.));
#6372=DIRECTION('center_axis',(0.,0.,1.));
#6373=DIRECTION('ref_axis',(1.11022302462517E-14,-1.,0.));
#6374=DIRECTION('',(0.707106781186546,0.707106781186549,0.));
#6375=DIRECTION('center_axis',(0.,0.,1.));
#6376=DIRECTION('ref_axis',(0.707106781186552,-0.707106781186543,0.));
#6377=DIRECTION('',(-1.33572316129951E-15,1.,0.));
#6378=DIRECTION('center_axis',(0.,0.,1.));
#6379=DIRECTION('ref_axis',(1.,-5.55111512312579E-16,0.));
#6380=DIRECTION('',(-0.707106781186547,0.707106781186548,0.));
#6381=DIRECTION('center_axis',(0.,0.,1.));
#6382=DIRECTION('ref_axis',(0.707106781186547,0.707106781186548,0.));
#6383=DIRECTION('',(-1.,5.11638710330782E-17,0.));
#6384=DIRECTION('center_axis',(0.,0.,1.));
#6385=DIRECTION('ref_axis',(0.,1.,0.));
#6386=DIRECTION('',(-0.707106781186546,-0.707106781186549,0.));
#6387=DIRECTION('center_axis',(0.,0.,1.));
#6388=DIRECTION('ref_axis',(-0.707106781186549,0.707106781186546,0.));
#6389=DIRECTION('',(1.60286779355941E-15,-1.,0.));
#6390=DIRECTION('center_axis',(0.,0.,1.));
#6391=DIRECTION('ref_axis',(-1.,-1.11022302462517E-14,0.));
#6392=DIRECTION('',(0.707106781186544,-0.707106781186551,0.));
#6393=DIRECTION('center_axis',(0.,0.,1.));
#6394=DIRECTION('ref_axis',(-0.707106781186542,-0.707106781186553,0.));
#6395=DIRECTION('center_axis',(0.,0.,-1.));
#6396=DIRECTION('ref_axis',(1.,0.,0.));
#6397=DIRECTION('',(-1.,-1.98254111540573E-17,0.));
#6398=DIRECTION('',(0.,-1.,0.));
#6399=DIRECTION('',(1.,-5.11638710330782E-17,0.));
#6400=DIRECTION('center_axis',(0.,0.,1.));
#6401=DIRECTION('ref_axis',(-1.,0.,0.));
#6402=DIRECTION('',(1.,1.98254111540573E-17,0.));
#6403=DIRECTION('',(-1.,5.11638710330782E-17,0.));
#6404=DIRECTION('',(0.,-1.,0.));
#6405=DIRECTION('center_axis',(-1.,-2.09092002971582E-14,0.));
#6406=DIRECTION('ref_axis',(2.09092002971582E-14,-1.,0.));
#6407=DIRECTION('',(0.,0.,1.));
#6408=DIRECTION('',(1.38777878078145E-16,-7.10041345623445E-33,1.));
#6409=DIRECTION('',(0.,0.,1.));
#6410=DIRECTION('',(-2.09092002971582E-14,1.,0.));
#6411=DIRECTION('center_axis',(1.98254111540573E-17,-1.,0.));
#6412=DIRECTION('ref_axis',(1.,1.98254111540573E-17,0.));
#6413=DIRECTION('',(-1.,-1.98254111540573E-17,0.));
#6414=DIRECTION('center_axis',(0.,0.,-1.));
#6415=DIRECTION('ref_axis',(-1.,0.,0.));
#6416=DIRECTION('',(0.,-1.,0.));
#6417=DIRECTION('',(1.,0.,0.));
#6418=DIRECTION('center_axis',(-7.33510261598574E-15,-1.,0.));
#6419=DIRECTION('ref_axis',(-1.,7.33510261598574E-15,0.));
#6420=DIRECTION('',(0.,0.,-1.));
#6421=DIRECTION('',(-1.,7.33510261598574E-15,0.));
#6422=DIRECTION('',(0.,0.,-1.));
#6423=DIRECTION('center_axis',(0.,0.,-1.));
#6424=DIRECTION('ref_axis',(1.11022302462517E-14,-1.,0.));
#6425=DIRECTION('center_axis',(0.,0.,-1.));
#6426=DIRECTION('ref_axis',(1.11022302462517E-14,-1.,0.));
#6427=DIRECTION('',(0.,0.,-1.));
#6428=DIRECTION('center_axis',(0.707106781186549,-0.707106781186546,0.));
#6429=DIRECTION('ref_axis',(-0.707106781186546,-0.707106781186549,0.));
#6430=DIRECTION('',(-0.707106781186546,-0.707106781186549,0.));
#6431=DIRECTION('',(0.,0.,-1.));
#6432=DIRECTION('center_axis',(0.,0.,-1.));
#6433=DIRECTION('ref_axis',(0.707106781186552,-0.707106781186543,0.));
#6434=DIRECTION('center_axis',(0.,0.,-1.));
#6435=DIRECTION('ref_axis',(0.707106781186552,-0.707106781186543,0.));
#6436=DIRECTION('',(0.,0.,-1.));
#6437=DIRECTION('center_axis',(1.,1.33572316129951E-15,0.));
#6438=DIRECTION('ref_axis',(1.33572316129951E-15,-1.,0.));
#6439=DIRECTION('',(1.33572316129951E-15,-1.,0.));
#6440=DIRECTION('',(0.,0.,-1.));
#6441=DIRECTION('center_axis',(0.,0.,-1.));
#6442=DIRECTION('ref_axis',(1.,-5.55111512312579E-16,0.));
#6443=DIRECTION('center_axis',(0.,0.,-1.));
#6444=DIRECTION('ref_axis',(1.,-5.55111512312579E-16,0.));
#6445=DIRECTION('',(0.,0.,-1.));
#6446=DIRECTION('center_axis',(0.707106781186548,0.707106781186547,0.));
#6447=DIRECTION('ref_axis',(0.707106781186547,-0.707106781186548,0.));
#6448=DIRECTION('',(0.707106781186547,-0.707106781186548,0.));
#6449=DIRECTION('',(0.,0.,-1.));
#6450=DIRECTION('center_axis',(0.,0.,-1.));
#6451=DIRECTION('ref_axis',(0.707106781186547,0.707106781186548,0.));
#6452=DIRECTION('center_axis',(0.,0.,-1.));
#6453=DIRECTION('ref_axis',(0.707106781186547,0.707106781186548,0.));
#6454=DIRECTION('',(0.,0.,-1.));
#6455=DIRECTION('center_axis',(5.11638710330782E-17,1.,0.));
#6456=DIRECTION('ref_axis',(1.,-5.11638710330782E-17,0.));
#6457=DIRECTION('',(1.,-5.11638710330782E-17,0.));
#6458=DIRECTION('',(0.,0.,-1.));
#6459=DIRECTION('center_axis',(0.,0.,-1.));
#6460=DIRECTION('ref_axis',(0.,1.,0.));
#6461=DIRECTION('center_axis',(0.,0.,-1.));
#6462=DIRECTION('ref_axis',(0.,1.,0.));
#6463=DIRECTION('',(0.,0.,-1.));
#6464=DIRECTION('center_axis',(-0.707106781186549,0.707106781186546,0.));
#6465=DIRECTION('ref_axis',(0.707106781186546,0.707106781186549,0.));
#6466=DIRECTION('',(0.707106781186546,0.707106781186549,0.));
#6467=DIRECTION('',(0.,0.,-1.));
#6468=DIRECTION('center_axis',(0.,0.,-1.));
#6469=DIRECTION('ref_axis',(-0.707106781186549,0.707106781186546,0.));
#6470=DIRECTION('center_axis',(0.,0.,-1.));
#6471=DIRECTION('ref_axis',(-0.707106781186549,0.707106781186546,0.));
#6472=DIRECTION('',(0.,0.,-1.));
#6473=DIRECTION('center_axis',(-1.,-1.60286779355941E-15,0.));
#6474=DIRECTION('ref_axis',(-1.60286779355941E-15,1.,0.));
#6475=DIRECTION('',(-1.60286779355941E-15,1.,0.));
#6476=DIRECTION('',(0.,0.,-1.));
#6477=DIRECTION('center_axis',(0.,0.,-1.));
#6478=DIRECTION('ref_axis',(-1.,-1.11022302462517E-14,0.));
#6479=DIRECTION('center_axis',(0.,0.,-1.));
#6480=DIRECTION('ref_axis',(-1.,-1.11022302462517E-14,0.));
#6481=DIRECTION('',(0.,0.,-1.));
#6482=DIRECTION('center_axis',(-0.707106781186551,-0.707106781186544,0.));
#6483=DIRECTION('ref_axis',(-0.707106781186544,0.707106781186551,0.));
#6484=DIRECTION('',(-0.707106781186544,0.707106781186551,0.));
#6485=DIRECTION('',(0.,0.,-1.));
#6486=DIRECTION('center_axis',(0.,0.,-1.));
#6487=DIRECTION('ref_axis',(-0.707106781186542,-0.707106781186553,0.));
#6488=DIRECTION('center_axis',(0.,0.,-1.));
#6489=DIRECTION('ref_axis',(-0.707106781186542,-0.707106781186553,0.));
#6490=DIRECTION('center_axis',(0.,0.,1.));
#6491=DIRECTION('ref_axis',(1.,0.,0.));
#6492=DIRECTION('',(1.,0.,0.));
#6493=DIRECTION('',(3.70074341542623E-16,-1.,0.));
#6494=DIRECTION('',(1.,7.93016446162286E-17,0.));
#6495=DIRECTION('',(0.,-1.,0.));
#6496=DIRECTION('',(1.,7.93016446162286E-17,0.));
#6497=DIRECTION('',(3.70074341542623E-16,-1.,0.));
#6498=DIRECTION('',(1.,0.,0.));
#6499=DIRECTION('',(0.,-1.,0.));
#6500=DIRECTION('',(1.,0.,0.));
#6501=DIRECTION('',(3.70074341542623E-16,-1.,0.));
#6502=DIRECTION('center_axis',(-1.,0.,0.));
#6503=DIRECTION('ref_axis',(0.,-1.,0.));
#6504=DIRECTION('',(0.,0.,1.));
#6505=DIRECTION('center_axis',(0.,-1.,0.));
#6506=DIRECTION('ref_axis',(1.,0.,0.));
#6507=DIRECTION('center_axis',(1.,3.70074341542623E-16,0.));
#6508=DIRECTION('ref_axis',(-3.70074341542623E-16,1.,0.));
#6509=DIRECTION('',(0.,0.,1.));
#6510=DIRECTION('center_axis',(0.,1.,0.));
#6511=DIRECTION('ref_axis',(-1.,0.,0.));
#6512=DIRECTION('center_axis',(1.,0.,0.));
#6513=DIRECTION('ref_axis',(0.,1.,0.));
#6514=DIRECTION('',(0.,0.,1.));
#6515=DIRECTION('center_axis',(-7.93016446162286E-17,1.,0.));
#6516=DIRECTION('ref_axis',(-1.,-7.93016446162286E-17,0.));
#6517=DIRECTION('center_axis',(1.98254111540573E-17,-1.,0.));
#6518=DIRECTION('ref_axis',(1.,1.98254111540573E-17,0.));
#6519=DIRECTION('center_axis',(1.,3.70074341542623E-16,0.));
#6520=DIRECTION('ref_axis',(-3.70074341542623E-16,1.,0.));
#6521=DIRECTION('',(0.,0.,1.));
#6522=DIRECTION('center_axis',(0.,1.,0.));
#6523=DIRECTION('ref_axis',(-1.,0.,0.));
#6524=DIRECTION('center_axis',(1.,3.70074341542623E-16,0.));
#6525=DIRECTION('ref_axis',(-3.70074341542623E-16,1.,0.));
#6526=DIRECTION('',(0.,0.,1.));
#6527=DIRECTION('center_axis',(-7.93016446162286E-17,1.,0.));
#6528=DIRECTION('ref_axis',(-1.,-7.93016446162286E-17,0.));
#6529=DIRECTION('center_axis',(1.,0.,0.));
#6530=DIRECTION('ref_axis',(0.,1.,0.));
#6531=DIRECTION('',(0.,0.,1.));
#6532=DIRECTION('center_axis',(0.,1.,0.));
#6533=DIRECTION('ref_axis',(-1.,0.,0.));
#6534=DIRECTION('center_axis',(-1.,0.,0.));
#6535=DIRECTION('ref_axis',(0.,-1.,0.));
#6536=DIRECTION('center_axis',(1.,0.,0.));
#6537=DIRECTION('ref_axis',(0.,1.,0.));
#6538=DIRECTION('',(0.,0.,1.));
#6539=DIRECTION('center_axis',(-1.13697491184618E-17,1.,0.));
#6540=DIRECTION('ref_axis',(-1.,-1.13697491184618E-17,0.));
#6541=DIRECTION('',(0.,0.,1.));
#6542=DIRECTION('center_axis',(0.,0.,1.));
#6543=DIRECTION('ref_axis',(0.707106781186549,0.707106781186546,0.));
#6544=DIRECTION('',(0.,0.,1.));
#6545=DIRECTION('center_axis',(0.707106781186548,0.707106781186547,0.));
#6546=DIRECTION('ref_axis',(-0.707106781186547,0.707106781186548,0.));
#6547=DIRECTION('axis',(0.,0.,1.));
#6548=DIRECTION('refdir',(1.,0.,0.));
#6549=DIRECTION('center_axis',(2.77555756156286E-17,-3.08086889333481E-15,
-1.));
#6550=DIRECTION('ref_axis',(-0.416666666666669,-0.909059342886308,2.78912782852063E-15));
#6551=DIRECTION('center_axis',(1.11022302462515E-16,-1.86620757747551E-15,
-1.));
#6552=DIRECTION('ref_axis',(-0.416666666666669,-0.909059342886308,1.65023414137662E-15));
#6553=DIRECTION('',(2.77555756156286E-17,-3.08086889333481E-15,-1.));
#6554=DIRECTION('center_axis',(-1.49880108324396E-15,3.05311331771918E-16,
1.));
#6555=DIRECTION('ref_axis',(-0.416666666666669,-0.909059342886308,-3.4695433271533E-16));
#6556=DIRECTION('',(1.49880108324396E-15,-3.08086889333481E-15,-1.));
#6557=DIRECTION('center_axis',(1.49880108324396E-15,-3.05311331771918E-16,
-1.));
#6558=DIRECTION('ref_axis',(-1.,2.77555756156284E-17,-1.49880108324396E-15));
#6559=DIRECTION('',(2.77555756156289E-17,1.,-1.71512449944288E-15));
#6560=DIRECTION('',(1.,8.47409175530387E-33,2.77555756156287E-17));
#6561=DIRECTION('',(-1.19851690400298E-31,-1.,2.25822447161603E-15));
#6562=DIRECTION('center_axis',(-1.49880108324396E-15,3.05311331771918E-16,
1.));
#6563=DIRECTION('ref_axis',(0.416666666666665,-0.90905934288631,9.02046569987972E-16));
#6564=DIRECTION('',(1.30847713616537E-16,-1.,1.86620757747551E-15));
#6565=DIRECTION('center_axis',(-1.49880108324396E-15,3.05311331771918E-16,
1.));
#6566=DIRECTION('ref_axis',(0.707106781186547,-0.707106781186547,1.27570012268057E-15));
#6567=DIRECTION('',(-1.,2.77555756156288E-17,-1.11022302462515E-16));
#6568=DIRECTION('center_axis',(-1.49880108324396E-15,3.05311331771918E-16,
1.));
#6569=DIRECTION('ref_axis',(-0.707106781186547,-0.707106781186547,-8.43924696542528E-16));
#6570=DIRECTION('',(-1.30847713616537E-16,1.,-1.86620757747551E-15));
#6571=DIRECTION('center_axis',(-2.77555756156287E-17,3.08086889333481E-15,
1.));
#6572=DIRECTION('ref_axis',(0.416666666666665,-0.90905934288631,2.81225747486699E-15));
#6573=DIRECTION('',(-2.77555756156287E-17,3.08086889333481E-15,1.));
#6574=DIRECTION('center_axis',(1.11022302462515E-16,-1.86620757747551E-15,
-1.));
#6575=DIRECTION('ref_axis',(0.416666666666665,-0.90905934288631,1.74275272676205E-15));
#6576=DIRECTION('',(2.8865798640254E-15,-3.08086889333481E-15,-1.));
#6577=DIRECTION('center_axis',(-1.11022302462515E-16,1.86620757747551E-15,
1.));
#6578=DIRECTION('ref_axis',(1.,-2.77555756156288E-17,1.11022302462515E-16));
#6579=DIRECTION('',(1.30847713616537E-16,-1.,1.86620757747551E-15));
#6580=DIRECTION('center_axis',(1.11022302462515E-16,-1.86620757747551E-15,
-1.));
#6581=DIRECTION('ref_axis',(-0.707106781186547,-0.707106781186547,1.24110341020046E-15));
#6582=DIRECTION('',(1.,-2.77555756156288E-17,1.11022302462515E-16));
#6583=DIRECTION('center_axis',(1.11022302462515E-16,-1.86620757747551E-15,
-1.));
#6584=DIRECTION('ref_axis',(0.707106781186547,-0.707106781186547,1.39811265606884E-15));
#6585=DIRECTION('',(2.77555756156334E-17,1.,-1.86620757747551E-15));
#6586=DIRECTION('',(1.19851690400298E-31,1.,-2.25822447161603E-15));
#6587=DIRECTION('',(-1.,-2.97132471820063E-30,-1.74860126378462E-15));
#6588=DIRECTION('',(1.09820805273281E-31,1.,-1.77635683940025E-15));
#6589=DIRECTION('center_axis',(1.49880108324396E-15,-3.05311331771918E-16,
-1.));
#6590=DIRECTION('ref_axis',(-0.707106781186547,-0.707106781186547,-8.43924696542528E-16));
#6591=DIRECTION('',(-1.49880108324396E-15,3.05311331771918E-16,1.));
#6592=DIRECTION('',(1.49880108324396E-15,-3.05311331771918E-16,-1.));
#6593=DIRECTION('center_axis',(-2.77555756156289E-17,-1.,3.05311331771918E-16));
#6594=DIRECTION('ref_axis',(-1.,2.77555756156289E-17,-1.11022302462515E-16));
#6595=DIRECTION('',(2.8865798640254E-15,-3.05311331771918E-16,-1.));
#6596=DIRECTION('center_axis',(2.8865798640254E-15,-3.05311331771918E-16,
-1.));
#6597=DIRECTION('ref_axis',(0.707106781186547,-0.707106781186547,2.25700790935792E-15));
#6598=DIRECTION('',(-2.8865798640254E-15,3.05311331771918E-16,1.));
#6599=DIRECTION('center_axis',(-1.,2.7755575615628E-17,-2.8865798640254E-15));
#6600=DIRECTION('ref_axis',(2.77555756156289E-17,1.,-3.05311331771918E-16));
#6601=DIRECTION('center_axis',(1.,-2.77555756156284E-17,1.49880108324396E-15));
#6602=DIRECTION('ref_axis',(-2.77555756156289E-17,-1.,3.05311331771918E-16));
#6603=DIRECTION('center_axis',(-1.,2.77555756156288E-17,-2.77555756156287E-17));
#6604=DIRECTION('ref_axis',(2.77555756156288E-17,1.,-1.71512449944288E-15));
#6605=DIRECTION('',(2.77555756156287E-17,-1.71512449944288E-15,-1.));
#6606=DIRECTION('center_axis',(-1.,4.3140830754274E-32,1.72563323017096E-31));
#6607=DIRECTION('ref_axis',(4.3140830754274E-32,1.,1.00148357108136E-30));
#6608=DIRECTION('center_axis',(1.,-4.3140830754274E-32,-1.72563323017096E-31));
#6609=DIRECTION('ref_axis',(-1.72563323017096E-31,-1.69309011255336E-15,
-1.));
#6610=DIRECTION('',(-1.,4.31408307542741E-32,-1.11022302462515E-16));
#6611=DIRECTION('center_axis',(-1.,4.3140830754274E-32,1.72563323017096E-31));
#6612=DIRECTION('ref_axis',(4.31408307542739E-32,1.,-3.05311331771917E-16));
#6613=DIRECTION('center_axis',(1.,-3.85185988877444E-33,2.77555756156287E-17));
#6614=DIRECTION('ref_axis',(-6.65301799677763E-32,-1.,2.25822447161603E-15));
#6615=DIRECTION('',(-2.77555756156287E-17,1.71512449944288E-15,1.));
#6616=DIRECTION('center_axis',(-1.,4.3140830754274E-32,1.72563323017096E-31));
#6617=DIRECTION('ref_axis',(1.72563323017096E-31,3.05311331771917E-16,1.));
#6618=DIRECTION('center_axis',(1.,-4.3140830754274E-32,-1.72563323017096E-31));
#6619=DIRECTION('ref_axis',(-1.72563323017096E-31,-1.69309011255336E-15,
-1.));
#6620=DIRECTION('',(-4.3140830754274E-32,-1.,3.05311331771917E-16));
#6621=DIRECTION('center_axis',(1.,-4.3140830754274E-32,-1.72563323017096E-31));
#6622=DIRECTION('ref_axis',(-1.72563323017096E-31,-3.05311331771917E-16,
-1.));
#6623=DIRECTION('',(4.3140830754274E-32,1.,-3.05311331771917E-16));
#6624=DIRECTION('center_axis',(1.,-4.3140830754274E-32,-1.72563323017096E-31));
#6625=DIRECTION('ref_axis',(-1.72563323017096E-31,-1.69309011255338E-15,
-1.));
#6626=DIRECTION('center_axis',(-1.,4.3140830754274E-32,1.72563323017096E-31));
#6627=DIRECTION('ref_axis',(4.3140830754274E-32,1.,1.00148357108137E-30));
#6628=DIRECTION('',(1.,-4.31408307542741E-32,1.11022302462515E-16));
#6629=DIRECTION('center_axis',(1.,-4.3140830754274E-32,-1.72563323017096E-31));
#6630=DIRECTION('ref_axis',(-1.72563323017096E-31,9.86076131526265E-31,
-1.));
#6631=DIRECTION('',(-1.72563323017096E-31,9.86076131526265E-31,-1.));
#6632=DIRECTION('',(4.31408307542741E-32,1.,9.86076131526265E-31));
#6633=DIRECTION('',(1.72563323017096E-31,-9.86076131526265E-31,1.));
#6634=DIRECTION('center_axis',(4.31408307542741E-32,1.,9.86076131526265E-31));
#6635=DIRECTION('ref_axis',(1.72563323017096E-31,-9.86076131526265E-31,
1.));
#6636=DIRECTION('',(1.72563323017096E-31,-9.86076131526265E-31,1.));
#6637=DIRECTION('',(1.,-4.3140830754274E-32,-1.72563323017096E-31));
#6638=DIRECTION('center_axis',(1.72563323017096E-31,-9.86076131526265E-31,
1.));
#6639=DIRECTION('ref_axis',(1.,-4.3140830754274E-32,-1.72563323017096E-31));
#6640=DIRECTION('',(-1.,4.3140830754274E-32,1.72563323017096E-31));
#6641=DIRECTION('',(4.31408307542741E-32,1.,9.86076131526265E-31));
#6642=DIRECTION('center_axis',(-1.,4.3140830754274E-32,1.72563323017096E-31));
#6643=DIRECTION('ref_axis',(1.72563323017096E-31,-9.86076131526265E-31,
1.));
#6644=DIRECTION('',(-1.72563323017096E-31,9.86076131526265E-31,-1.));
#6645=DIRECTION('center_axis',(4.31408307542741E-32,1.,9.86076131526265E-31));
#6646=DIRECTION('ref_axis',(1.,-4.31408307542741E-32,-1.72563323017096E-31));
#6647=DIRECTION('axis',(0.,0.,1.));
#6648=DIRECTION('refdir',(1.,0.,0.));
#6649=DIRECTION('center_axis',(-1.97215226305253E-31,1.83758917935762E-15,
-1.));
#6650=DIRECTION('ref_axis',(-0.707106781186547,-0.707106781186547,-1.2993717697588E-15));
#6651=DIRECTION('center_axis',(1.97215226305253E-31,-1.83758917935762E-15,
1.));
#6652=DIRECTION('ref_axis',(-0.707106781186547,-0.707106781186547,-1.2993717697588E-15));
#6653=DIRECTION('',(1.97215226305253E-31,-1.83758917935762E-15,1.));
#6654=DIRECTION('center_axis',(-1.84574577843932E-15,1.80697300937893E-15,
-1.));
#6655=DIRECTION('ref_axis',(-0.707106781186547,-0.707106781186547,2.74164879279818E-17));
#6656=DIRECTION('',(-1.97215226305253E-31,1.83758917935762E-15,-1.));
#6657=DIRECTION('center_axis',(-1.,-2.15704153771371E-32,1.97215226305253E-31));
#6658=DIRECTION('ref_axis',(-2.15704153771367E-32,1.,1.83758917935762E-15));
#6659=DIRECTION('',(1.08536851977023E-31,1.,1.77635683940025E-15));
#6660=DIRECTION('',(-1.97215226305253E-31,1.83758917935762E-15,-1.));
#6661=DIRECTION('',(1.2420361459035E-32,1.,1.83758917935762E-15));
#6662=DIRECTION('center_axis',(-1.84574577843932E-15,1.80697300937893E-15,
-1.));
#6663=DIRECTION('ref_axis',(5.55111512312578E-16,1.,1.80697300937893E-15));
#6664=DIRECTION('',(1.,-5.55111512312574E-16,-2.46716227694479E-15));
#6665=DIRECTION('center_axis',(-1.84574577843932E-15,1.80697300937893E-15,
-1.));
#6666=DIRECTION('ref_axis',(0.707106781186547,-0.707106781186547,-2.58286222463379E-15));
#6667=DIRECTION('',(1.08536851977024E-31,1.,1.77635683940025E-15));
#6668=DIRECTION('',(-1.,-3.37422926256644E-30,1.84574577843932E-15));
#6669=DIRECTION('center_axis',(-1.97215226305253E-31,1.83758917935762E-15,
-1.));
#6670=DIRECTION('ref_axis',(0.707106781186547,-0.707106781186547,-1.2993717697588E-15));
#6671=DIRECTION('center_axis',(1.97215226305253E-31,-1.83758917935762E-15,
1.));
#6672=DIRECTION('ref_axis',(0.707106781186547,-0.707106781186547,-1.2993717697588E-15));
#6673=DIRECTION('',(1.97215226305253E-31,-1.83758917935762E-15,1.));
#6674=DIRECTION('',(-1.97215226305253E-31,1.83758917935762E-15,-1.));
#6675=DIRECTION('center_axis',(1.,-7.70371977754893E-32,-1.97215226305253E-31));
#6676=DIRECTION('ref_axis',(-7.70371977754897E-32,-1.,-1.77635683940025E-15));
#6677=DIRECTION('',(-1.08536851977024E-31,-1.,-1.77635683940025E-15));
#6678=DIRECTION('',(1.97215226305253E-31,-1.83758917935762E-15,1.));
#6679=DIRECTION('center_axis',(-2.46321995682097E-47,1.,1.88162635590491E-47));
#6680=DIRECTION('ref_axis',(-0.416666666666669,6.84168369981068E-48,-0.909059342886309));
#6681=DIRECTION('center_axis',(-2.46321995682097E-47,1.,3.07902494602622E-47));
#6682=DIRECTION('ref_axis',(-0.416666666666669,1.77267474548974E-47,-0.909059342886309));
#6683=DIRECTION('',(-2.46321995682097E-47,1.,1.88162635590491E-47));
#6684=DIRECTION('center_axis',(2.46321995682097E-47,-1.,-3.07902494602622E-47));
#6685=DIRECTION('ref_axis',(-0.416666666666669,1.77267474548974E-47,-0.909059342886309));
#6686=DIRECTION('',(-2.15704153771371E-32,1.,1.88162635590491E-47));
#6687=DIRECTION('center_axis',(-1.,-2.46321995682097E-47,9.86076131526265E-32));
#6688=DIRECTION('ref_axis',(9.86076131526265E-32,-3.07902494602622E-47,
1.));
#6689=DIRECTION('',(-9.86076131526265E-32,3.07902494602622E-47,-1.));
#6690=DIRECTION('',(-2.46321995682097E-47,1.,3.07902494602622E-47));
#6691=DIRECTION('',(9.86076131526265E-32,-3.07902494602622E-47,1.));
#6692=DIRECTION('center_axis',(-2.46321995682097E-47,1.,3.07902494602622E-47));
#6693=DIRECTION('ref_axis',(1.,2.46321995682097E-47,-9.86076131526265E-32));
#6694=DIRECTION('',(7.88860905221012E-31,3.07902494602622E-47,-1.));
#6695=DIRECTION('',(1.,2.46321995682097E-47,-5.55111512312578E-16));
#6696=DIRECTION('',(1.11022302462516E-15,-3.07902494602621E-47,1.));
#6697=DIRECTION('center_axis',(-2.46321995682097E-47,1.,3.07902494602622E-47));
#6698=DIRECTION('ref_axis',(0.416666666666669,3.82535804284056E-47,-0.909059342886309));
#6699=DIRECTION('',(9.86076131526265E-32,-3.07902494602622E-47,1.));
#6700=DIRECTION('',(-1.,-2.46321995682097E-47,9.86076131526265E-32));
#6701=DIRECTION('center_axis',(2.46321995682097E-47,-1.,-1.88162635590491E-47));
#6702=DIRECTION('ref_axis',(0.416666666666669,2.73685166733189E-47,-0.909059342886309));
#6703=DIRECTION('center_axis',(2.46321995682097E-47,-1.,-3.07902494602622E-47));
#6704=DIRECTION('ref_axis',(0.416666666666669,3.82535804284056E-47,-0.909059342886309));
#6705=DIRECTION('',(2.46321995682097E-47,-1.,-1.88162635590491E-47));
#6706=DIRECTION('',(-2.15704153771371E-32,1.,1.88162635590491E-47));
#6707=DIRECTION('center_axis',(1.,2.46321995682097E-47,-9.86076131526265E-32));
#6708=DIRECTION('ref_axis',(-9.86076131526265E-32,3.07902494602622E-47,
-1.));
#6709=DIRECTION('',(-9.86076131526265E-32,3.07902494602622E-47,-1.));
#6710=DIRECTION('',(-2.46321995682097E-47,1.,3.07902494602622E-47));
#6711=DIRECTION('center_axis',(-2.46321995682097E-47,1.,3.07902494602622E-47));
#6712=DIRECTION('ref_axis',(9.86076131526265E-32,-3.07902494602622E-47,
1.));
#6713=DIRECTION('',(1.,2.46321995682097E-47,-9.86076131526265E-32));
#6714=DIRECTION('',(-1.11022302462516E-15,3.07902494602621E-47,-1.));
#6715=DIRECTION('',(-1.,-2.46321995682097E-47,5.55111512312578E-16));
#6716=DIRECTION('',(-7.88860905221012E-31,-3.07902494602622E-47,1.));
#6717=DIRECTION('center_axis',(-1.,-2.46321995682097E-47,9.86076131526265E-32));
#6718=DIRECTION('ref_axis',(-2.46321995682097E-47,1.,3.07902494602622E-47));
#6719=DIRECTION('',(1.,2.15704153771371E-32,-1.97215226305253E-31));
#6720=DIRECTION('center_axis',(1.,2.46321995682097E-47,-9.86076131526265E-32));
#6721=DIRECTION('ref_axis',(-9.86076131526265E-32,1.38777878078145E-15,
-1.));
#6722=DIRECTION('center_axis',(-1.,-2.46321995682097E-47,9.86076131526265E-32));
#6723=DIRECTION('ref_axis',(-2.46321995682097E-47,1.,1.88162635590491E-47));
#6724=DIRECTION('center_axis',(-1.,-2.46321995682097E-47,9.86076131526265E-32));
#6725=DIRECTION('ref_axis',(9.86076131526265E-32,-1.88162635590491E-47,
1.));
#6726=DIRECTION('center_axis',(1.,2.46321995682097E-47,-9.86076131526265E-32));
#6727=DIRECTION('ref_axis',(-9.86076131526265E-32,2.77555756156289E-15,
-1.));
#6728=DIRECTION('',(-2.15704153771371E-32,1.,1.88162635590491E-47));
#6729=DIRECTION('center_axis',(1.,2.46321995682097E-47,-9.86076131526265E-32));
#6730=DIRECTION('ref_axis',(-9.86076131526265E-32,1.88162635590491E-47,
-1.));
#6731=DIRECTION('',(2.15704153771371E-32,-1.,-1.88162635590491E-47));
#6732=DIRECTION('center_axis',(1.,2.46321995682097E-47,-9.86076131526265E-32));
#6733=DIRECTION('ref_axis',(-9.86076131526265E-32,2.77555756156287E-15,
-1.));
#6734=DIRECTION('center_axis',(-5.55111512312578E-16,-1.,-1.83758917935762E-15));
#6735=DIRECTION('ref_axis',(-1.,5.55111512312573E-16,2.46716227694479E-15));
#6736=DIRECTION('',(-1.,5.55111512312574E-16,2.46716227694479E-15));
#6737=DIRECTION('center_axis',(-1.,-2.46321995682097E-47,9.86076131526265E-32));
#6738=DIRECTION('ref_axis',(-2.46321995682097E-47,1.,3.07902494602622E-47));
#6739=DIRECTION('center_axis',(-1.97215226305253E-31,1.83758917935762E-15,
-1.));
#6740=DIRECTION('ref_axis',(5.55111512312578E-16,1.,1.83758917935762E-15));
#6741=DIRECTION('center_axis',(-1.,-2.15704153771371E-32,1.11022302462516E-15));
#6742=DIRECTION('ref_axis',(1.11022302462516E-15,5.13170824337709E-48,1.));
#6743=DIRECTION('center_axis',(1.,2.15704153771371E-32,7.88860905221012E-31));
#6744=DIRECTION('ref_axis',(7.88860905221012E-31,1.88162635590491E-47,-1.));
#6745=DIRECTION('center_axis',(9.86076131526265E-32,-3.07902494602622E-47,
1.));
#6746=DIRECTION('ref_axis',(1.,2.46321995682097E-47,-9.86076131526265E-32));
#6747=DIRECTION('',(-1.84889274661175E-32,-1.,2.08166817117217E-16));
#6748=DIRECTION('',(1.,0.,3.84878118253276E-48));
#6749=DIRECTION('',(-1.84889274661175E-32,-1.,2.08166817117217E-16));
#6750=DIRECTION('',(1.,-9.86076131526265E-32,-2.67144632259901E-16));
#6751=DIRECTION('',(1.11022302462516E-16,-1.,-9.71445146547011E-17));
#6752=DIRECTION('',(1.,1.11022302462516E-16,2.77555756156288E-17));
#6753=DIRECTION('',(-5.55111512312578E-16,-1.,2.08166817117217E-16));
#6754=DIRECTION('',(1.,-5.55111512312578E-16,9.3985381286097E-32));
#6755=DIRECTION('',(1.11022302462516E-16,-1.,-9.71445146547011E-17));
#6756=DIRECTION('',(1.,1.11022302462516E-16,2.77555756156288E-17));
#6757=DIRECTION('',(1.11022302462516E-16,-1.,-9.71445146547011E-17));
#6758=DIRECTION('',(1.,1.11022302462516E-16,2.77555756156288E-17));
#6759=DIRECTION('',(-5.55111512312578E-16,-1.,2.08166817117217E-16));
#6760=DIRECTION('',(1.,-5.55111512312578E-16,9.3985381286097E-32));
#6761=DIRECTION('',(-5.55111512312578E-16,-1.,2.08166817117217E-16));
#6762=DIRECTION('',(1.,-5.55111512312578E-16,9.3985381286097E-32));
#6763=CARTESIAN_POINT('',(0.,0.,0.));
#6764=CARTESIAN_POINT('',(0.,0.,0.));
#6765=CARTESIAN_POINT('Origin',(1.625,0.15,-5.1));
#6766=CARTESIAN_POINT('',(1.375,0.3,-5.1));
#6767=CARTESIAN_POINT('',(1.625,0.3,-5.35));
#6768=CARTESIAN_POINT('Origin',(1.625,0.3,-5.1));
#6769=CARTESIAN_POINT('',(1.625,0.,-5.35));
#6770=CARTESIAN_POINT('',(1.625,0.15,-5.35));
#6771=CARTESIAN_POINT('',(1.375,0.,-5.1));
#6772=CARTESIAN_POINT('Origin',(1.625,0.,-5.1));
#6773=CARTESIAN_POINT('',(1.375,0.15,-5.1));
#6774=CARTESIAN_POINT('Origin',(1.375,0.3,-5.35));
#6775=CARTESIAN_POINT('',(1.375,0.,-3.81423048454133));
#6776=CARTESIAN_POINT('',(1.375,0.,-2.675));
#6777=CARTESIAN_POINT('',(1.375,0.3,-3.81423048454133));
#6778=CARTESIAN_POINT('',(1.375,0.,-3.81423048454133));
#6779=CARTESIAN_POINT('',(1.375,0.3,-2.675));
#6780=CARTESIAN_POINT('Origin',(-1.11022302462516E-15,0.,-2.22044604925031E-15));
#6781=CARTESIAN_POINT('',(3.05147186257614,0.,-5.35));
#6782=CARTESIAN_POINT('',(-3.3,0.,-5.35));
#6783=CARTESIAN_POINT('',(3.05147186257614,0.,5.35));
#6784=CARTESIAN_POINT('',(3.05147186257614,0.,-2.675));
#6785=CARTESIAN_POINT('',(1.425,0.,5.35));
#6786=CARTESIAN_POINT('',(3.3,0.,5.35));
#6787=CARTESIAN_POINT('',(1.425,0.,4.35));
#6788=CARTESIAN_POINT('',(1.425,0.,2.175));
#6789=CARTESIAN_POINT('',(-1.425,0.,4.35));
#6790=CARTESIAN_POINT('',(-0.712499999999999,0.,4.35));
#6791=CARTESIAN_POINT('',(-1.425,0.,5.35));
#6792=CARTESIAN_POINT('',(-1.425,0.,2.675));
#6793=CARTESIAN_POINT('',(-3.05147186257614,0.,5.34999999999999));
#6794=CARTESIAN_POINT('',(3.3,0.,5.35));
#6795=CARTESIAN_POINT('',(-3.05147186257614,0.,-5.35));
#6796=CARTESIAN_POINT('',(-3.05147186257614,0.,2.675));
#6797=CARTESIAN_POINT('',(-1.625,0.,-5.35));
#6798=CARTESIAN_POINT('',(-3.3,0.,-5.35));
#6799=CARTESIAN_POINT('',(-1.375,0.,-5.1));
#6800=CARTESIAN_POINT('Origin',(-1.625,0.,-5.1));
#6801=CARTESIAN_POINT('',(-1.375,0.,-3.81423048454133));
#6802=CARTESIAN_POINT('',(-1.375,0.,-1.9875));
#6803=CARTESIAN_POINT('',(-0.625000000000001,0.,-3.81423048454133));
#6804=CARTESIAN_POINT('Origin',(-1.,0.,-3.81423048454133));
#6805=CARTESIAN_POINT('',(0.624999999999999,0.,-3.81423048454133));
#6806=CARTESIAN_POINT('',(-0.312500000000001,0.,-3.81423048454133));
#6807=CARTESIAN_POINT('Origin',(0.999999999999999,0.,-3.81423048454133));
#6808=CARTESIAN_POINT('Origin',(-1.625,0.15,-5.1));
#6809=CARTESIAN_POINT('',(-1.625,0.3,-5.35));
#6810=CARTESIAN_POINT('',(-1.625,0.15,-5.35));
#6811=CARTESIAN_POINT('',(-1.375,0.3,-5.1));
#6812=CARTESIAN_POINT('Origin',(-1.625,0.3,-5.1));
#6813=CARTESIAN_POINT('',(-1.375,0.15,-5.1));
#6814=CARTESIAN_POINT('Origin',(-1.375,0.3,-3.975));
#6815=CARTESIAN_POINT('',(-1.375,0.3,-3.81423048454133));
#6816=CARTESIAN_POINT('',(-1.375,0.3,-1.9875));
#6817=CARTESIAN_POINT('',(-1.375,0.,-3.81423048454133));
#6818=CARTESIAN_POINT('Origin',(-1.11022302462516E-15,0.3,-2.22044604925031E-15));
#6819=CARTESIAN_POINT('',(0.624999999999999,0.3,-3.81423048454133));
#6820=CARTESIAN_POINT('Origin',(0.999999999999999,0.3,-3.81423048454133));
#6821=CARTESIAN_POINT('',(-0.625000000000001,0.3,-3.81423048454133));
#6822=CARTESIAN_POINT('',(-0.312500000000001,0.3,-3.81423048454133));
#6823=CARTESIAN_POINT('Origin',(-1.,0.3,-3.81423048454133));
#6824=CARTESIAN_POINT('',(-3.05147186257614,0.3,-5.35));
#6825=CARTESIAN_POINT('',(-3.3,0.3,-5.35));
#6826=CARTESIAN_POINT('',(-3.05147186257614,0.3,5.34999999999999));
#6827=CARTESIAN_POINT('',(-3.05147186257614,0.3,2.675));
#6828=CARTESIAN_POINT('',(-1.425,0.3,5.35));
#6829=CARTESIAN_POINT('',(3.3,0.3,5.35));
#6830=CARTESIAN_POINT('',(-1.425,0.3,4.35));
#6831=CARTESIAN_POINT('',(-1.425,0.3,2.675));
#6832=CARTESIAN_POINT('',(1.425,0.3,4.35));
#6833=CARTESIAN_POINT('',(-0.712499999999999,0.3,4.35));
#6834=CARTESIAN_POINT('',(1.425,0.3,5.35));
#6835=CARTESIAN_POINT('',(1.425,0.3,2.175));
#6836=CARTESIAN_POINT('',(3.05147186257614,0.3,5.35));
#6837=CARTESIAN_POINT('',(3.3,0.3,5.35));
#6838=CARTESIAN_POINT('',(3.05147186257614,0.3,-5.35));
#6839=CARTESIAN_POINT('',(3.05147186257614,0.3,-2.675));
#6840=CARTESIAN_POINT('',(-3.3,0.3,-5.35));
#6841=CARTESIAN_POINT('Origin',(0.374999999999999,-0.234807621135331,-4.30131397208144));
#6842=CARTESIAN_POINT('',(0.374999999999999,-0.099999999999999,-4.66782032302755));
#6843=CARTESIAN_POINT('',(0.624999999999999,0.0250000000000006,-4.45131397208144));
#6844=CARTESIAN_POINT('Origin',(0.374999999999999,0.0250000000000009,-4.45131397208144));
#6845=CARTESIAN_POINT('',(0.624999999999999,-0.234807621135331,-4.30131397208144));
#6846=CARTESIAN_POINT('',(0.624999999999999,-0.234807621135331,-4.30131397208144));
#6847=CARTESIAN_POINT('',(0.374999999999999,-0.359807621135331,-4.51782032302755));
#6848=CARTESIAN_POINT('Origin',(0.374999999999999,-0.234807621135331,-4.30131397208144));
#6849=CARTESIAN_POINT('',(0.374999999999999,-0.359807621135331,-4.51782032302755));
#6850=CARTESIAN_POINT('Origin',(0.624999999999999,-0.359807621135331,-4.51782032302755));
#6851=CARTESIAN_POINT('',(-0.375000000000001,-0.359807621135331,-4.51782032302755));
#6852=CARTESIAN_POINT('',(-0.625000000000001,-0.359807621135331,-4.51782032302755));
#6853=CARTESIAN_POINT('',(-0.375000000000001,-0.099999999999999,-4.66782032302755));
#6854=CARTESIAN_POINT('',(-0.375000000000001,-0.359807621135331,-4.51782032302755));
#6855=CARTESIAN_POINT('',(-0.625000000000001,-0.099999999999999,-4.66782032302755));
#6856=CARTESIAN_POINT('Origin',(-1.09167210254685E-15,-0.143451332235384,
-4.14308023811579));
#6857=CARTESIAN_POINT('',(0.624999999999999,-0.0401923788646683,-3.96423048454133));
#6858=CARTESIAN_POINT('',(0.624999999999999,0.638391634310726,-2.78888849651756));
#6859=CARTESIAN_POINT('',(-0.625000000000001,-0.0401923788646683,-3.96423048454133));
#6860=CARTESIAN_POINT('',(-1.100947563586E-15,-0.0401923788646683,-3.96423048454133));
#6861=CARTESIAN_POINT('',(-0.625000000000001,-0.234807621135331,-4.30131397208144));
#6862=CARTESIAN_POINT('',(-0.625000000000001,0.638391634310726,-2.78888849651756));
#6863=CARTESIAN_POINT('Origin',(-0.375000000000001,-0.234807621135331,-4.30131397208144));
#6864=CARTESIAN_POINT('Origin',(-0.375000000000001,-0.234807621135331,-4.30131397208144));
#6865=CARTESIAN_POINT('',(-0.625000000000001,0.0250000000000006,-4.45131397208144));
#6866=CARTESIAN_POINT('Origin',(-0.375000000000001,0.0250000000000009,-4.45131397208144));
#6867=CARTESIAN_POINT('',(-0.625000000000001,-0.234807621135331,-4.30131397208144));
#6868=CARTESIAN_POINT('Origin',(-0.625000000000001,-0.359807621135331,-4.51782032302755));
#6869=CARTESIAN_POINT('',(-0.625000000000001,0.219615242270663,-4.11423048454133));
#6870=CARTESIAN_POINT('',(-0.625000000000001,0.0169652977851048,-3.99723048454133));
#6871=CARTESIAN_POINT('',(-0.625000000000001,0.219615242270663,-4.11423048454133));
#6872=CARTESIAN_POINT('Origin',(-1.11022302462516E-15,-0.3,-3.81423048454133));
#6873=CARTESIAN_POINT('',(0.624999999999999,0.219615242270663,-4.11423048454133));
#6874=CARTESIAN_POINT('',(-1.11022302462516E-15,0.219615242270664,-4.11423048454133));
#6875=CARTESIAN_POINT('Origin',(-0.625000000000001,-0.3,-3.81423048454133));
#6876=CARTESIAN_POINT('Origin',(0.624999999999999,-0.3,-3.81423048454133));
#6877=CARTESIAN_POINT('Origin',(0.624999999999999,0.0729049566645643,-3.76834015320403));
#6878=CARTESIAN_POINT('',(0.624999999999999,0.898199255446057,-2.93888849651756));
#6879=CARTESIAN_POINT('',(0.624999999999999,0.0169652977851048,-3.99723048454133));
#6880=CARTESIAN_POINT('Origin',(-0.625000000000001,-0.0401923788646683,
-3.96423048454133));
#6881=CARTESIAN_POINT('Origin',(-0.625000000000001,-0.3,-3.81423048454133));
#6882=CARTESIAN_POINT('',(-0.625000000000001,0.,-3.81423048454133));
#6883=CARTESIAN_POINT('Origin',(0.624999999999999,0.219615242270663,-4.11423048454133));
#6884=CARTESIAN_POINT('',(0.624999999999999,0.,-3.81423048454133));
#6885=CARTESIAN_POINT('Origin',(0.624999999999999,-0.3,-3.81423048454133));
#6886=CARTESIAN_POINT('Origin',(-1.11022302462516E-15,-0.3,-3.81423048454133));
#6887=CARTESIAN_POINT('Origin',(-1.11022302462516E-15,0.116356288899948,
-4.29308023811579));
#6888=CARTESIAN_POINT('Origin',(0.999999999999999,0.,-3.81423048454133));
#6889=CARTESIAN_POINT('Origin',(-1.,0.,-3.81423048454133));
#6890=CARTESIAN_POINT('Origin',(1.425,0.3,4.35));
#6891=CARTESIAN_POINT('',(1.425,0.15,5.35));
#6892=CARTESIAN_POINT('',(1.425,0.3,4.35));
#6893=CARTESIAN_POINT('Origin',(-1.425,0.3,4.35));
#6894=CARTESIAN_POINT('',(-1.425,0.3,4.35));
#6895=CARTESIAN_POINT('Origin',(-1.425,0.3,5.35));
#6896=CARTESIAN_POINT('',(-1.425,0.15,5.34999999999999));
#6897=CARTESIAN_POINT('Origin',(3.3,0.,-5.35));
#6898=CARTESIAN_POINT('',(3.05147186257614,0.,-5.35));
#6899=CARTESIAN_POINT('Origin',(-3.29999999999999,0.,5.34999999999999));
#6900=CARTESIAN_POINT('',(-3.05147186257614,0.,5.34999999999999));
#6901=CARTESIAN_POINT('Origin',(-3.29999999999999,0.,5.34999999999999));
#6902=CARTESIAN_POINT('',(3.05147186257614,0.,5.35));
#6903=CARTESIAN_POINT('Origin',(4.23743686707646,-6.91243686707646,-2.95));
#6904=CARTESIAN_POINT('',(4.53743686707646,-7.16243686707646,-2.95));
#6905=CARTESIAN_POINT('',(4.53743686707646,-6.91243686707646,-2.7));
#6906=CARTESIAN_POINT('Origin',(4.53743686707646,-6.91243686707646,-2.95));
#6907=CARTESIAN_POINT('',(4.23743686707646,-6.91243686707646,-2.7));
#6908=CARTESIAN_POINT('',(4.23743686707646,-6.91243686707646,-2.7));
#6909=CARTESIAN_POINT('',(4.23743686707646,-7.16243686707646,-2.95));
#6910=CARTESIAN_POINT('Origin',(4.23743686707646,-6.91243686707646,-2.95));
#6911=CARTESIAN_POINT('',(4.23743686707646,-7.16243686707646,-2.95));
#6912=CARTESIAN_POINT('Origin',(4.53743686707646,-5.96243686707646,-3.25));
#6913=CARTESIAN_POINT('',(4.53743686707646,-7.16243686707646,-3.55));
#6914=CARTESIAN_POINT('',(4.53743686707646,-7.16243686707646,-3.8));
#6915=CARTESIAN_POINT('',(4.53743686707646,-6.91243686707646,-3.8));
#6916=CARTESIAN_POINT('Origin',(4.53743686707646,-6.91243686707646,-3.55));
#6917=CARTESIAN_POINT('',(4.53743686707646,-4.75243686707646,-3.8));
#6918=CARTESIAN_POINT('',(4.53743686707646,-4.76243686707646,-3.8));
#6919=CARTESIAN_POINT('',(4.53743686707646,-4.75243686707646,-3.81));
#6920=CARTESIAN_POINT('',(4.53743686707646,-4.75243686707646,-3.9175));
#6921=CARTESIAN_POINT('',(4.53743686707646,-4.76243686707646,-3.81));
#6922=CARTESIAN_POINT('',(4.53743686707646,-4.44993686707646,-3.81));
#6923=CARTESIAN_POINT('',(4.53743686707646,-4.76243686707646,-5.1));
#6924=CARTESIAN_POINT('',(4.53743686707646,-4.76243686707646,-5.35));
#6925=CARTESIAN_POINT('',(4.53743686707646,-4.51243686707646,-5.35));
#6926=CARTESIAN_POINT('Origin',(4.53743686707646,-4.51243686707646,-5.1));
#6927=CARTESIAN_POINT('',(4.53743686707646,-1.18596500450032,-5.35));
#6928=CARTESIAN_POINT('',(4.53743686707646,-1.18596500450032,-5.35));
#6929=CARTESIAN_POINT('',(4.53743686707646,-1.18596500450032,5.35));
#6930=CARTESIAN_POINT('',(4.53743686707646,-1.18596500450032,-5.55111512312578E-16));
#6931=CARTESIAN_POINT('',(4.53743686707646,-3.26390872965261,5.35));
#6932=CARTESIAN_POINT('',(4.53743686707646,0.171203021850475,5.35));
#6933=CARTESIAN_POINT('',(4.53743686707646,-3.26390872965261,-1.7));
#6934=CARTESIAN_POINT('',(4.53743686707646,-3.26390872965261,-0.850000000000001));
#6935=CARTESIAN_POINT('',(4.53743686707646,-3.26390872965261,-2.7));
#6936=CARTESIAN_POINT('Origin',(4.53743686707646,-3.26390872965261,-2.2));
#6937=CARTESIAN_POINT('',(4.53743686707646,-3.51243686707646,-2.7));
#6938=CARTESIAN_POINT('Origin',(4.23743686707646,-7.16243686707646,-2.7));
#6939=CARTESIAN_POINT('',(4.23743686707646,-7.16243686707646,-3.55));
#6940=CARTESIAN_POINT('',(4.23743686707646,-7.16243686707646,-3.8));
#6941=CARTESIAN_POINT('',(4.23743686707646,-7.16243686707646,-3.55));
#6942=CARTESIAN_POINT('Origin',(4.23743686707646,-6.91243686707646,-3.55));
#6943=CARTESIAN_POINT('',(4.23743686707646,-6.91243686707646,-3.8));
#6944=CARTESIAN_POINT('Origin',(4.23743686707646,-6.91243686707646,-3.55));
#6945=CARTESIAN_POINT('',(4.23743686707646,-6.91243686707646,-3.8));
#6946=CARTESIAN_POINT('Origin',(4.23743686707646,-4.51243686707646,-5.1));
#6947=CARTESIAN_POINT('',(4.23743686707646,-4.76243686707646,-5.1));
#6948=CARTESIAN_POINT('',(4.23743686707646,-4.76243686707646,-5.1));
#6949=CARTESIAN_POINT('',(4.23743686707646,-4.51243686707646,-5.35));
#6950=CARTESIAN_POINT('Origin',(4.23743686707646,-4.51243686707646,-5.1));
#6951=CARTESIAN_POINT('',(4.23743686707646,-4.51243686707646,-5.35));
#6952=CARTESIAN_POINT('Origin',(4.23743686707646,-4.76243686707646,-2.7));
#6953=CARTESIAN_POINT('',(4.23743686707646,-4.76243686707646,-3.81));
#6954=CARTESIAN_POINT('',(4.23743686707646,-4.76243686707646,-3.81));
#6955=CARTESIAN_POINT('',(4.23743686707646,-4.76243686707646,-5.35));
#6956=CARTESIAN_POINT('Origin',(-4.23743686707645,-4.51243686707646,-5.1));
#6957=CARTESIAN_POINT('',(-4.53743686707645,-4.76243686707646,-5.1));
#6958=CARTESIAN_POINT('',(-4.53743686707645,-4.51243686707646,-5.35));
#6959=CARTESIAN_POINT('Origin',(-4.53743686707645,-4.51243686707646,-5.1));
#6960=CARTESIAN_POINT('',(-4.23743686707645,-4.51243686707646,-5.35));
#6961=CARTESIAN_POINT('',(-4.23743686707645,-4.51243686707646,-5.35));
#6962=CARTESIAN_POINT('',(-4.23743686707645,-4.76243686707646,-5.1));
#6963=CARTESIAN_POINT('Origin',(-4.23743686707645,-4.51243686707646,-5.1));
#6964=CARTESIAN_POINT('',(-4.23743686707645,-4.76243686707646,-5.1));
#6965=CARTESIAN_POINT('Origin',(-4.23743686707645,-3.51243686707646,-5.35));
#6966=CARTESIAN_POINT('',(-4.53743686707646,-1.18596500450032,-5.35));
#6967=CARTESIAN_POINT('',(-4.53743686707646,0.171203021850473,-5.35));
#6968=CARTESIAN_POINT('',(-4.23743686707646,-1.18596500450032,-5.35));
#6969=CARTESIAN_POINT('',(-4.30343686707645,-1.18596500450032,-5.35));
#6970=CARTESIAN_POINT('',(-4.23743686707646,0.171203021850473,-5.35));
#6971=CARTESIAN_POINT('Origin',(-4.53743686707645,-5.96243686707646,-3.25));
#6972=CARTESIAN_POINT('',(-4.53743686707645,-4.76243686707646,-3.81));
#6973=CARTESIAN_POINT('',(-4.53743686707645,-4.76243686707646,-2.7));
#6974=CARTESIAN_POINT('',(-4.53743686707645,-4.75243686707646,-3.81));
#6975=CARTESIAN_POINT('',(-4.53743686707645,-4.44493686707646,-3.81));
#6976=CARTESIAN_POINT('',(-4.53743686707645,-4.75243686707646,-3.8));
#6977=CARTESIAN_POINT('',(-4.53743686707645,-4.75243686707646,-3.9125));
#6978=CARTESIAN_POINT('',(-4.53743686707645,-6.91243686707646,-3.8));
#6979=CARTESIAN_POINT('',(-4.53743686707645,-4.76243686707646,-3.8));
#6980=CARTESIAN_POINT('',(-4.53743686707645,-7.16243686707646,-3.55));
#6981=CARTESIAN_POINT('Origin',(-4.53743686707645,-6.91243686707646,-3.55));
#6982=CARTESIAN_POINT('',(-4.53743686707645,-7.16243686707646,-2.95));
#6983=CARTESIAN_POINT('',(-4.53743686707645,-7.16243686707646,-2.7));
#6984=CARTESIAN_POINT('',(-4.53743686707645,-6.91243686707646,-2.7));
#6985=CARTESIAN_POINT('Origin',(-4.53743686707645,-6.91243686707646,-2.95));
#6986=CARTESIAN_POINT('',(-4.53743686707645,-3.26390872965261,-2.7));
#6987=CARTESIAN_POINT('',(-4.53743686707645,-4.76243686707646,-2.7));
#6988=CARTESIAN_POINT('',(-4.53743686707645,-3.26390872965261,-1.7));
#6989=CARTESIAN_POINT('Origin',(-4.53743686707645,-3.26390872965261,-2.2));
#6990=CARTESIAN_POINT('',(-4.53743686707645,-3.26390872965261,5.35));
#6991=CARTESIAN_POINT('',(-4.53743686707645,-3.26390872965261,2.675));
#6992=CARTESIAN_POINT('',(-4.53743686707645,-1.18596500450032,5.35));
#6993=CARTESIAN_POINT('',(-4.53743686707645,-1.18596500450032,5.35));
#6994=CARTESIAN_POINT('',(-4.53743686707644,-1.18596500450032,-2.9901899203447E-15));
#6995=CARTESIAN_POINT('Origin',(-4.23743686707645,-6.91243686707646,-3.55));
#6996=CARTESIAN_POINT('',(-4.23743686707645,-6.91243686707646,-3.8));
#6997=CARTESIAN_POINT('',(-4.23743686707645,-6.91243686707646,-3.8));
#6998=CARTESIAN_POINT('',(-4.23743686707645,-7.16243686707646,-3.55));
#6999=CARTESIAN_POINT('Origin',(-4.23743686707645,-6.91243686707646,-3.55));
#7000=CARTESIAN_POINT('',(-4.23743686707645,-7.16243686707646,-3.55));
#7001=CARTESIAN_POINT('Origin',(-4.23743686707645,-7.16243686707646,-3.8));
#7002=CARTESIAN_POINT('',(-4.23743686707645,-7.16243686707646,-2.95));
#7003=CARTESIAN_POINT('',(-4.23743686707645,-7.16243686707646,-2.7));
#7004=CARTESIAN_POINT('',(-4.23743686707645,-7.16243686707646,-2.95));
#7005=CARTESIAN_POINT('Origin',(-4.23743686707645,-5.96243686707646,-3.25));
#7006=CARTESIAN_POINT('',(-4.23743686707645,-1.18596500450032,5.34999999999999));
#7007=CARTESIAN_POINT('',(-4.23743686707645,-1.18596500450032,-3.30394768739397E-15));
#7008=CARTESIAN_POINT('',(-4.23743686707645,-3.26390872965261,5.35));
#7009=CARTESIAN_POINT('',(-4.23743686707645,0.171203021850473,5.34999999999999));
#7010=CARTESIAN_POINT('',(-4.23743686707645,-3.26390872965261,-1.7));
#7011=CARTESIAN_POINT('',(-4.23743686707645,-3.26390872965261,2.675));
#7012=CARTESIAN_POINT('',(-4.23743686707645,-3.26390872965261,-2.7));
#7013=CARTESIAN_POINT('Origin',(-4.23743686707645,-3.26390872965261,-2.2));
#7014=CARTESIAN_POINT('',(-4.23743686707645,-6.91243686707646,-2.7));
#7015=CARTESIAN_POINT('',(-4.23743686707645,-3.51243686707646,-2.7));
#7016=CARTESIAN_POINT('Origin',(-4.23743686707645,-6.91243686707646,-2.95));
#7017=CARTESIAN_POINT('',(-4.23743686707645,-4.75243686707646,-3.8));
#7018=CARTESIAN_POINT('',(-4.23743686707645,-4.76243686707646,-3.8));
#7019=CARTESIAN_POINT('',(-4.23743686707645,-4.75243686707646,-3.81));
#7020=CARTESIAN_POINT('',(-4.23743686707645,-4.75243686707646,-3.9125));
#7021=CARTESIAN_POINT('',(-4.23743686707645,-4.76243686707646,-3.81));
#7022=CARTESIAN_POINT('',(-4.23743686707645,-4.44493686707646,-3.81));
#7023=CARTESIAN_POINT('',(-4.23743686707645,-4.76243686707646,-2.7));
#7024=CARTESIAN_POINT('Origin',(-4.23743686707645,-6.91243686707646,-2.95));
#7025=CARTESIAN_POINT('',(-4.23743686707645,-6.91243686707646,-2.7));
#7026=CARTESIAN_POINT('Origin',(4.23743686707646,-4.76243686707646,-2.7));
#7027=CARTESIAN_POINT('',(4.23743686707646,-3.26390872965261,-2.7));
#7028=CARTESIAN_POINT('',(4.23743686707646,-3.26390872965261,-2.7));
#7029=CARTESIAN_POINT('',(4.23743686707646,-2.8459958997855,-2.7));
#7030=CARTESIAN_POINT('Origin',(4.23743686707646,-5.96243686707646,-3.25));
#7031=CARTESIAN_POINT('',(4.23743686707646,-3.26390872965261,-1.7));
#7032=CARTESIAN_POINT('Origin',(4.23743686707646,-3.26390872965261,-2.2));
#7033=CARTESIAN_POINT('',(4.23743686707646,-3.26390872965261,5.35));
#7034=CARTESIAN_POINT('',(4.23743686707646,-3.26390872965261,-0.850000000000001));
#7035=CARTESIAN_POINT('',(4.23743686707646,-1.18596500450032,5.35));
#7036=CARTESIAN_POINT('',(4.23743686707646,0.171203021850473,5.35));
#7037=CARTESIAN_POINT('',(4.23743686707646,-1.18596500450032,-5.35));
#7038=CARTESIAN_POINT('',(4.23743686707646,-1.18596500450032,-3.11492585317145E-16));
#7039=CARTESIAN_POINT('',(4.23743686707646,0.171203021850473,-5.35));
#7040=CARTESIAN_POINT('',(4.23743686707646,-4.75243686707646,-3.81));
#7041=CARTESIAN_POINT('',(4.23743686707646,-4.44993686707646,-3.81));
#7042=CARTESIAN_POINT('',(4.23743686707646,-4.75243686707646,-3.8));
#7043=CARTESIAN_POINT('',(4.23743686707646,-4.75243686707646,-3.9175));
#7044=CARTESIAN_POINT('',(4.23743686707646,-4.76243686707646,-3.8));
#7045=CARTESIAN_POINT('Origin',(4.23743686707646,-4.76243686707646,-3.81));
#7046=CARTESIAN_POINT('',(4.23743686707646,-4.75243686707646,-3.81));
#7047=CARTESIAN_POINT('Origin',(4.23743686707646,-4.75243686707646,-3.8));
#7048=CARTESIAN_POINT('',(4.23743686707646,-4.75243686707646,-3.8));
#7049=CARTESIAN_POINT('Origin',(4.23743686707646,-4.75243686707646,-3.81));
#7050=CARTESIAN_POINT('Origin',(-4.23743686707645,-4.76243686707646,-3.8));
#7051=CARTESIAN_POINT('',(-4.23743686707645,-4.75243686707646,-3.8));
#7052=CARTESIAN_POINT('Origin',(-4.23743686707645,-4.75243686707646,-3.81));
#7053=CARTESIAN_POINT('',(-4.23743686707645,-4.75243686707646,-3.81));
#7054=CARTESIAN_POINT('',(-4.23743686707645,-4.76243686707646,-3.81));
#7055=CARTESIAN_POINT('Origin',(-4.23743686707645,-4.75243686707646,-3.8));
#7056=CARTESIAN_POINT('Origin',(-4.23743686707645,-4.76243686707646,-5.35));
#7057=CARTESIAN_POINT('Origin',(3.05147186257614,-4.14987373415293,1.825));
#7058=CARTESIAN_POINT('',(3.05147186257615,-4.74987373415293,-1.7));
#7059=CARTESIAN_POINT('',(3.05147186257615,-4.74987373415293,5.35));
#7060=CARTESIAN_POINT('',(3.05147186257615,-4.74987373415293,1.825));
#7061=CARTESIAN_POINT('',(3.47573593128808,-4.57413780286486,-1.7));
#7062=CARTESIAN_POINT('Origin',(3.05147186257614,-4.14987373415293,-1.7));
#7063=CARTESIAN_POINT('',(3.47573593128807,-4.57413780286486,5.35));
#7064=CARTESIAN_POINT('',(3.47573593128808,-4.57413780286486,0.0624999999999988));
#7065=CARTESIAN_POINT('Origin',(3.05147186257614,-4.14987373415293,5.35));
#7066=CARTESIAN_POINT('Origin',(3.39076386916384,-4.44987373415293,5.35));
#7067=CARTESIAN_POINT('',(3.05147186257614,-4.44987373415293,5.35));
#7068=CARTESIAN_POINT('',(3.05147186257614,-4.51587373415293,5.35));
#7069=CARTESIAN_POINT('',(0.00999999999999834,-4.44987373415296,5.35));
#7070=CARTESIAN_POINT('',(4.40863988892693,-4.44987373415292,5.35));
#7071=CARTESIAN_POINT('',(0.0100000000000011,-4.74987373415296,5.35));
#7072=CARTESIAN_POINT('',(0.00999999999999834,-4.44987373415296,5.35));
#7073=CARTESIAN_POINT('',(4.40863988892694,-4.74987373415292,5.35));
#7074=CARTESIAN_POINT('Origin',(1.70038193458192,-4.44987373415294,1.825));
#7075=CARTESIAN_POINT('',(3.05147186257615,-4.44987373415293,-1.7));
#7076=CARTESIAN_POINT('',(3.05147186257615,-4.44987373415293,1.825));
#7077=CARTESIAN_POINT('',(0.010000000000005,-4.44987373415295,-1.7));
#7078=CARTESIAN_POINT('',(4.40863988892694,-4.44987373415291,-1.7));
#7079=CARTESIAN_POINT('',(0.010000000000005,-4.44987373415295,-1.7));
#7080=CARTESIAN_POINT('Origin',(3.05147186257615,-4.44987373415293,-1.7));
#7081=CARTESIAN_POINT('',(3.05147186257615,-4.51587373415293,-1.7));
#7082=CARTESIAN_POINT('',(3.26360389693211,-4.36200576850889,-1.7));
#7083=CARTESIAN_POINT('Origin',(3.05147186257614,-4.14987373415293,-1.7));
#7084=CARTESIAN_POINT('',(3.26360389693211,-4.36200576850889,-1.7));
#7085=CARTESIAN_POINT('Origin',(3.05147186257615,-4.74987373415293,5.35));
#7086=CARTESIAN_POINT('',(3.26360389693211,-4.3620057685089,5.35));
#7087=CARTESIAN_POINT('',(3.26360389693211,-4.3620057685089,5.35));
#7088=CARTESIAN_POINT('Origin',(3.05147186257614,-4.14987373415293,5.35));
#7089=CARTESIAN_POINT('Origin',(0.0100000000000061,-4.44987373415295,-1.7));
#7090=CARTESIAN_POINT('',(0.0100000000000078,-4.74987373415295,-1.7));
#7091=CARTESIAN_POINT('',(3.05147186257615,-4.74987373415293,-1.7));
#7092=CARTESIAN_POINT('',(0.010000000000005,-4.44987373415295,-1.7));
#7093=CARTESIAN_POINT('Origin',(0.00999999999999834,-4.44987373415296,5.35));
#7094=CARTESIAN_POINT('',(0.0100000000000083,-4.74987373415296,-1.7));
#7095=CARTESIAN_POINT('Origin',(3.05147186257614,-4.14987373415293,1.825));
#7096=CARTESIAN_POINT('',(3.26360389693211,-4.3620057685089,0.062499999999999));
#7097=CARTESIAN_POINT('Origin',(1.70038193458192,-4.74987373415294,1.825));
#7098=CARTESIAN_POINT('Origin',(-3.05147186257613,-4.14987373415292,1.825));
#7099=CARTESIAN_POINT('',(-3.05147186257614,-4.74987373415292,5.35));
#7100=CARTESIAN_POINT('',(-3.05147186257614,-4.74987373415293,-1.7));
#7101=CARTESIAN_POINT('',(-3.05147186257614,-4.74987373415292,1.825));
#7102=CARTESIAN_POINT('',(-3.47573593128806,-4.57413780286485,5.35));
#7103=CARTESIAN_POINT('Origin',(-3.05147186257613,-4.14987373415292,5.35));
#7104=CARTESIAN_POINT('',(-3.47573593128807,-4.57413780286486,-1.70000000000001));
#7105=CARTESIAN_POINT('',(-3.47573593128806,-4.57413780286485,3.5875));
#7106=CARTESIAN_POINT('Origin',(-3.05147186257614,-4.14987373415293,-1.7));
#7107=CARTESIAN_POINT('Origin',(-3.39076386916383,-4.44987373415293,-1.7));
#7108=CARTESIAN_POINT('',(-3.05147186257614,-4.44987373415293,-1.7));
#7109=CARTESIAN_POINT('',(-3.05147186257614,-4.51587373415293,-1.7));
#7110=CARTESIAN_POINT('',(-0.00999999999999224,-4.44987373415295,-1.70000000000001));
#7111=CARTESIAN_POINT('',(-4.40863988892693,-4.44987373415292,-1.7));
#7112=CARTESIAN_POINT('',(-0.00999999999999501,-4.74987373415295,-1.70000000000001));
#7113=CARTESIAN_POINT('',(-0.00999999999999224,-4.44987373415295,-1.70000000000001));
#7114=CARTESIAN_POINT('',(-4.40863988892693,-4.74987373415292,-1.7));
#7115=CARTESIAN_POINT('Origin',(-1.70038193458191,-4.44987373415294,1.825));
#7116=CARTESIAN_POINT('',(-3.05147186257614,-4.44987373415292,5.35));
#7117=CARTESIAN_POINT('',(-3.05147186257614,-4.44987373415293,1.825));
#7118=CARTESIAN_POINT('',(-0.0099999999999939,-4.44987373415295,5.34999999999999));
#7119=CARTESIAN_POINT('',(-4.40863988892693,-4.44987373415291,5.35));
#7120=CARTESIAN_POINT('',(-0.0099999999999939,-4.44987373415295,5.34999999999999));
#7121=CARTESIAN_POINT('Origin',(-3.05147186257614,-4.44987373415293,5.35));
#7122=CARTESIAN_POINT('',(-3.05147186257614,-4.51587373415292,5.35));
#7123=CARTESIAN_POINT('',(-3.2636038969321,-4.36200576850889,5.35));
#7124=CARTESIAN_POINT('Origin',(-3.05147186257613,-4.14987373415292,5.35));
#7125=CARTESIAN_POINT('',(-3.2636038969321,-4.36200576850889,5.35));
#7126=CARTESIAN_POINT('Origin',(-3.05147186257614,-4.74987373415293,-1.7));
#7127=CARTESIAN_POINT('',(-3.2636038969321,-4.36200576850889,-1.7));
#7128=CARTESIAN_POINT('',(-3.2636038969321,-4.36200576850889,-1.7));
#7129=CARTESIAN_POINT('Origin',(-3.05147186257614,-4.14987373415293,-1.7));
#7130=CARTESIAN_POINT('Origin',(-0.00999999999999335,-4.44987373415295,
5.35));
#7131=CARTESIAN_POINT('',(-0.00999999999999668,-4.74987373415295,5.34999999999999));
#7132=CARTESIAN_POINT('',(-3.05147186257614,-4.74987373415292,5.35));
#7133=CARTESIAN_POINT('',(-0.0099999999999939,-4.44987373415295,5.34999999999999));
#7134=CARTESIAN_POINT('Origin',(-0.00999999999999224,-4.44987373415295,
-1.70000000000001));
#7135=CARTESIAN_POINT('',(-0.00999999999999668,-4.74987373415295,5.34999999999999));
#7136=CARTESIAN_POINT('Origin',(-3.05147186257613,-4.14987373415292,1.825));
#7137=CARTESIAN_POINT('',(-3.2636038969321,-4.36200576850889,3.5875));
#7138=CARTESIAN_POINT('Origin',(-1.70038193458192,-4.74987373415293,1.825));
#7139=CARTESIAN_POINT('Origin',(3.73867627286851,-3.88693339257249,1.825));
#7140=CARTESIAN_POINT('',(4.14956890143242,-3.47604076400857,5.35));
#7141=CARTESIAN_POINT('',(5.10923161607462,-2.51637804936636,5.35));
#7142=CARTESIAN_POINT('',(4.14956890143242,-3.47604076400857,-1.7));
#7143=CARTESIAN_POINT('',(4.14956890143243,-3.47604076400857,1.825));
#7144=CARTESIAN_POINT('',(5.10923161607463,-2.51637804936636,-1.7));
#7145=CARTESIAN_POINT('Origin',(-3.7386762728685,-3.88693339257249,1.825));
#7146=CARTESIAN_POINT('',(-4.14956890143242,-3.47604076400857,-1.7));
#7147=CARTESIAN_POINT('',(-5.10923161607462,-2.51637804936636,-1.7));
#7148=CARTESIAN_POINT('',(-4.14956890143241,-3.47604076400857,5.34999999999999));
#7149=CARTESIAN_POINT('',(-4.14956890143242,-3.47604076400857,1.82499999999999));
#7150=CARTESIAN_POINT('',(-5.10923161607462,-2.51637804936636,5.34999999999999));
#7151=CARTESIAN_POINT('Origin',(3.93743686707646,-3.26390872965261,1.825));
#7152=CARTESIAN_POINT('',(4.36170093578839,-3.68817279836453,-1.7));
#7153=CARTESIAN_POINT('',(4.36170093578839,-3.68817279836453,5.35));
#7154=CARTESIAN_POINT('',(4.36170093578839,-3.68817279836454,1.825));
#7155=CARTESIAN_POINT('Origin',(3.93743686707646,-3.26390872965261,-1.7));
#7156=CARTESIAN_POINT('Origin',(3.93743686707646,-3.26390872965261,5.35));
#7157=CARTESIAN_POINT('Origin',(4.38948458009297,-3.23612508534802,5.35));
#7158=CARTESIAN_POINT('',(5.32136365043059,-2.72851008372232,5.35));
#7159=CARTESIAN_POINT('',(4.19623794899074,-3.52270981156688,5.35));
#7160=CARTESIAN_POINT('Origin',(4.14956890143242,-3.47604076400857,-1.7));
#7161=CARTESIAN_POINT('',(4.19623794899074,-3.52270981156688,-1.7));
#7162=CARTESIAN_POINT('Origin',(3.93743686707646,-3.26390872965261,-1.7));
#7163=CARTESIAN_POINT('',(4.23743686707646,-3.26390872965261,-1.7));
#7164=CARTESIAN_POINT('Origin',(4.36170093578839,-3.68817279836453,5.35));
#7165=CARTESIAN_POINT('',(4.23743686707646,-3.26390872965261,5.35));
#7166=CARTESIAN_POINT('Origin',(3.93743686707646,-3.26390872965261,5.35));
#7167=CARTESIAN_POINT('Origin',(3.08786796564404,-4.53774169979696,-1.7));
#7168=CARTESIAN_POINT('',(4.36170093578839,-3.68817279836453,-1.7));
#7169=CARTESIAN_POINT('Origin',(3.93743686707646,-3.26390872965261,1.825));
#7170=CARTESIAN_POINT('Origin',(3.95080830722447,-4.09906542692846,1.825));
#7171=CARTESIAN_POINT('Origin',(-3.93743686707645,-3.2639087296526,1.82499999999999));
#7172=CARTESIAN_POINT('',(-4.36170093578838,-3.68817279836453,5.35));
#7173=CARTESIAN_POINT('',(-4.36170093578838,-3.68817279836453,-1.7));
#7174=CARTESIAN_POINT('',(-4.36170093578838,-3.68817279836453,1.82499999999999));
#7175=CARTESIAN_POINT('Origin',(-3.93743686707645,-3.2639087296526,5.35));
#7176=CARTESIAN_POINT('Origin',(-3.93743686707645,-3.2639087296526,-1.7));
#7177=CARTESIAN_POINT('Origin',(-4.38948458009297,-3.23612508534802,-1.7));
#7178=CARTESIAN_POINT('',(-5.32136365043058,-2.72851008372232,-1.7));
#7179=CARTESIAN_POINT('',(-4.19623794899073,-3.52270981156688,-1.7));
#7180=CARTESIAN_POINT('Origin',(-4.14956890143241,-3.47604076400857,5.35));
#7181=CARTESIAN_POINT('',(-4.19623794899073,-3.52270981156688,5.35));
#7182=CARTESIAN_POINT('Origin',(-3.93743686707645,-3.2639087296526,5.34999999999999));
#7183=CARTESIAN_POINT('',(-4.23743686707645,-3.26390872965261,5.35));
#7184=CARTESIAN_POINT('Origin',(-4.36170093578838,-3.68817279836453,-1.7));
#7185=CARTESIAN_POINT('',(-4.23743686707645,-3.26390872965261,-1.7));
#7186=CARTESIAN_POINT('Origin',(-3.93743686707645,-3.2639087296526,-1.7));
#7187=CARTESIAN_POINT('Origin',(-3.08786796564403,-4.53774169979696,5.35));
#7188=CARTESIAN_POINT('',(-4.36170093578838,-3.68817279836453,5.35));
#7189=CARTESIAN_POINT('Origin',(-3.93743686707645,-3.2639087296526,1.82499999999999));
#7190=CARTESIAN_POINT('Origin',(-3.95080830722446,-4.09906542692845,1.825));
#7191=CARTESIAN_POINT('Origin',(4.23743686707646,-3.26390872965261,-2.2));
#7192=CARTESIAN_POINT('Origin',(-4.23743686707645,-3.26390872965261,-2.7));
#7193=CARTESIAN_POINT('',(-4.23743686707645,-3.26390872965261,-2.7));
#7194=CARTESIAN_POINT('Origin',(-4.23743686707645,-3.26390872965261,-2.2));
#7195=CARTESIAN_POINT('Origin',(-4.23743686707645,-3.51243686707646,5.35));
#7196=CARTESIAN_POINT('',(-4.30343686707645,-1.18596500450032,5.35));
#7197=CARTESIAN_POINT('Origin',(-3.93743686707645,-1.18596500450032,-3.55253634467265E-15));
#7198=CARTESIAN_POINT('',(-4.36170093578838,-0.76170093578839,5.35));
#7199=CARTESIAN_POINT('Origin',(-3.93743686707645,-1.18596500450032,5.35));
#7200=CARTESIAN_POINT('',(-4.36170093578839,-0.76170093578839,-5.35));
#7201=CARTESIAN_POINT('',(-4.36170093578838,-0.761700935788389,2.675));
#7202=CARTESIAN_POINT('Origin',(-3.93743686707646,-1.18596500450032,-5.35));
#7203=CARTESIAN_POINT('Origin',(-4.23743686707645,-1.18596500450032,5.35));
#7204=CARTESIAN_POINT('',(-4.14956890143241,-0.973832970144354,5.35));
#7205=CARTESIAN_POINT('Origin',(-3.93743686707645,-1.18596500450032,5.34999999999999));
#7206=CARTESIAN_POINT('',(-4.14956890143241,-0.973832970144354,5.34999999999999));
#7207=CARTESIAN_POINT('Origin',(-4.53743686707646,-1.18596500450032,-5.35));
#7208=CARTESIAN_POINT('',(-4.14956890143242,-0.973832970144354,-5.35));
#7209=CARTESIAN_POINT('',(-4.14956890143242,-0.973832970144354,-5.35));
#7210=CARTESIAN_POINT('Origin',(-3.93743686707646,-1.18596500450032,-5.35));
#7211=CARTESIAN_POINT('Origin',(-3.93743686707645,-1.18596500450032,-3.55253634467265E-15));
#7212=CARTESIAN_POINT('',(-4.14956890143242,-0.973832970144353,2.675));
#7213=CARTESIAN_POINT('Origin',(3.93743686707646,-1.18596500450032,0.));
#7214=CARTESIAN_POINT('',(4.36170093578839,-0.761700935788389,-5.35));
#7215=CARTESIAN_POINT('Origin',(3.93743686707646,-1.18596500450032,-5.35));
#7216=CARTESIAN_POINT('',(4.36170093578839,-0.761700935788389,5.35));
#7217=CARTESIAN_POINT('',(4.36170093578839,-0.761700935788389,-2.675));
#7218=CARTESIAN_POINT('Origin',(3.93743686707646,-1.18596500450032,5.35));
#7219=CARTESIAN_POINT('Origin',(4.23743686707646,-0.84667299791262,5.35));
#7220=CARTESIAN_POINT('',(4.30343686707646,-1.18596500450032,5.35));
#7221=CARTESIAN_POINT('Origin',(4.23743686707646,-1.18596500450032,-5.35));
#7222=CARTESIAN_POINT('',(4.30343686707646,-1.18596500450032,-5.35));
#7223=CARTESIAN_POINT('',(4.14956890143242,-0.973832970144354,-5.35));
#7224=CARTESIAN_POINT('Origin',(3.93743686707646,-1.18596500450032,-5.35));
#7225=CARTESIAN_POINT('',(4.14956890143242,-0.973832970144353,-5.35));
#7226=CARTESIAN_POINT('Origin',(4.53743686707646,-1.18596500450032,5.35));
#7227=CARTESIAN_POINT('',(4.14956890143242,-0.973832970144354,5.35));
#7228=CARTESIAN_POINT('',(4.14956890143242,-0.973832970144354,5.35));
#7229=CARTESIAN_POINT('Origin',(3.93743686707646,-1.18596500450032,5.35));
#7230=CARTESIAN_POINT('Origin',(4.23743686707646,-3.51243686707646,-5.35));
#7231=CARTESIAN_POINT('Origin',(3.93743686707646,-1.18596500450032,0.));
#7232=CARTESIAN_POINT('',(4.14956890143242,-0.973832970144353,-2.675));
#7233=CARTESIAN_POINT('Origin',(-3.67449652549602,-0.498760594207954,-4.11678996379436E-15));
#7234=CARTESIAN_POINT('',(-3.26360389693211,-0.0878679656440362,-5.35));
#7235=CARTESIAN_POINT('',(-2.3039411822899,0.871794748998171,-5.35));
#7236=CARTESIAN_POINT('',(-3.2636038969321,-0.0878679656440362,5.34999999999999));
#7237=CARTESIAN_POINT('',(-3.2636038969321,-0.0878679656440359,-4.35102234500473E-15));
#7238=CARTESIAN_POINT('',(-2.3039411822899,0.871794748998171,5.34999999999999));
#7239=CARTESIAN_POINT('Origin',(3.67449652549602,-0.498760594207954,-5.39474439267999E-16));
#7240=CARTESIAN_POINT('',(3.26360389693211,-0.0878679656440359,5.35));
#7241=CARTESIAN_POINT('',(2.3039411822899,0.871794748998171,5.35));
#7242=CARTESIAN_POINT('',(3.26360389693211,-0.0878679656440359,-5.35));
#7243=CARTESIAN_POINT('',(3.26360389693211,-0.0878679656440362,-2.69737219634E-16));
#7244=CARTESIAN_POINT('',(2.3039411822899,0.871794748998171,-5.35));
#7245=CARTESIAN_POINT('Origin',(-3.05147186257614,-0.3,-4.44089209850063E-15));
#7246=CARTESIAN_POINT('',(-3.47573593128807,0.124264068711928,5.34999999999999));
#7247=CARTESIAN_POINT('',(-3.47573593128807,0.124264068711928,-5.35));
#7248=CARTESIAN_POINT('',(-3.47573593128807,0.124264068711928,-4.46698631252312E-15));
#7249=CARTESIAN_POINT('Origin',(-3.05147186257614,-0.3,5.34999999999999));
#7250=CARTESIAN_POINT('Origin',(-3.05147186257614,-0.3,-5.35));
#7251=CARTESIAN_POINT('Origin',(-3.02368821827156,0.152047713016516,-5.35));
#7252=CARTESIAN_POINT('',(-2.51607321664587,1.08392678335414,-5.35));
#7253=CARTESIAN_POINT('',(-3.31027294449042,-0.0411989180857245,-5.35));
#7254=CARTESIAN_POINT('Origin',(-3.2636038969321,-0.0878679656440361,5.34999999999999));
#7255=CARTESIAN_POINT('',(-3.31027294449041,-0.0411989180857242,5.34999999999999));
#7256=CARTESIAN_POINT('Origin',(-3.05147186257614,-0.3,5.34999999999999));
#7257=CARTESIAN_POINT('Origin',(-3.47573593128807,0.124264068711928,-5.35));
#7258=CARTESIAN_POINT('',(-3.05147186257614,0.,-5.35));
#7259=CARTESIAN_POINT('Origin',(-3.05147186257614,-0.3,-5.35));
#7260=CARTESIAN_POINT('Origin',(-4.32530483272049,-1.14956890143243,5.34999999999999));
#7261=CARTESIAN_POINT('',(-3.47573593128807,0.124264068711928,5.34999999999999));
#7262=CARTESIAN_POINT('Origin',(-3.05147186257614,-0.3,-4.44089209850063E-15));
#7263=CARTESIAN_POINT('Origin',(-3.88662855985199,-0.28662855985199,-4.50279239244029E-15));
#7264=CARTESIAN_POINT('Origin',(3.05147186257614,-0.3,0.));
#7265=CARTESIAN_POINT('',(3.47573593128807,0.124264068711928,-5.35));
#7266=CARTESIAN_POINT('',(3.47573593128807,0.124264068711928,5.35));
#7267=CARTESIAN_POINT('',(3.47573593128807,0.124264068711928,0.));
#7268=CARTESIAN_POINT('Origin',(3.05147186257614,-0.3,-5.35));
#7269=CARTESIAN_POINT('Origin',(3.05147186257614,-0.3,5.35));
#7270=CARTESIAN_POINT('Origin',(3.02368821827155,0.152047713016516,5.35));
#7271=CARTESIAN_POINT('',(2.51607321664586,1.08392678335413,5.35));
#7272=CARTESIAN_POINT('',(3.31027294449042,-0.0411989180857239,5.35));
#7273=CARTESIAN_POINT('Origin',(3.26360389693211,-0.0878679656440359,-5.35));
#7274=CARTESIAN_POINT('',(3.31027294449042,-0.0411989180857239,-5.35));
#7275=CARTESIAN_POINT('Origin',(3.05147186257614,-0.3,-5.35));
#7276=CARTESIAN_POINT('Origin',(3.47573593128807,0.124264068711928,5.35));
#7277=CARTESIAN_POINT('Origin',(3.05147186257614,-0.3,5.35));
#7278=CARTESIAN_POINT('Origin',(4.32530483272049,-1.14956890143242,-5.35));
#7279=CARTESIAN_POINT('',(3.47573593128807,0.124264068711928,-5.35));
#7280=CARTESIAN_POINT('Origin',(3.05147186257614,-0.3,0.));
#7281=CARTESIAN_POINT('Origin',(3.88662855985199,-0.28662855985199,0.));
#7282=CARTESIAN_POINT('Origin',(3.3,0.,-5.35));
#7283=CARTESIAN_POINT('',(0.,0.,0.));
#7284=CARTESIAN_POINT('Origin',(1.81250000000001,-3.19993686707646,1.9));
#7285=CARTESIAN_POINT('',(-3.72499999999999,-3.19993686707646,2.));
#7286=CARTESIAN_POINT('',(3.72500000000001,-3.19993686707646,2.));
#7287=CARTESIAN_POINT('',(1.81250000000001,-3.19993686707646,2.));
#7288=CARTESIAN_POINT('',(3.62500000000001,-3.09993686707646,1.9));
#7289=CARTESIAN_POINT('Origin',(3.72500000000001,-3.19993686707646,1.9));
#7290=CARTESIAN_POINT('',(-3.62499999999999,-3.09993686707646,1.9));
#7291=CARTESIAN_POINT('',(1.81250000000001,-3.09993686707646,1.9));
#7292=CARTESIAN_POINT('Origin',(-3.72499999999999,-3.19993686707646,1.9));
#7293=CARTESIAN_POINT('Origin',(3.72500000000001,-1.53743686707647,1.9));
#7294=CARTESIAN_POINT('',(3.725,-1.24993686707646,2.));
#7295=CARTESIAN_POINT('',(3.72500000000001,-1.53743686707647,2.));
#7296=CARTESIAN_POINT('',(3.62500000000001,-1.34993686707646,1.9));
#7297=CARTESIAN_POINT('Origin',(3.72500000000001,-1.24993686707646,1.9));
#7298=CARTESIAN_POINT('',(3.62500000000001,-1.53743686707647,1.9));
#7299=CARTESIAN_POINT('Origin',(-1.81249999999999,-1.24993686707646,1.9));
#7300=CARTESIAN_POINT('',(-3.72499999999999,-1.24993686707646,2.));
#7301=CARTESIAN_POINT('',(-1.81249999999999,-1.24993686707646,2.));
#7302=CARTESIAN_POINT('',(-3.62499999999999,-1.34993686707646,1.9));
#7303=CARTESIAN_POINT('Origin',(-3.72499999999999,-1.24993686707646,1.9));
#7304=CARTESIAN_POINT('',(-1.81249999999999,-1.34993686707646,1.9));
#7305=CARTESIAN_POINT('Origin',(-3.72499999999999,-2.41243686707647,1.9));
#7306=CARTESIAN_POINT('',(-3.62499999999999,-2.41243686707647,1.9));
#7307=CARTESIAN_POINT('',(-3.72499999999999,-2.41243686707647,2.));
#7308=CARTESIAN_POINT('Origin',(-3.62499999999999,-3.09993686707646,0.));
#7309=CARTESIAN_POINT('',(-3.62499999999999,-3.09993686707646,-3.));
#7310=CARTESIAN_POINT('',(-3.62499999999999,-3.09993686707646,0.));
#7311=CARTESIAN_POINT('',(-3.62499999999999,-1.34993686707646,-3.));
#7312=CARTESIAN_POINT('',(-3.62499999999999,-3.09993686707646,-3.));
#7313=CARTESIAN_POINT('',(-3.62499999999999,-1.34993686707646,0.));
#7314=CARTESIAN_POINT('Origin',(3.62500000000001,-3.09993686707646,0.));
#7315=CARTESIAN_POINT('',(3.62500000000001,-3.09993686707646,-3.));
#7316=CARTESIAN_POINT('',(3.62500000000001,-3.09993686707646,0.));
#7317=CARTESIAN_POINT('',(3.62500000000001,-3.09993686707646,-3.));
#7318=CARTESIAN_POINT('Origin',(5.55111512312578E-15,-1.72493686707648,
2.));
#7319=CARTESIAN_POINT('',(-3.05147186257614,0.2,2.));
#7320=CARTESIAN_POINT('',(-1.275,0.2,2.));
#7321=CARTESIAN_POINT('',(-0.687499999999996,0.2,2.));
#7322=CARTESIAN_POINT('',(-3.40502525316941,0.0535533905932728,2.));
#7323=CARTESIAN_POINT('Origin',(-3.05147186257614,-0.300000000000001,2.));
#7324=CARTESIAN_POINT('',(-4.29099025766972,-0.832411613907045,2.));
#7325=CARTESIAN_POINT('',(-2.9983915042945,0.460187139468185,2.));
#7326=CARTESIAN_POINT('',(-4.43743686707645,-1.18596500450032,2.));
#7327=CARTESIAN_POINT('Origin',(-3.93743686707645,-1.18596500450032,2.));
#7328=CARTESIAN_POINT('',(-4.43743686707645,-3.26390872965261,2.));
#7329=CARTESIAN_POINT('',(-4.43743686707645,-1.4554509357884,2.));
#7330=CARTESIAN_POINT('',(-4.29099025766972,-3.61746212024588,2.));
#7331=CARTESIAN_POINT('Origin',(-3.93743686707645,-3.2639087296526,2.));
#7332=CARTESIAN_POINT('',(-3.40502525316941,-4.5034271247462,2.));
#7333=CARTESIAN_POINT('',(-3.69137400654465,-4.21707837137096,2.));
#7334=CARTESIAN_POINT('',(-3.05147186257614,-4.64987373415292,2.));
#7335=CARTESIAN_POINT('Origin',(-3.05147186257613,-4.14987373415292,2.));
#7336=CARTESIAN_POINT('',(3.05147186257615,-4.64987373415297,2.));
#7337=CARTESIAN_POINT('',(-1.52573593128808,-4.64987373415293,2.));
#7338=CARTESIAN_POINT('',(3.40502525316941,-4.5034271247462,2.));
#7339=CARTESIAN_POINT('Origin',(3.05147186257614,-4.14987373415293,2.));
#7340=CARTESIAN_POINT('',(4.29099025766973,-3.61746212024588,2.));
#7341=CARTESIAN_POINT('',(3.24839150429451,-4.66006087362112,2.));
#7342=CARTESIAN_POINT('',(4.43743686707646,-3.26390872965261,2.));
#7343=CARTESIAN_POINT('Origin',(3.93743686707646,-3.26390872965261,2.));
#7344=CARTESIAN_POINT('',(4.43743686707646,-1.18596500450032,2.));
#7345=CARTESIAN_POINT('',(4.43743686707646,-2.49442279836454,2.));
#7346=CARTESIAN_POINT('',(4.29099025766973,-0.832411613907044,2.));
#7347=CARTESIAN_POINT('Origin',(3.93743686707646,-1.18596500450032,2.));
#7348=CARTESIAN_POINT('',(3.40502525316942,0.0535533905932731,2.));
#7349=CARTESIAN_POINT('',(3.44137400654466,0.0172046372180282,2.));
#7350=CARTESIAN_POINT('',(3.05147186257614,0.2,2.));
#7351=CARTESIAN_POINT('Origin',(3.05147186257614,-0.299999999999999,2.));
#7352=CARTESIAN_POINT('',(1.275,0.2,2.));
#7353=CARTESIAN_POINT('',(1.52573593128807,0.2,2.));
#7354=CARTESIAN_POINT('',(1.275,1.2,2.));
#7355=CARTESIAN_POINT('',(1.275,-0.712468433538239,2.));
#7356=CARTESIAN_POINT('',(-1.275,1.2,2.));
#7357=CARTESIAN_POINT('',(0.687500000000004,1.2,2.));
#7358=CARTESIAN_POINT('',(-1.275,-0.212468433538239,2.));
#7359=CARTESIAN_POINT('',(0.975000000002035,-3.36390256761924,2.));
#7360=CARTESIAN_POINT('',(-0.974999999994726,-3.36390256761924,2.));
#7361=CARTESIAN_POINT('',(-0.43749999999736,-3.36390256761924,2.));
#7362=CARTESIAN_POINT('',(0.975000000002055,-4.31390256761741,2.));
#7363=CARTESIAN_POINT('',(0.975000000002019,-2.59441971734785,2.));
#7364=CARTESIAN_POINT('',(-0.974999999994726,-4.31390256761741,2.));
#7365=CARTESIAN_POINT('',(0.437500000001029,-4.31390256761741,2.));
#7366=CARTESIAN_POINT('',(-0.974999999994726,-2.96941971734694,2.));
#7367=CARTESIAN_POINT('',(-0.974999999994726,-1.11390256761741,2.));
#7368=CARTESIAN_POINT('',(0.975000000002055,-1.11390256761741,2.));
#7369=CARTESIAN_POINT('',(0.437500000001029,-1.11390256761741,2.));
#7370=CARTESIAN_POINT('',(-0.974999999994726,-0.163902567619237,2.));
#7371=CARTESIAN_POINT('',(-0.974999999994726,-1.36941971734694,2.));
#7372=CARTESIAN_POINT('',(0.975000000002035,-0.163902567619237,2.));
#7373=CARTESIAN_POINT('',(-0.43749999999736,-0.163902567619237,2.));
#7374=CARTESIAN_POINT('',(0.975000000002052,-0.994419717347847,2.));
#7375=CARTESIAN_POINT('',(2.97500000000204,-0.163902567619237,2.));
#7376=CARTESIAN_POINT('',(1.02500000000527,-0.163902567619237,2.));
#7377=CARTESIAN_POINT('',(0.56250000000264,-0.163902567619237,2.));
#7378=CARTESIAN_POINT('',(2.97500000000205,-1.11390256761741,2.));
#7379=CARTESIAN_POINT('',(2.97500000000205,-0.994419717347826,2.));
#7380=CARTESIAN_POINT('',(1.02500000000527,-1.11390256761741,2.));
#7381=CARTESIAN_POINT('',(1.43750000000103,-1.11390256761741,2.));
#7382=CARTESIAN_POINT('',(1.02500000000527,-1.36941971734694,2.));
#7383=CARTESIAN_POINT('',(-1.02499999999797,-3.36390256761924,2.));
#7384=CARTESIAN_POINT('',(-2.97499999999473,-3.36390256761924,2.));
#7385=CARTESIAN_POINT('',(-1.43749999999736,-3.36390256761924,2.));
#7386=CARTESIAN_POINT('',(-1.02499999999795,-4.31390256761741,2.));
#7387=CARTESIAN_POINT('',(-1.02499999999798,-2.59441971734787,2.));
#7388=CARTESIAN_POINT('',(-2.97499999999473,-4.31390256761741,2.));
#7389=CARTESIAN_POINT('',(-0.562499999998971,-4.31390256761741,2.));
#7390=CARTESIAN_POINT('',(-2.97499999999473,-2.96941971734694,2.));
#7391=CARTESIAN_POINT('',(2.97500000000204,-3.36390256761924,2.));
#7392=CARTESIAN_POINT('',(1.02500000000527,-3.36390256761924,2.));
#7393=CARTESIAN_POINT('',(0.56250000000264,-3.36390256761924,2.));
#7394=CARTESIAN_POINT('',(2.97500000000205,-4.31390256761741,2.));
#7395=CARTESIAN_POINT('',(2.97500000000202,-2.59441971734783,2.));
#7396=CARTESIAN_POINT('',(1.02500000000527,-4.31390256761741,2.));
#7397=CARTESIAN_POINT('',(1.43750000000103,-4.31390256761741,2.));
#7398=CARTESIAN_POINT('',(1.02500000000527,-2.96941971734694,2.));
#7399=CARTESIAN_POINT('',(-1.02499999999797,-0.163902567619237,2.));
#7400=CARTESIAN_POINT('',(-2.97499999999473,-0.163902567619237,2.));
#7401=CARTESIAN_POINT('',(-1.43749999999736,-0.163902567619237,2.));
#7402=CARTESIAN_POINT('',(-1.02499999999795,-1.11390256761741,2.));
#7403=CARTESIAN_POINT('',(-1.02499999999795,-0.994419717347867,2.));
#7404=CARTESIAN_POINT('',(-2.97499999999473,-1.11390256761741,2.));
#7405=CARTESIAN_POINT('',(-0.562499999998971,-1.11390256761741,2.));
#7406=CARTESIAN_POINT('',(-2.97499999999473,-1.36941971734694,2.));
#7407=CARTESIAN_POINT('Origin',(-0.43749999999736,-3.36390256761924,1.9));
#7408=CARTESIAN_POINT('',(-0.874999999994726,-3.46390256761924,1.9));
#7409=CARTESIAN_POINT('Origin',(-0.974999999994726,-3.36390256761924,1.9));
#7410=CARTESIAN_POINT('',(0.875000000002037,-3.46390256761924,1.9));
#7411=CARTESIAN_POINT('',(-0.43749999999736,-3.46390256761924,1.9));
#7412=CARTESIAN_POINT('Origin',(0.975000000002035,-3.36390256761924,1.9));
#7413=CARTESIAN_POINT('Origin',(-0.974999999994726,-2.96941971734694,1.9));
#7414=CARTESIAN_POINT('',(-0.874999999994726,-4.21390256761741,1.9));
#7415=CARTESIAN_POINT('Origin',(-0.974999999994726,-4.31390256761741,1.9));
#7416=CARTESIAN_POINT('',(-0.874999999994726,-2.96941971734694,1.9));
#7417=CARTESIAN_POINT('Origin',(0.437500000001029,-4.31390256761741,1.9));
#7418=CARTESIAN_POINT('',(0.875000000002053,-4.21390256761741,1.9));
#7419=CARTESIAN_POINT('Origin',(0.975000000002055,-4.31390256761741,1.9));
#7420=CARTESIAN_POINT('',(0.437500000001029,-4.21390256761741,1.9));
#7421=CARTESIAN_POINT('Origin',(0.975000000002019,-2.59441971734785,1.9));
#7422=CARTESIAN_POINT('',(0.875000000002019,-2.59441971734785,1.9));
#7423=CARTESIAN_POINT('Origin',(0.875000000002037,-3.46390256761924,0.));
#7424=CARTESIAN_POINT('',(0.875000000002037,-3.46390256761924,-11.1));
#7425=CARTESIAN_POINT('',(0.875000000002037,-3.46390256761924,0.));
#7426=CARTESIAN_POINT('',(0.875000000002053,-4.21390256761741,-11.1));
#7427=CARTESIAN_POINT('',(0.875000000002037,-3.46390256761924,-11.1));
#7428=CARTESIAN_POINT('',(0.875000000002053,-4.21390256761741,0.));
#7429=CARTESIAN_POINT('Origin',(-0.874999999994726,-3.46390256761924,0.));
#7430=CARTESIAN_POINT('',(-0.874999999994726,-3.46390256761924,-11.1));
#7431=CARTESIAN_POINT('',(-0.874999999994726,-3.46390256761924,0.));
#7432=CARTESIAN_POINT('',(-0.874999999994726,-3.46390256761924,-11.1));
#7433=CARTESIAN_POINT('Origin',(-1.43749999999736,-0.163902567619237,1.9));
#7434=CARTESIAN_POINT('',(-2.87499999999473,-0.263902567619237,1.9));
#7435=CARTESIAN_POINT('Origin',(-2.97499999999473,-0.163902567619237,1.9));
#7436=CARTESIAN_POINT('',(-1.12499999999796,-0.263902567619237,1.9));
#7437=CARTESIAN_POINT('',(-1.43749999999736,-0.263902567619237,1.9));
#7438=CARTESIAN_POINT('Origin',(-1.02499999999797,-0.163902567619237,1.9));
#7439=CARTESIAN_POINT('Origin',(-2.97499999999473,-1.36941971734694,1.9));
#7440=CARTESIAN_POINT('',(-2.87499999999473,-1.0139025676174,1.9));
#7441=CARTESIAN_POINT('Origin',(-2.97499999999473,-1.11390256761741,1.9));
#7442=CARTESIAN_POINT('',(-2.87499999999473,-1.36941971734694,1.9));
#7443=CARTESIAN_POINT('Origin',(-0.562499999998971,-1.11390256761741,1.9));
#7444=CARTESIAN_POINT('',(-1.12499999999795,-1.0139025676174,1.9));
#7445=CARTESIAN_POINT('Origin',(-1.02499999999795,-1.11390256761741,1.9));
#7446=CARTESIAN_POINT('',(-0.562499999998971,-1.0139025676174,1.9));
#7447=CARTESIAN_POINT('Origin',(-1.02499999999795,-0.994419717347867,1.9));
#7448=CARTESIAN_POINT('',(-1.12499999999795,-0.99441971734787,1.9));
#7449=CARTESIAN_POINT('Origin',(-1.12499999999796,-0.263902567619237,0.));
#7450=CARTESIAN_POINT('',(-1.12499999999796,-0.263902567619237,-11.1));
#7451=CARTESIAN_POINT('',(-1.12499999999796,-0.263902567619237,0.));
#7452=CARTESIAN_POINT('',(-1.12499999999795,-1.0139025676174,-11.1));
#7453=CARTESIAN_POINT('',(-1.12499999999796,-0.263902567619237,-11.1));
#7454=CARTESIAN_POINT('',(-1.12499999999795,-1.0139025676174,0.));
#7455=CARTESIAN_POINT('Origin',(-2.87499999999473,-0.263902567619237,0.));
#7456=CARTESIAN_POINT('',(-2.87499999999473,-0.263902567619237,-11.1));
#7457=CARTESIAN_POINT('',(-2.87499999999473,-0.263902567619237,0.));
#7458=CARTESIAN_POINT('',(-2.87499999999473,-0.263902567619237,-11.1));
#7459=CARTESIAN_POINT('Origin',(0.437500000001029,-1.11390256761741,1.9));
#7460=CARTESIAN_POINT('',(0.875000000002053,-1.0139025676174,1.9));
#7461=CARTESIAN_POINT('Origin',(0.975000000002055,-1.11390256761741,1.9));
#7462=CARTESIAN_POINT('',(-0.874999999994726,-1.0139025676174,1.9));
#7463=CARTESIAN_POINT('',(0.437500000001029,-1.0139025676174,1.9));
#7464=CARTESIAN_POINT('Origin',(-0.974999999994726,-1.11390256761741,1.9));
#7465=CARTESIAN_POINT('Origin',(0.975000000002052,-0.994419717347847,1.9));
#7466=CARTESIAN_POINT('',(0.875000000002037,-0.263902567619237,1.9));
#7467=CARTESIAN_POINT('Origin',(0.975000000002035,-0.163902567619237,1.9));
#7468=CARTESIAN_POINT('',(0.875000000002052,-0.994419717347849,1.9));
#7469=CARTESIAN_POINT('Origin',(-0.43749999999736,-0.163902567619237,1.9));
#7470=CARTESIAN_POINT('',(-0.874999999994726,-0.263902567619237,1.9));
#7471=CARTESIAN_POINT('Origin',(-0.974999999994726,-0.163902567619237,1.9));
#7472=CARTESIAN_POINT('',(-0.43749999999736,-0.263902567619237,1.9));
#7473=CARTESIAN_POINT('Origin',(-0.974999999994726,-1.36941971734694,1.9));
#7474=CARTESIAN_POINT('',(-0.874999999994725,-1.36941971734694,1.9));
#7475=CARTESIAN_POINT('Origin',(-0.874999999994726,-1.0139025676174,0.));
#7476=CARTESIAN_POINT('',(-0.874999999994726,-1.0139025676174,-11.1));
#7477=CARTESIAN_POINT('',(-0.874999999994726,-1.0139025676174,0.));
#7478=CARTESIAN_POINT('',(-0.874999999994726,-0.263902567619237,-11.1));
#7479=CARTESIAN_POINT('',(-0.874999999994726,-1.0139025676174,-11.1));
#7480=CARTESIAN_POINT('',(-0.874999999994726,-0.263902567619237,-10.1));
#7481=CARTESIAN_POINT('',(-0.874999999994726,-0.263902567619237,0.));
#7482=CARTESIAN_POINT('',(-0.874999999999996,-0.0500000000000002,-10.1));
#7483=CARTESIAN_POINT('',(-0.874999999999996,-0.0500000000000002,-10.1));
#7484=CARTESIAN_POINT('',(-0.874999999999996,-0.0500000000000002,-9.1));
#7485=CARTESIAN_POINT('',(-0.874999999999996,-0.0500000000000001,-4.55));
#7486=CARTESIAN_POINT('',(-0.874999999999996,-0.263902567619237,-9.1));
#7487=CARTESIAN_POINT('',(-0.874999999999996,-0.0500000000000002,-9.1));
#7488=CARTESIAN_POINT('',(-0.874999999994726,-0.263902567619237,0.));
#7489=CARTESIAN_POINT('Origin',(0.875000000002053,-1.0139025676174,0.));
#7490=CARTESIAN_POINT('',(0.875000000002053,-1.0139025676174,-11.1));
#7491=CARTESIAN_POINT('',(0.875000000002053,-1.0139025676174,0.));
#7492=CARTESIAN_POINT('',(0.875000000002053,-1.0139025676174,-11.1));
#7493=CARTESIAN_POINT('Origin',(0.56250000000264,-3.36390256761924,1.9));
#7494=CARTESIAN_POINT('',(1.12500000000527,-3.46390256761924,1.9));
#7495=CARTESIAN_POINT('Origin',(1.02500000000527,-3.36390256761924,1.9));
#7496=CARTESIAN_POINT('',(2.87500000000204,-3.46390256761924,1.9));
#7497=CARTESIAN_POINT('',(0.56250000000264,-3.46390256761924,1.9));
#7498=CARTESIAN_POINT('Origin',(2.97500000000204,-3.36390256761924,1.9));
#7499=CARTESIAN_POINT('Origin',(1.02500000000527,-2.96941971734694,1.9));
#7500=CARTESIAN_POINT('',(1.12500000000527,-4.21390256761741,1.9));
#7501=CARTESIAN_POINT('Origin',(1.02500000000527,-4.31390256761741,1.9));
#7502=CARTESIAN_POINT('',(1.12500000000527,-2.96941971734694,1.9));
#7503=CARTESIAN_POINT('Origin',(1.43750000000103,-4.31390256761741,1.9));
#7504=CARTESIAN_POINT('',(2.87500000000205,-4.21390256761741,1.9));
#7505=CARTESIAN_POINT('Origin',(2.97500000000205,-4.31390256761741,1.9));
#7506=CARTESIAN_POINT('',(1.43750000000103,-4.21390256761741,1.9));
#7507=CARTESIAN_POINT('Origin',(2.97500000000202,-2.59441971734783,1.9));
#7508=CARTESIAN_POINT('',(2.87500000000202,-2.59441971734783,1.9));
#7509=CARTESIAN_POINT('Origin',(2.87500000000204,-3.46390256761924,0.));
#7510=CARTESIAN_POINT('',(2.87500000000204,-3.46390256761924,-11.1));
#7511=CARTESIAN_POINT('',(2.87500000000204,-3.46390256761924,0.));
#7512=CARTESIAN_POINT('',(2.87500000000205,-4.21390256761741,-11.1));
#7513=CARTESIAN_POINT('',(2.87500000000204,-3.46390256761924,-11.1));
#7514=CARTESIAN_POINT('',(2.87500000000205,-4.21390256761741,0.));
#7515=CARTESIAN_POINT('Origin',(1.12500000000527,-3.46390256761924,0.));
#7516=CARTESIAN_POINT('',(1.12500000000527,-3.46390256761924,-11.1));
#7517=CARTESIAN_POINT('',(1.12500000000527,-3.46390256761924,0.));
#7518=CARTESIAN_POINT('',(1.12500000000527,-3.46390256761924,-11.1));
#7519=CARTESIAN_POINT('Origin',(0.56250000000264,-0.163902567619237,1.9));
#7520=CARTESIAN_POINT('',(1.12500000000527,-0.263902567619237,1.9));
#7521=CARTESIAN_POINT('Origin',(1.02500000000527,-0.163902567619237,1.9));
#7522=CARTESIAN_POINT('',(2.87500000000204,-0.263902567619237,1.9));
#7523=CARTESIAN_POINT('',(0.56250000000264,-0.263902567619237,1.9));
#7524=CARTESIAN_POINT('Origin',(2.97500000000204,-0.163902567619237,1.9));
#7525=CARTESIAN_POINT('Origin',(1.02500000000527,-1.36941971734694,1.9));
#7526=CARTESIAN_POINT('',(1.12500000000527,-1.0139025676174,1.9));
#7527=CARTESIAN_POINT('Origin',(1.02500000000527,-1.11390256761741,1.9));
#7528=CARTESIAN_POINT('',(1.12500000000527,-1.36941971734694,1.9));
#7529=CARTESIAN_POINT('Origin',(1.43750000000103,-1.11390256761741,1.9));
#7530=CARTESIAN_POINT('',(2.87500000000205,-1.0139025676174,1.9));
#7531=CARTESIAN_POINT('Origin',(2.97500000000205,-1.11390256761741,1.9));
#7532=CARTESIAN_POINT('',(1.43750000000103,-1.0139025676174,1.9));
#7533=CARTESIAN_POINT('Origin',(2.97500000000205,-0.994419717347826,1.9));
#7534=CARTESIAN_POINT('',(2.87500000000205,-0.994419717347828,1.9));
#7535=CARTESIAN_POINT('Origin',(2.87500000000204,-0.263902567619237,0.));
#7536=CARTESIAN_POINT('',(2.87500000000204,-0.263902567619237,-11.1));
#7537=CARTESIAN_POINT('',(2.87500000000204,-0.263902567619237,0.));
#7538=CARTESIAN_POINT('',(2.87500000000205,-1.0139025676174,-11.1));
#7539=CARTESIAN_POINT('',(2.87500000000204,-0.263902567619237,-11.1));
#7540=CARTESIAN_POINT('',(2.87500000000205,-1.0139025676174,0.));
#7541=CARTESIAN_POINT('Origin',(1.12500000000527,-0.263902567619237,0.));
#7542=CARTESIAN_POINT('',(1.12500000000527,-0.263902567619237,-11.1));
#7543=CARTESIAN_POINT('',(1.12500000000527,-0.263902567619237,0.));
#7544=CARTESIAN_POINT('',(1.12500000000527,-0.263902567619237,-11.1));
#7545=CARTESIAN_POINT('Origin',(-1.43749999999736,-3.36390256761924,1.9));
#7546=CARTESIAN_POINT('',(-2.87499999999473,-3.46390256761924,1.9));
#7547=CARTESIAN_POINT('Origin',(-2.97499999999473,-3.36390256761924,1.9));
#7548=CARTESIAN_POINT('',(-1.12499999999796,-3.46390256761924,1.9));
#7549=CARTESIAN_POINT('',(-1.43749999999736,-3.46390256761924,1.9));
#7550=CARTESIAN_POINT('Origin',(-1.02499999999797,-3.36390256761924,1.9));
#7551=CARTESIAN_POINT('Origin',(-2.97499999999473,-2.96941971734694,1.9));
#7552=CARTESIAN_POINT('',(-2.87499999999473,-4.21390256761741,1.9));
#7553=CARTESIAN_POINT('Origin',(-2.97499999999473,-4.31390256761741,1.9));
#7554=CARTESIAN_POINT('',(-2.87499999999473,-2.96941971734694,1.9));
#7555=CARTESIAN_POINT('Origin',(-0.562499999998971,-4.31390256761741,1.9));
#7556=CARTESIAN_POINT('',(-1.12499999999795,-4.21390256761741,1.9));
#7557=CARTESIAN_POINT('Origin',(-1.02499999999795,-4.31390256761741,1.9));
#7558=CARTESIAN_POINT('',(-0.562499999998971,-4.21390256761741,1.9));
#7559=CARTESIAN_POINT('Origin',(-1.02499999999798,-2.59441971734787,1.9));
#7560=CARTESIAN_POINT('',(-1.12499999999798,-2.59441971734787,1.9));
#7561=CARTESIAN_POINT('Origin',(-1.12499999999796,-3.46390256761924,0.));
#7562=CARTESIAN_POINT('',(-1.12499999999796,-3.46390256761924,-11.1));
#7563=CARTESIAN_POINT('',(-1.12499999999796,-3.46390256761924,0.));
#7564=CARTESIAN_POINT('',(-1.12499999999795,-4.21390256761741,-11.1));
#7565=CARTESIAN_POINT('',(-1.12499999999796,-3.46390256761924,-11.1));
#7566=CARTESIAN_POINT('',(-1.12499999999795,-4.21390256761741,0.));
#7567=CARTESIAN_POINT('Origin',(-2.87499999999473,-3.46390256761924,0.));
#7568=CARTESIAN_POINT('',(-2.87499999999473,-3.46390256761924,-11.1));
#7569=CARTESIAN_POINT('',(-2.87499999999473,-3.46390256761924,0.));
#7570=CARTESIAN_POINT('',(-2.87499999999473,-3.46390256761924,-11.1));
#7571=CARTESIAN_POINT('Origin',(-1.275,1.2,1.9));
#7572=CARTESIAN_POINT('',(-1.275,1.3,1.9));
#7573=CARTESIAN_POINT('Origin',(-1.275,1.2,1.9));
#7574=CARTESIAN_POINT('',(-1.375,1.2,1.9));
#7575=CARTESIAN_POINT('Origin',(-1.275,1.2,1.9));
#7576=CARTESIAN_POINT('Origin',(-1.275,1.2,1.9));
#7577=CARTESIAN_POINT('Origin',(-1.275,1.2,-0.9));
#7578=CARTESIAN_POINT('',(-1.375,1.2,-0.9));
#7579=CARTESIAN_POINT('',(-1.275,1.2,-1.));
#7580=CARTESIAN_POINT('Origin',(-1.275,1.2,-0.9));
#7581=CARTESIAN_POINT('',(-1.275,1.3,-0.9));
#7582=CARTESIAN_POINT('Origin',(-1.275,1.2,-0.9));
#7583=CARTESIAN_POINT('Origin',(-1.275,1.2,-0.9));
#7584=CARTESIAN_POINT('Origin',(-1.275,1.2,0.));
#7585=CARTESIAN_POINT('',(-1.275,1.3,0.));
#7586=CARTESIAN_POINT('',(-1.375,1.2,0.));
#7587=CARTESIAN_POINT('Origin',(1.275,1.2,1.9));
#7588=CARTESIAN_POINT('',(1.375,1.2,1.9));
#7589=CARTESIAN_POINT('Origin',(1.275,1.2,1.9));
#7590=CARTESIAN_POINT('',(1.275,1.3,1.9));
#7591=CARTESIAN_POINT('Origin',(1.275,1.2,1.9));
#7592=CARTESIAN_POINT('Origin',(1.275,1.2,1.9));
#7593=CARTESIAN_POINT('Origin',(1.275,1.2,-0.9));
#7594=CARTESIAN_POINT('',(1.275,1.3,-0.9));
#7595=CARTESIAN_POINT('',(1.275,1.2,-1.));
#7596=CARTESIAN_POINT('Origin',(1.275,1.2,-0.9));
#7597=CARTESIAN_POINT('',(1.375,1.2,-0.9));
#7598=CARTESIAN_POINT('Origin',(1.275,1.2,-0.9));
#7599=CARTESIAN_POINT('Origin',(1.275,1.2,-0.9));
#7600=CARTESIAN_POINT('Origin',(1.275,1.2,0.));
#7601=CARTESIAN_POINT('',(1.375,1.2,0.));
#7602=CARTESIAN_POINT('',(1.275,1.3,0.));
#7603=CARTESIAN_POINT('Origin',(1.275,0.55,-0.9));
#7604=CARTESIAN_POINT('',(1.375,0.3,-0.9));
#7605=CARTESIAN_POINT('',(1.275,0.3,-1.));
#7606=CARTESIAN_POINT('Origin',(1.275,0.3,-0.9));
#7607=CARTESIAN_POINT('',(1.275,0.55,-1.));
#7608=CARTESIAN_POINT('',(1.375,0.55,-0.9));
#7609=CARTESIAN_POINT('Origin',(0.687500000000003,1.2,-0.9));
#7610=CARTESIAN_POINT('',(0.687500000000003,1.2,-1.));
#7611=CARTESIAN_POINT('',(0.687500000000003,1.3,-0.9));
#7612=CARTESIAN_POINT('Origin',(0.687500000000004,1.2,1.9));
#7613=CARTESIAN_POINT('',(0.687500000000004,1.3,1.9));
#7614=CARTESIAN_POINT('Origin',(1.275,-0.712468433538239,1.9));
#7615=CARTESIAN_POINT('',(1.375,0.3,1.9));
#7616=CARTESIAN_POINT('',(1.375,-0.712468433538239,1.9));
#7617=CARTESIAN_POINT('Origin',(1.275,0.2,1.9));
#7618=CARTESIAN_POINT('Origin',(-1.275,1.05,-0.9));
#7619=CARTESIAN_POINT('',(-1.275,0.3,-1.));
#7620=CARTESIAN_POINT('',(-1.375,0.3,-0.9));
#7621=CARTESIAN_POINT('Origin',(-1.275,0.3,-0.9));
#7622=CARTESIAN_POINT('',(-1.375,1.05,-0.9));
#7623=CARTESIAN_POINT('',(-1.275,1.05,-1.));
#7624=CARTESIAN_POINT('Origin',(-0.687499999999996,0.2,1.9));
#7625=CARTESIAN_POINT('',(-1.375,0.3,1.9));
#7626=CARTESIAN_POINT('',(-3.05147186257614,0.3,1.9));
#7627=CARTESIAN_POINT('',(-0.687499999999996,0.3,1.9));
#7628=CARTESIAN_POINT('Origin',(-3.05147186257614,0.2,1.9));
#7629=CARTESIAN_POINT('Origin',(-1.275,0.2,1.9));
#7630=CARTESIAN_POINT('Origin',(-3.05147186257614,-0.300000000000001,1.9));
#7631=CARTESIAN_POINT('',(-3.47573593128807,0.124264068711927,1.9));
#7632=CARTESIAN_POINT('Origin',(-3.40502525316941,0.0535533905932728,1.9));
#7633=CARTESIAN_POINT('Origin',(-3.05147186257614,-0.300000000000001,1.9));
#7634=CARTESIAN_POINT('Origin',(-2.9983915042945,0.460187139468185,1.9));
#7635=CARTESIAN_POINT('',(-4.36170093578838,-0.76170093578839,1.9));
#7636=CARTESIAN_POINT('Origin',(-4.29099025766972,-0.832411613907045,1.9));
#7637=CARTESIAN_POINT('',(-3.06910218241316,0.53089781758684,1.9));
#7638=CARTESIAN_POINT('Origin',(-3.93743686707645,-1.18596500450032,1.9));
#7639=CARTESIAN_POINT('',(-4.53743686707645,-1.18596500450032,1.9));
#7640=CARTESIAN_POINT('Origin',(-4.43743686707645,-1.18596500450032,1.9));
#7641=CARTESIAN_POINT('Origin',(-3.93743686707645,-1.18596500450032,1.9));
#7642=CARTESIAN_POINT('Origin',(-4.43743686707645,-1.4554509357884,1.9));
#7643=CARTESIAN_POINT('',(-4.53743686707645,-3.26390872965261,1.9));
#7644=CARTESIAN_POINT('Origin',(-4.43743686707645,-3.26390872965261,1.9));
#7645=CARTESIAN_POINT('',(-4.53743686707645,-1.4554509357884,1.9));
#7646=CARTESIAN_POINT('Origin',(-3.93743686707645,-3.2639087296526,1.9));
#7647=CARTESIAN_POINT('',(-4.36170093578838,-3.68817279836453,1.9));
#7648=CARTESIAN_POINT('Origin',(-4.29099025766972,-3.61746212024588,1.9));
#7649=CARTESIAN_POINT('Origin',(-3.93743686707645,-3.2639087296526,1.9));
#7650=CARTESIAN_POINT('Origin',(-3.69137400654465,-4.21707837137096,1.9));
#7651=CARTESIAN_POINT('',(-3.47573593128806,-4.57413780286485,1.9));
#7652=CARTESIAN_POINT('Origin',(-3.40502525316941,-4.5034271247462,1.9));
#7653=CARTESIAN_POINT('',(-3.7620846846633,-4.28778904948961,1.9));
#7654=CARTESIAN_POINT('Origin',(-3.05147186257613,-4.14987373415292,1.9));
#7655=CARTESIAN_POINT('',(-3.05147186257614,-4.74987373415292,1.9));
#7656=CARTESIAN_POINT('Origin',(-3.05147186257614,-4.64987373415292,1.9));
#7657=CARTESIAN_POINT('Origin',(-3.05147186257613,-4.14987373415292,1.9));
#7658=CARTESIAN_POINT('Origin',(-1.52573593128808,-4.64987373415293,1.9));
#7659=CARTESIAN_POINT('',(3.05147186257615,-4.74987373415293,1.9));
#7660=CARTESIAN_POINT('Origin',(3.05147186257615,-4.64987373415297,1.9));
#7661=CARTESIAN_POINT('',(-1.52573593128808,-4.74987373415293,1.9));
#7662=CARTESIAN_POINT('Origin',(3.05147186257614,-4.14987373415293,1.9));
#7663=CARTESIAN_POINT('',(3.47573593128807,-4.57413780286486,1.9));
#7664=CARTESIAN_POINT('Origin',(3.40502525316941,-4.5034271247462,1.9));
#7665=CARTESIAN_POINT('Origin',(3.05147186257614,-4.14987373415293,1.9));
#7666=CARTESIAN_POINT('Origin',(3.24839150429451,-4.66006087362112,1.9));
#7667=CARTESIAN_POINT('',(4.36170093578839,-3.68817279836453,1.9));
#7668=CARTESIAN_POINT('Origin',(4.29099025766973,-3.61746212024588,1.9));
#7669=CARTESIAN_POINT('',(3.31910218241316,-4.73077155173977,1.9));
#7670=CARTESIAN_POINT('Origin',(3.93743686707646,-3.26390872965261,1.9));
#7671=CARTESIAN_POINT('',(4.53743686707646,-3.26390872965261,1.9));
#7672=CARTESIAN_POINT('Origin',(4.43743686707646,-3.26390872965261,1.9));
#7673=CARTESIAN_POINT('Origin',(3.93743686707646,-3.26390872965261,1.9));
#7674=CARTESIAN_POINT('Origin',(4.43743686707646,-2.49442279836454,1.9));
#7675=CARTESIAN_POINT('',(4.53743686707646,-1.18596500450032,1.9));
#7676=CARTESIAN_POINT('Origin',(4.43743686707646,-1.18596500450032,1.9));
#7677=CARTESIAN_POINT('',(4.53743686707646,-2.49442279836454,1.9));
#7678=CARTESIAN_POINT('Origin',(3.93743686707646,-1.18596500450032,1.9));
#7679=CARTESIAN_POINT('',(4.36170093578839,-0.76170093578839,1.9));
#7680=CARTESIAN_POINT('Origin',(4.29099025766973,-0.832411613907044,1.9));
#7681=CARTESIAN_POINT('Origin',(3.93743686707646,-1.18596500450032,1.9));
#7682=CARTESIAN_POINT('Origin',(3.44137400654466,0.0172046372180282,1.9));
#7683=CARTESIAN_POINT('',(3.47573593128807,0.124264068711928,1.9));
#7684=CARTESIAN_POINT('Origin',(3.40502525316942,0.0535533905932731,1.9));
#7685=CARTESIAN_POINT('',(3.51208468466332,0.087915315336683,1.9));
#7686=CARTESIAN_POINT('Origin',(3.05147186257614,-0.299999999999999,1.9));
#7687=CARTESIAN_POINT('',(3.05147186257614,0.3,1.9));
#7688=CARTESIAN_POINT('Origin',(3.05147186257614,0.2,1.9));
#7689=CARTESIAN_POINT('Origin',(3.05147186257614,-0.299999999999999,1.9));
#7690=CARTESIAN_POINT('Origin',(1.52573593128807,0.2,1.9));
#7691=CARTESIAN_POINT('',(1.52573593128807,0.3,1.9));
#7692=CARTESIAN_POINT('Origin',(-1.275,-0.212468433538239,1.9));
#7693=CARTESIAN_POINT('',(-1.375,-0.212468433538239,1.9));
#7694=CARTESIAN_POINT('Origin',(3.93743686707646,-1.18596500450032,0.));
#7695=CARTESIAN_POINT('',(4.53743686707646,-1.18596500450032,0.));
#7696=CARTESIAN_POINT('',(4.53743686707646,-1.18596500450032,0.));
#7697=CARTESIAN_POINT('',(4.36170093578839,-0.76170093578839,0.));
#7698=CARTESIAN_POINT('Origin',(3.93743686707646,-1.18596500450032,0.));
#7699=CARTESIAN_POINT('',(4.36170093578839,-0.76170093578839,0.));
#7700=CARTESIAN_POINT('Origin',(4.53743686707646,-3.26390872965261,0.));
#7701=CARTESIAN_POINT('',(4.53743686707646,-3.26390872965261,0.));
#7702=CARTESIAN_POINT('',(4.53743686707646,-3.26390872965261,0.));
#7703=CARTESIAN_POINT('',(4.53743686707646,-1.18596500450032,0.));
#7704=CARTESIAN_POINT('Origin',(3.93743686707646,-3.26390872965261,0.));
#7705=CARTESIAN_POINT('',(4.36170093578839,-3.68817279836453,0.));
#7706=CARTESIAN_POINT('',(4.36170093578839,-3.68817279836453,0.));
#7707=CARTESIAN_POINT('Origin',(3.93743686707646,-3.26390872965261,0.));
#7708=CARTESIAN_POINT('Origin',(3.47573593128807,-4.57413780286486,0.));
#7709=CARTESIAN_POINT('',(3.47573593128807,-4.57413780286486,0.));
#7710=CARTESIAN_POINT('',(3.47573593128807,-4.57413780286486,0.));
#7711=CARTESIAN_POINT('',(4.36170093578839,-3.68817279836453,0.));
#7712=CARTESIAN_POINT('Origin',(3.05147186257614,-4.14987373415293,0.));
#7713=CARTESIAN_POINT('',(3.05147186257615,-4.74987373415293,0.));
#7714=CARTESIAN_POINT('',(3.05147186257615,-4.74987373415293,0.));
#7715=CARTESIAN_POINT('Origin',(3.05147186257614,-4.14987373415293,0.));
#7716=CARTESIAN_POINT('Origin',(-3.05147186257614,-4.74987373415292,0.));
#7717=CARTESIAN_POINT('',(-3.05147186257614,-4.74987373415292,0.));
#7718=CARTESIAN_POINT('',(-3.05147186257614,-4.74987373415292,0.));
#7719=CARTESIAN_POINT('',(-0.00999999999999668,-4.74987373415295,0.));
#7720=CARTESIAN_POINT('Origin',(-3.05147186257613,-4.14987373415292,0.));
#7721=CARTESIAN_POINT('',(-3.47573593128806,-4.57413780286485,0.));
#7722=CARTESIAN_POINT('',(-3.47573593128806,-4.57413780286485,0.));
#7723=CARTESIAN_POINT('Origin',(-3.05147186257613,-4.14987373415292,0.));
#7724=CARTESIAN_POINT('Origin',(-4.36170093578838,-3.68817279836453,0.));
#7725=CARTESIAN_POINT('',(-4.36170093578838,-3.68817279836453,0.));
#7726=CARTESIAN_POINT('',(-4.36170093578838,-3.68817279836453,0.));
#7727=CARTESIAN_POINT('',(-3.47573593128806,-4.57413780286485,0.));
#7728=CARTESIAN_POINT('Origin',(-3.93743686707645,-3.2639087296526,0.));
#7729=CARTESIAN_POINT('',(-4.53743686707645,-3.26390872965261,0.));
#7730=CARTESIAN_POINT('',(-4.53743686707645,-3.26390872965261,0.));
#7731=CARTESIAN_POINT('Origin',(-3.93743686707645,-3.2639087296526,0.));
#7732=CARTESIAN_POINT('Origin',(-4.53743686707645,-1.18596500450032,0.));
#7733=CARTESIAN_POINT('',(-4.53743686707645,-1.18596500450032,0.));
#7734=CARTESIAN_POINT('',(-4.53743686707645,-1.18596500450032,0.));
#7735=CARTESIAN_POINT('',(-4.53743686707645,-3.26390872965261,0.));
#7736=CARTESIAN_POINT('Origin',(-3.93743686707645,-1.18596500450032,0.));
#7737=CARTESIAN_POINT('',(-4.36170093578838,-0.76170093578839,0.));
#7738=CARTESIAN_POINT('',(-4.36170093578838,-0.76170093578839,0.));
#7739=CARTESIAN_POINT('Origin',(-3.93743686707645,-1.18596500450032,0.));
#7740=CARTESIAN_POINT('Origin',(-3.47573593128807,0.124264068711927,0.));
#7741=CARTESIAN_POINT('',(-3.47573593128807,0.124264068711927,0.));
#7742=CARTESIAN_POINT('',(-3.47573593128807,0.124264068711927,0.));
#7743=CARTESIAN_POINT('',(-4.36170093578838,-0.76170093578839,0.));
#7744=CARTESIAN_POINT('Origin',(-3.05147186257614,-0.300000000000001,0.));
#7745=CARTESIAN_POINT('',(-3.05147186257614,0.3,0.));
#7746=CARTESIAN_POINT('',(-3.05147186257614,0.3,0.));
#7747=CARTESIAN_POINT('Origin',(-3.05147186257614,-0.300000000000001,0.));
#7748=CARTESIAN_POINT('Origin',(-1.375,0.3,0.));
#7749=CARTESIAN_POINT('',(-1.375,0.3,0.));
#7750=CARTESIAN_POINT('',(-1.375,0.3,0.));
#7751=CARTESIAN_POINT('',(-3.05147186257614,0.3,0.));
#7752=CARTESIAN_POINT('Origin',(1.375,1.3,0.));
#7753=CARTESIAN_POINT('Origin',(1.375,0.3,0.));
#7754=CARTESIAN_POINT('',(1.375,0.3,0.));
#7755=CARTESIAN_POINT('',(1.375,0.3,0.));
#7756=CARTESIAN_POINT('',(0.687500000000004,0.3,0.));
#7757=CARTESIAN_POINT('',(-1.375,0.3,0.));
#7758=CARTESIAN_POINT('',(1.375,0.3,-1.));
#7759=CARTESIAN_POINT('Origin',(2.77555756156289E-15,0.8,-1.));
#7760=CARTESIAN_POINT('Origin',(5.55111512312578E-15,-1.72493686707648,
0.));
#7761=CARTESIAN_POINT('',(3.05147186257614,0.3,0.));
#7762=CARTESIAN_POINT('',(-3.05147186257614,0.3,0.));
#7763=CARTESIAN_POINT('',(3.47573593128807,0.124264068711928,0.));
#7764=CARTESIAN_POINT('Origin',(3.05147186257614,-0.299999999999999,0.));
#7765=CARTESIAN_POINT('',(3.47573593128807,0.124264068711928,0.));
#7766=CARTESIAN_POINT('',(-3.05147186257614,-4.39987373415292,0.));
#7767=CARTESIAN_POINT('',(3.05147186257614,-4.39987373415293,0.));
#7768=CARTESIAN_POINT('',(1.52573593128806,-4.39987373415296,0.));
#7769=CARTESIAN_POINT('',(3.22824855787278,-4.32665042944957,0.));
#7770=CARTESIAN_POINT('Origin',(3.05147186257614,-4.14987373415293,0.));
#7771=CARTESIAN_POINT('',(4.1142135623731,-3.44068542494924,0.));
#7772=CARTESIAN_POINT('',(3.51459731124802,-4.04030167607432,0.));
#7773=CARTESIAN_POINT('',(4.18743686707646,-3.26390872965261,0.));
#7774=CARTESIAN_POINT('Origin',(3.93743686707646,-3.26390872965261,0.));
#7775=CARTESIAN_POINT('',(4.18743686707646,-1.18596500450032,0.));
#7776=CARTESIAN_POINT('',(4.18743686707646,-1.4554509357884,0.));
#7777=CARTESIAN_POINT('',(4.11421356237309,-1.00918830920368,0.));
#7778=CARTESIAN_POINT('Origin',(3.93743686707646,-1.18596500450032,0.));
#7779=CARTESIAN_POINT('',(3.22824855787278,-0.123223304703363,0.));
#7780=CARTESIAN_POINT('',(2.82161480899787,0.28341044417155,0.));
#7781=CARTESIAN_POINT('',(3.05147186257614,-0.0500000000000003,0.));
#7782=CARTESIAN_POINT('Origin',(3.05147186257614,-0.3,0.));
#7783=CARTESIAN_POINT('',(-3.05147186257614,-0.05,0.));
#7784=CARTESIAN_POINT('',(-1.52573593128807,-0.0500000000000002,0.));
#7785=CARTESIAN_POINT('',(-3.22824855787277,-0.123223304703363,0.));
#7786=CARTESIAN_POINT('Origin',(-3.05147186257614,-0.3,0.));
#7787=CARTESIAN_POINT('',(-4.11421356237309,-1.00918830920368,0.));
#7788=CARTESIAN_POINT('',(-3.26459731124802,-0.159572058078608,0.));
#7789=CARTESIAN_POINT('',(-4.18743686707645,-1.18596500450032,0.));
#7790=CARTESIAN_POINT('Origin',(-3.93743686707645,-1.18596500450032,0.));
#7791=CARTESIAN_POINT('',(-4.18743686707645,-3.26390872965261,0.));
#7792=CARTESIAN_POINT('',(-4.18743686707645,-2.49442279836455,0.));
#7793=CARTESIAN_POINT('',(-4.11421356237308,-3.44068542494924,0.));
#7794=CARTESIAN_POINT('Origin',(-3.93743686707645,-3.2639087296526,0.));
#7795=CARTESIAN_POINT('',(-3.22824855787277,-4.32665042944956,0.));
#7796=CARTESIAN_POINT('',(-3.07161480899785,-4.48328417832448,0.));
#7797=CARTESIAN_POINT('Origin',(-3.05147186257613,-4.14987373415292,0.));
#7798=CARTESIAN_POINT('Origin',(-0.874999999999996,-0.0500000000000002,
-10.1));
#7799=CARTESIAN_POINT('',(0.875000000000004,-0.263902567619237,-10.1));
#7800=CARTESIAN_POINT('',(-0.874999999997361,-0.263902567619237,-10.1));
#7801=CARTESIAN_POINT('',(0.875000000000004,-0.0500000000000002,-10.1));
#7802=CARTESIAN_POINT('',(0.875000000000004,-0.0500000000000002,-10.1));
#7803=CARTESIAN_POINT('',(-1.96323593128807,-0.0500000000000001,-10.1));
#7804=CARTESIAN_POINT('Origin',(0.875000000000004,-0.0500000000000002,-9.1));
#7805=CARTESIAN_POINT('',(0.875000000000004,-0.263902567619237,-9.1));
#7806=CARTESIAN_POINT('',(2.63914102776525E-12,-0.263902567619237,-9.1));
#7807=CARTESIAN_POINT('',(0.875000000000004,-0.0500000000000002,-9.1));
#7808=CARTESIAN_POINT('',(-1.08823593128807,-0.0500000000000001,-9.1));
#7809=CARTESIAN_POINT('',(0.875000000000004,-0.0500000000000002,-9.1));
#7810=CARTESIAN_POINT('Origin',(0.875000000002037,-0.263902567619237,0.));
#7811=CARTESIAN_POINT('',(0.875000000002037,-0.263902567619237,0.));
#7812=CARTESIAN_POINT('',(0.875000000000005,-0.0500000000000002,-5.05));
#7813=CARTESIAN_POINT('',(0.875000000002037,-0.263902567619237,-11.1));
#7814=CARTESIAN_POINT('',(0.875000000002037,-0.263902567619237,0.));
#7815=CARTESIAN_POINT('',(0.875000000002037,-0.263902567619237,-11.1));
#7816=CARTESIAN_POINT('Origin',(-0.874999999994726,-0.263902567619237,0.));
#7817=CARTESIAN_POINT('',(-0.874999999994726,-0.263902567619237,-11.1));
#7818=CARTESIAN_POINT('Origin',(4.9960036108132E-15,-2.22493686707648,-3.));
#7819=CARTESIAN_POINT('',(3.62500000000001,-1.34993686707646,-3.));
#7820=CARTESIAN_POINT('',(3.62500000000001,-1.34993686707646,-3.));
#7821=CARTESIAN_POINT('',(-3.62499999999999,-1.34993686707646,-3.));
#7822=CARTESIAN_POINT('Origin',(3.05147186257614,-4.39987373415297,0.));
#7823=CARTESIAN_POINT('',(-3.05147186257614,-4.39987373415292,-11.1));
#7824=CARTESIAN_POINT('',(-3.05147186257614,-4.39987373415292,0.));
#7825=CARTESIAN_POINT('',(3.05147186257614,-4.39987373415293,-11.1));
#7826=CARTESIAN_POINT('',(-0.0999999999999931,-4.39987373415295,-11.1));
#7827=CARTESIAN_POINT('',(3.05147186257614,-4.39987373415293,0.));
#7828=CARTESIAN_POINT('Origin',(3.05147186257614,-4.14987373415293,0.));
#7829=CARTESIAN_POINT('',(3.22824855787278,-4.32665042944957,-11.1));
#7830=CARTESIAN_POINT('Origin',(3.05147186257614,-4.14987373415293,-11.1));
#7831=CARTESIAN_POINT('',(3.22824855787278,-4.32665042944957,0.));
#7832=CARTESIAN_POINT('Origin',(4.1142135623731,-3.44068542494924,0.));
#7833=CARTESIAN_POINT('',(4.1142135623731,-3.44068542494924,-11.1));
#7834=CARTESIAN_POINT('',(3.22824855787278,-4.32665042944957,-11.1));
#7835=CARTESIAN_POINT('',(4.1142135623731,-3.44068542494924,0.));
#7836=CARTESIAN_POINT('Origin',(3.93743686707646,-3.26390872965261,0.));
#7837=CARTESIAN_POINT('',(4.18743686707646,-3.26390872965261,-11.1));
#7838=CARTESIAN_POINT('Origin',(3.93743686707646,-3.26390872965261,-11.1));
#7839=CARTESIAN_POINT('',(4.18743686707646,-3.26390872965261,0.));
#7840=CARTESIAN_POINT('Origin',(4.18743686707646,-1.18596500450032,0.));
#7841=CARTESIAN_POINT('',(4.18743686707646,-1.18596500450032,-11.1));
#7842=CARTESIAN_POINT('',(4.18743686707646,-3.26390872965261,-11.1));
#7843=CARTESIAN_POINT('',(4.18743686707646,-1.18596500450032,0.));
#7844=CARTESIAN_POINT('Origin',(3.93743686707646,-1.18596500450032,0.));
#7845=CARTESIAN_POINT('',(4.11421356237309,-1.00918830920368,-11.1));
#7846=CARTESIAN_POINT('Origin',(3.93743686707646,-1.18596500450032,-11.1));
#7847=CARTESIAN_POINT('',(4.11421356237309,-1.00918830920368,0.));
#7848=CARTESIAN_POINT('Origin',(3.22824855787278,-0.123223304703363,0.));
#7849=CARTESIAN_POINT('',(3.22824855787278,-0.123223304703363,-11.1));
#7850=CARTESIAN_POINT('',(4.11421356237309,-1.00918830920368,-11.1));
#7851=CARTESIAN_POINT('',(3.22824855787278,-0.123223304703363,0.));
#7852=CARTESIAN_POINT('Origin',(3.05147186257614,-0.3,0.));
#7853=CARTESIAN_POINT('',(3.05147186257614,-0.0500000000000003,-11.1));
#7854=CARTESIAN_POINT('Origin',(3.05147186257614,-0.3,-11.1));
#7855=CARTESIAN_POINT('',(3.05147186257614,-0.0500000000000003,0.));
#7856=CARTESIAN_POINT('Origin',(-3.05147186257614,-0.05,0.));
#7857=CARTESIAN_POINT('',(-3.05147186257614,-0.05,-11.1));
#7858=CARTESIAN_POINT('',(3.05147186257614,-0.0500000000000003,-11.1));
#7859=CARTESIAN_POINT('',(-3.05147186257614,-0.05,0.));
#7860=CARTESIAN_POINT('Origin',(-3.05147186257614,-0.3,0.));
#7861=CARTESIAN_POINT('',(-3.22824855787277,-0.123223304703363,-11.1));
#7862=CARTESIAN_POINT('Origin',(-3.05147186257614,-0.3,-11.1));
#7863=CARTESIAN_POINT('',(-3.22824855787277,-0.123223304703363,0.));
#7864=CARTESIAN_POINT('Origin',(-4.11421356237309,-1.00918830920368,0.));
#7865=CARTESIAN_POINT('',(-4.11421356237309,-1.00918830920368,-11.1));
#7866=CARTESIAN_POINT('',(-4.11421356237309,-1.00918830920368,-11.1));
#7867=CARTESIAN_POINT('',(-4.11421356237309,-1.00918830920368,0.));
#7868=CARTESIAN_POINT('Origin',(-3.93743686707645,-1.18596500450032,0.));
#7869=CARTESIAN_POINT('',(-4.18743686707645,-1.18596500450032,-11.1));
#7870=CARTESIAN_POINT('Origin',(-3.93743686707645,-1.18596500450032,-11.1));
#7871=CARTESIAN_POINT('',(-4.18743686707645,-1.18596500450032,0.));
#7872=CARTESIAN_POINT('Origin',(-4.18743686707645,-3.26390872965261,0.));
#7873=CARTESIAN_POINT('',(-4.18743686707645,-3.26390872965261,-11.1));
#7874=CARTESIAN_POINT('',(-4.18743686707645,-3.26390872965261,-11.1));
#7875=CARTESIAN_POINT('',(-4.18743686707645,-3.26390872965261,0.));
#7876=CARTESIAN_POINT('Origin',(-3.93743686707645,-3.2639087296526,0.));
#7877=CARTESIAN_POINT('',(-4.11421356237308,-3.44068542494924,-11.1));
#7878=CARTESIAN_POINT('Origin',(-3.93743686707645,-3.2639087296526,-11.1));
#7879=CARTESIAN_POINT('',(-4.11421356237308,-3.44068542494924,0.));
#7880=CARTESIAN_POINT('Origin',(-3.22824855787277,-4.32665042944956,0.));
#7881=CARTESIAN_POINT('',(-3.22824855787277,-4.32665042944956,-11.1));
#7882=CARTESIAN_POINT('',(-3.22824855787277,-4.32665042944956,-11.1));
#7883=CARTESIAN_POINT('',(-3.22824855787277,-4.32665042944956,0.));
#7884=CARTESIAN_POINT('Origin',(-3.05147186257613,-4.14987373415292,0.));
#7885=CARTESIAN_POINT('Origin',(-3.05147186257613,-4.14987373415292,-11.1));
#7886=CARTESIAN_POINT('Origin',(4.9960036108132E-15,-2.22493686707648,-11.1));
#7887=CARTESIAN_POINT('',(1.12500000000527,-4.21390256761741,-11.1));
#7888=CARTESIAN_POINT('',(2.87500000000205,-4.21390256761741,-11.1));
#7889=CARTESIAN_POINT('',(1.12500000000527,-4.21390256761741,-11.1));
#7890=CARTESIAN_POINT('',(-2.87499999999473,-1.0139025676174,-11.1));
#7891=CARTESIAN_POINT('',(-1.12499999999795,-1.0139025676174,-11.1));
#7892=CARTESIAN_POINT('',(-2.87499999999473,-1.0139025676174,-11.1));
#7893=CARTESIAN_POINT('',(1.12500000000527,-1.0139025676174,-11.1));
#7894=CARTESIAN_POINT('',(2.87500000000205,-1.0139025676174,-11.1));
#7895=CARTESIAN_POINT('',(1.12500000000527,-1.0139025676174,-11.1));
#7896=CARTESIAN_POINT('',(-2.87499999999473,-4.21390256761741,-11.1));
#7897=CARTESIAN_POINT('',(-1.12499999999795,-4.21390256761741,-11.1));
#7898=CARTESIAN_POINT('',(-2.87499999999473,-4.21390256761741,-11.1));
#7899=CARTESIAN_POINT('',(-0.874999999994726,-4.21390256761741,-11.1));
#7900=CARTESIAN_POINT('',(0.875000000002053,-4.21390256761741,-11.1));
#7901=CARTESIAN_POINT('',(-0.874999999994726,-4.21390256761741,-11.1));
#7902=CARTESIAN_POINT('Origin',(3.62500000000001,-1.34993686707646,0.));
#7903=CARTESIAN_POINT('',(3.62500000000001,-1.34993686707646,0.));
#7904=CARTESIAN_POINT('Origin',(-3.62499999999999,-1.34993686707646,0.));
#7905=CARTESIAN_POINT('Origin',(-0.874999999994726,-4.21390256761741,0.));
#7906=CARTESIAN_POINT('',(-0.874999999994726,-4.21390256761741,0.));
#7907=CARTESIAN_POINT('Origin',(0.875000000002053,-4.21390256761741,0.));
#7908=CARTESIAN_POINT('Origin',(-2.87499999999473,-1.0139025676174,0.));
#7909=CARTESIAN_POINT('',(-2.87499999999473,-1.0139025676174,0.));
#7910=CARTESIAN_POINT('Origin',(-1.12499999999795,-1.0139025676174,0.));
#7911=CARTESIAN_POINT('Origin',(-0.874999999994726,-0.263902567619237,0.));
#7912=CARTESIAN_POINT('Origin',(1.12500000000527,-4.21390256761741,0.));
#7913=CARTESIAN_POINT('',(1.12500000000527,-4.21390256761741,0.));
#7914=CARTESIAN_POINT('Origin',(2.87500000000205,-4.21390256761741,0.));
#7915=CARTESIAN_POINT('Origin',(1.12500000000527,-1.0139025676174,0.));
#7916=CARTESIAN_POINT('',(1.12500000000527,-1.0139025676174,0.));
#7917=CARTESIAN_POINT('Origin',(2.87500000000205,-1.0139025676174,0.));
#7918=CARTESIAN_POINT('Origin',(-2.87499999999473,-4.21390256761741,0.));
#7919=CARTESIAN_POINT('',(-2.87499999999473,-4.21390256761741,0.));
#7920=CARTESIAN_POINT('Origin',(-1.12499999999795,-4.21390256761741,0.));
#7921=CARTESIAN_POINT('Origin',(-1.375,1.3,0.));
#7922=CARTESIAN_POINT('Origin',(1.375,0.3,0.));
#7923=CARTESIAN_POINT('',(1.375,0.3,0.));
#7924=CARTESIAN_POINT('Origin',(3.05147186257614,0.3,0.));
#7925=CARTESIAN_POINT('',(3.05147186257614,0.3,0.));
#7926=CARTESIAN_POINT('Origin',(3.05147186257614,-0.299999999999999,0.));
#7927=CARTESIAN_POINT('',(3.47573593128807,0.124264068711928,0.));
#7928=CARTESIAN_POINT('Origin',(4.36170093578839,-0.761700935788389,0.));
#7929=CARTESIAN_POINT('',(0.,0.,0.));
#7930=CARTESIAN_POINT('Origin',(8.33462790216139,-1.9272821971341,-4.53151928832018));
#7931=CARTESIAN_POINT('',(8.20962790216139,-2.2,-4.53151928832018));
#7932=CARTESIAN_POINT('',(8.03462790216139,-1.9272821971341,-4.53151928832019));
#7933=CARTESIAN_POINT('Origin',(8.33462790216139,-1.9272821971341,-4.53151928832019));
#7934=CARTESIAN_POINT('',(8.03462790216139,-1.92728219713411,-4.73151928832019));
#7935=CARTESIAN_POINT('',(8.03462790216139,-1.9272821971341,-4.53151928832018));
#7936=CARTESIAN_POINT('',(8.20962790216139,-2.2,-4.73151928832018));
#7937=CARTESIAN_POINT('Origin',(8.33462790216139,-1.92728219713411,-4.73151928832019));
#7938=CARTESIAN_POINT('',(8.20962790216139,-2.2,-4.53151928832018));
#7939=CARTESIAN_POINT('Origin',(8.65962790216139,-4.05,-4.73151928832018));
#7940=CARTESIAN_POINT('',(8.03462790216139,-0.199999999999997,-4.73151928832019));
#7941=CARTESIAN_POINT('',(8.03462790216139,-0.199999999999997,-4.73151928832019));
#7942=CARTESIAN_POINT('',(9.28462790216139,-0.199999999999998,-4.73151928832019));
#7943=CARTESIAN_POINT('',(8.65962790216139,-0.2,-4.73151928832019));
#7944=CARTESIAN_POINT('',(9.28462790216139,-1.9272821971341,-4.73151928832019));
#7945=CARTESIAN_POINT('',(9.28462790216139,0.704778684233863,-4.73151928832019));
#7946=CARTESIAN_POINT('',(9.10962790216139,-2.2,-4.73151928832018));
#7947=CARTESIAN_POINT('Origin',(8.98462790216139,-1.9272821971341,-4.73151928832019));
#7948=CARTESIAN_POINT('',(9.10962790216139,-5.5,-4.73151928832018));
#7949=CARTESIAN_POINT('',(9.10962790216139,-2.3,-4.73151928832019));
#7950=CARTESIAN_POINT('',(8.80962790216139,-5.8,-4.73151928832018));
#7951=CARTESIAN_POINT('Origin',(8.80962790216139,-5.5,-4.73151928832018));
#7952=CARTESIAN_POINT('',(8.50962790216139,-5.8,-4.73151928832018));
#7953=CARTESIAN_POINT('',(8.20962790216139,-5.8,-4.73151928832018));
#7954=CARTESIAN_POINT('',(8.20962790216139,-5.5,-4.73151928832018));
#7955=CARTESIAN_POINT('Origin',(8.50962790216139,-5.5,-4.73151928832018));
#7956=CARTESIAN_POINT('',(8.20962790216139,-2.3,-4.73151928832019));
#7957=CARTESIAN_POINT('Origin',(8.98462790216139,-1.9272821971341,-4.53151928832018));
#7958=CARTESIAN_POINT('',(9.28462790216139,-1.9272821971341,-4.53151928832019));
#7959=CARTESIAN_POINT('',(9.28462790216139,-1.9272821971341,-4.53151928832018));
#7960=CARTESIAN_POINT('',(9.10962790216139,-2.2,-4.53151928832018));
#7961=CARTESIAN_POINT('Origin',(8.98462790216139,-1.9272821971341,-4.53151928832019));
#7962=CARTESIAN_POINT('',(9.10962790216139,-2.2,-4.53151928832018));
#7963=CARTESIAN_POINT('Origin',(8.65962790216139,-4.05,-4.53151928832018));
#7964=CARTESIAN_POINT('',(8.20962790216139,-5.5,-4.53151928832018));
#7965=CARTESIAN_POINT('',(8.20962790216139,-2.3,-4.53151928832019));
#7966=CARTESIAN_POINT('',(8.50962790216139,-5.8,-4.53151928832018));
#7967=CARTESIAN_POINT('Origin',(8.50962790216139,-5.5,-4.53151928832018));
#7968=CARTESIAN_POINT('',(8.80962790216139,-5.8,-4.53151928832018));
#7969=CARTESIAN_POINT('',(8.20962790216139,-5.8,-4.53151928832018));
#7970=CARTESIAN_POINT('',(9.10962790216139,-5.5,-4.53151928832018));
#7971=CARTESIAN_POINT('Origin',(8.80962790216139,-5.5,-4.53151928832018));
#7972=CARTESIAN_POINT('',(9.10962790216139,-1.66190266447077,-4.53151928832019));
#7973=CARTESIAN_POINT('',(9.28462790216139,-0.199999999999998,-4.53151928832019));
#7974=CARTESIAN_POINT('',(9.28462790216139,0.704778684233864,-4.53151928832019));
#7975=CARTESIAN_POINT('',(8.03462790216139,-0.199999999999998,-4.53151928832019));
#7976=CARTESIAN_POINT('',(8.65962790216139,-0.2,-4.53151928832019));
#7977=CARTESIAN_POINT('',(8.03462790216139,0.704778684233863,-4.53151928832019));
#7978=CARTESIAN_POINT('Origin',(8.50962790216139,-5.5,-4.53151928832018));
#7979=CARTESIAN_POINT('',(8.50962790216139,-5.8,-4.53151928832018));
#7980=CARTESIAN_POINT('',(8.20962790216139,-5.5,-4.53151928832018));
#7981=CARTESIAN_POINT('Origin',(9.10962790216139,-5.8,-4.53151928832018));
#7982=CARTESIAN_POINT('',(8.80962790216139,-5.8,-4.53151928832018));
#7983=CARTESIAN_POINT('Origin',(8.80962790216139,-5.5,-4.53151928832018));
#7984=CARTESIAN_POINT('',(9.10962790216139,-5.5,-4.53151928832018));
#7985=CARTESIAN_POINT('Origin',(9.10962790216139,-2.3,-4.53151928832018));
#7986=CARTESIAN_POINT('Origin',(8.20962790216139,-2.2,-4.53151928832018));
#7987=CARTESIAN_POINT('Origin',(8.03462790216139,-2.3,-4.53151928832019));
#7988=CARTESIAN_POINT('',(8.03462790216139,-0.199999999999998,-4.57551928832019));
#7989=CARTESIAN_POINT('Origin',(8.65962790216139,-0.199999999999997,-4.33151928832019));
#7990=CARTESIAN_POINT('',(8.03462790216139,0.200000000000004,-4.33151928832019));
#7991=CARTESIAN_POINT('Origin',(8.03462790216139,-0.199999999999997,-4.33151928832019));
#7992=CARTESIAN_POINT('',(9.28462790216139,0.200000000000003,-4.33151928832019));
#7993=CARTESIAN_POINT('',(8.34712790216139,0.200000000000004,-4.33151928832019));
#7994=CARTESIAN_POINT('Origin',(9.28462790216139,-0.199999999999997,-4.33151928832019));
#7995=CARTESIAN_POINT('Origin',(9.28462790216139,0.252389342116932,-4.53151928832019));
#7996=CARTESIAN_POINT('',(9.28462790216139,-0.2,-4.57551928832019));
#7997=CARTESIAN_POINT('Origin',(8.03462790216139,-0.199999999999997,-4.53151928832019));
#7998=CARTESIAN_POINT('',(8.03462790216139,3.60822483003176E-15,-4.33151928832019));
#7999=CARTESIAN_POINT('Origin',(8.03462790216139,-0.199999999999997,-4.33151928832019));
#8000=CARTESIAN_POINT('',(8.03462790216139,3.7470027081099E-15,-4.33151928832019));
#8001=CARTESIAN_POINT('Origin',(9.28462790216139,-0.199999999999998,-4.73151928832019));
#8002=CARTESIAN_POINT('',(9.28462790216139,3.33066907387547E-15,-4.33151928832019));
#8003=CARTESIAN_POINT('',(9.28462790216139,2.22044604925031E-15,-4.33151928832019));
#8004=CARTESIAN_POINT('Origin',(9.28462790216139,-0.199999999999997,-4.33151928832019));
#8005=CARTESIAN_POINT('Origin',(8.65962790216139,-0.199999999999997,-4.33151928832019));
#8006=CARTESIAN_POINT('',(8.34712790216139,3.60822483003176E-15,-4.33151928832019));
#8007=CARTESIAN_POINT('Origin',(9.28462790216139,3.33066907387547E-15,3.26848071167981));
#8008=CARTESIAN_POINT('',(9.28462790216139,0.200000000000003,3.26848071167981));
#8009=CARTESIAN_POINT('',(9.28462790216139,0.200000000000003,-4.73151928832019));
#8010=CARTESIAN_POINT('',(9.28462790216139,3.33066907387547E-15,3.26848071167981));
#8011=CARTESIAN_POINT('',(9.28462790216139,3.33066907387547E-15,3.26848071167981));
#8012=CARTESIAN_POINT('',(9.28462790216139,3.33066907387547E-15,-4.73151928832019));
#8013=CARTESIAN_POINT('Origin',(8.65962790216139,0.200000000000004,-0.731519288320195));
#8014=CARTESIAN_POINT('',(8.03462790216139,0.200000000000003,3.26848071167981));
#8015=CARTESIAN_POINT('',(8.03462790216139,0.200000000000003,3.26848071167981));
#8016=CARTESIAN_POINT('',(9.28462790216139,0.200000000000003,3.26848071167981));
#8017=CARTESIAN_POINT('Origin',(8.03462790216139,3.33066907387547E-15,3.26848071167981));
#8018=CARTESIAN_POINT('',(8.03462790216139,3.33066907387547E-15,3.26848071167981));
#8019=CARTESIAN_POINT('',(9.28462790216139,3.33066907387547E-15,3.26848071167981));
#8020=CARTESIAN_POINT('',(8.03462790216139,3.33066907387547E-15,3.26848071167981));
#8021=CARTESIAN_POINT('Origin',(8.03462790216139,3.60822483003176E-15,-4.73151928832019));
#8022=CARTESIAN_POINT('',(8.03462790216139,3.33066907387547E-15,3.26848071167981));
#8023=CARTESIAN_POINT('Origin',(8.65962790216139,3.60822483003176E-15,-0.731519288320195));
#8024=CARTESIAN_POINT('',(0.,0.,0.));
#8025=CARTESIAN_POINT('Origin',(8.50962790216137,-3.,-4.5315192883202));
#8026=CARTESIAN_POINT('',(8.20962790216137,-3.,-4.7315192883202));
#8027=CARTESIAN_POINT('',(8.50962790216137,-3.3,-4.7315192883202));
#8028=CARTESIAN_POINT('Origin',(8.50962790216137,-3.,-4.7315192883202));
#8029=CARTESIAN_POINT('',(8.50962790216137,-3.3,-4.5315192883202));
#8030=CARTESIAN_POINT('',(8.50962790216137,-3.3,-4.5315192883202));
#8031=CARTESIAN_POINT('',(8.20962790216138,-3.,-4.5315192883202));
#8032=CARTESIAN_POINT('Origin',(8.50962790216137,-3.,-4.5315192883202));
#8033=CARTESIAN_POINT('',(8.20962790216137,-3.,-4.5315192883202));
#8034=CARTESIAN_POINT('Origin',(8.20962790216137,-3.3,-4.5315192883202));
#8035=CARTESIAN_POINT('',(8.20962790216138,-0.199999999999999,-4.5315192883202));
#8036=CARTESIAN_POINT('',(8.20962790216138,0.704778684233862,-4.53151928832019));
#8037=CARTESIAN_POINT('',(8.20962790216137,-0.199999999999997,-4.73151928832019));
#8038=CARTESIAN_POINT('',(8.20962790216137,-0.199999999999996,-4.5755192883202));
#8039=CARTESIAN_POINT('',(8.20962790216137,-0.199999999999997,-4.73151928832019));
#8040=CARTESIAN_POINT('Origin',(8.65962790216138,-1.52380532894153,-4.5315192883202));
#8041=CARTESIAN_POINT('',(8.80962790216138,-3.3,-4.5315192883202));
#8042=CARTESIAN_POINT('',(8.20962790216137,-3.3,-4.5315192883202));
#8043=CARTESIAN_POINT('',(9.10962790216138,-3.,-4.5315192883202));
#8044=CARTESIAN_POINT('Origin',(8.80962790216138,-3.,-4.5315192883202));
#8045=CARTESIAN_POINT('',(9.10962790216138,-0.199999999999999,-4.5315192883202));
#8046=CARTESIAN_POINT('',(9.10962790216138,0.704778684233862,-4.53151928832019));
#8047=CARTESIAN_POINT('',(8.65962790216138,-0.2,-4.5315192883202));
#8048=CARTESIAN_POINT('Origin',(8.80962790216138,-3.,-4.5315192883202));
#8049=CARTESIAN_POINT('',(8.80962790216138,-3.3,-4.7315192883202));
#8050=CARTESIAN_POINT('',(9.10962790216138,-3.,-4.7315192883202));
#8051=CARTESIAN_POINT('Origin',(8.80962790216138,-3.,-4.7315192883202));
#8052=CARTESIAN_POINT('',(9.10962790216138,-3.,-4.5315192883202));
#8053=CARTESIAN_POINT('',(8.80962790216138,-3.3,-4.5315192883202));
#8054=CARTESIAN_POINT('Origin',(9.10962790216138,0.252389342116932,-4.5315192883202));
#8055=CARTESIAN_POINT('',(9.10962790216138,-0.199999999999999,-4.7315192883202));
#8056=CARTESIAN_POINT('',(9.10962790216138,0.704778684233862,-4.73151928832019));
#8057=CARTESIAN_POINT('',(9.10962790216138,-0.199999999999999,-4.5755192883202));
#8058=CARTESIAN_POINT('Origin',(8.33462790216138,1.11022302462516E-15,-3.9588014854543));
#8059=CARTESIAN_POINT('',(8.20962790216137,1.11022302462516E-15,-4.23151928832019));
#8060=CARTESIAN_POINT('',(8.03462790216138,1.11022302462516E-15,-3.9588014854543));
#8061=CARTESIAN_POINT('Origin',(8.33462790216138,1.11022302462516E-15,-3.9588014854543));
#8062=CARTESIAN_POINT('',(8.03462790216138,0.200000000000001,-3.9588014854543));
#8063=CARTESIAN_POINT('',(8.03462790216138,1.11022302462516E-15,-3.9588014854543));
#8064=CARTESIAN_POINT('',(8.20962790216137,0.200000000000001,-4.23151928832019));
#8065=CARTESIAN_POINT('Origin',(8.33462790216138,0.200000000000001,-3.9588014854543));
#8066=CARTESIAN_POINT('',(8.20962790216137,1.11022302462516E-15,-4.23151928832019));
#8067=CARTESIAN_POINT('Origin',(8.03462790216138,1.11022302462516E-15,-4.73151928832019));
#8068=CARTESIAN_POINT('',(8.03462790216138,1.11022302462516E-15,0.768480711679806));
#8069=CARTESIAN_POINT('',(8.03462790216138,1.11022302462516E-15,0.768480711679806));
#8070=CARTESIAN_POINT('',(8.03462790216138,0.200000000000001,0.768480711679806));
#8071=CARTESIAN_POINT('',(8.03462790216138,1.11022302462516E-15,0.768480711679806));
#8072=CARTESIAN_POINT('',(8.03462790216138,0.200000000000001,0.768480711679806));
#8073=CARTESIAN_POINT('Origin',(8.65962790216138,1.11022302462516E-15,-1.98151928832019));
#8074=CARTESIAN_POINT('',(8.20962790216137,1.11022302462516E-15,-4.33151928832019));
#8075=CARTESIAN_POINT('',(8.20962790216137,1.11022302462516E-15,-3.10651928832019));
#8076=CARTESIAN_POINT('',(9.10962790216138,1.11022302462516E-15,-4.33151928832019));
#8077=CARTESIAN_POINT('',(8.34712790216138,1.11022302462516E-15,-4.33151928832019));
#8078=CARTESIAN_POINT('',(9.10962790216138,1.11022302462516E-15,-4.23151928832019));
#8079=CARTESIAN_POINT('',(9.10962790216138,1.11022302462516E-15,-3.35651928832019));
#8080=CARTESIAN_POINT('',(9.28462790216138,1.11022302462516E-15,-3.9588014854543));
#8081=CARTESIAN_POINT('Origin',(8.98462790216137,1.11022302462516E-15,-3.9588014854543));
#8082=CARTESIAN_POINT('',(9.28462790216138,1.11022302462516E-15,0.768480711679806));
#8083=CARTESIAN_POINT('',(9.28462790216138,1.11022302462516E-15,-4.73151928832019));
#8084=CARTESIAN_POINT('',(9.28462790216138,1.11022302462516E-15,0.768480711679806));
#8085=CARTESIAN_POINT('Origin',(8.98462790216137,1.11022302462516E-15,-3.9588014854543));
#8086=CARTESIAN_POINT('',(9.10962790216138,0.200000000000001,-4.23151928832019));
#8087=CARTESIAN_POINT('',(9.28462790216138,0.200000000000001,-3.9588014854543));
#8088=CARTESIAN_POINT('Origin',(8.98462790216137,0.200000000000001,-3.9588014854543));
#8089=CARTESIAN_POINT('',(9.28462790216138,1.11022302462516E-15,-3.9588014854543));
#8090=CARTESIAN_POINT('',(9.10962790216138,1.11022302462516E-15,-4.23151928832019));
#8091=CARTESIAN_POINT('Origin',(9.28462790216138,1.11022302462516E-15,0.768480711679806));
#8092=CARTESIAN_POINT('',(9.28462790216138,0.200000000000001,0.768480711679806));
#8093=CARTESIAN_POINT('',(9.28462790216138,0.200000000000001,-4.73151928832019));
#8094=CARTESIAN_POINT('',(9.28462790216138,1.11022302462516E-15,0.768480711679806));
#8095=CARTESIAN_POINT('Origin',(8.65962790216138,0.200000000000001,-1.98151928832019));
#8096=CARTESIAN_POINT('',(9.28462790216138,0.200000000000001,0.768480711679806));
#8097=CARTESIAN_POINT('',(9.10962790216138,0.200000000000001,-4.33151928832019));
#8098=CARTESIAN_POINT('',(9.10962790216138,0.200000000000001,-3.35651928832019));
#8099=CARTESIAN_POINT('',(8.20962790216137,0.200000000000001,-4.33151928832019));
#8100=CARTESIAN_POINT('',(8.34712790216138,0.200000000000001,-4.33151928832019));
#8101=CARTESIAN_POINT('',(8.20962790216137,0.200000000000001,-3.10651928832019));
#8102=CARTESIAN_POINT('Origin',(8.65962790216138,-0.199999999999999,-4.33151928832019));
#8103=CARTESIAN_POINT('',(8.65962790216138,-0.199999999999999,-4.73151928832019));
#8104=CARTESIAN_POINT('Origin',(8.20962790216137,-0.199999999999999,-4.33151928832019));
#8105=CARTESIAN_POINT('Origin',(9.10962790216138,-0.199999999999999,-4.33151928832019));
#8106=CARTESIAN_POINT('Origin',(8.20962790216137,-0.199999999999999,-4.53151928832019));
#8107=CARTESIAN_POINT('Origin',(8.20962790216138,-0.199999999999999,-4.33151928832019));
#8108=CARTESIAN_POINT('',(8.20962790216137,1.11022302462516E-15,-4.33151928832019));
#8109=CARTESIAN_POINT('Origin',(9.10962790216138,-0.199999999999999,-4.7315192883202));
#8110=CARTESIAN_POINT('',(9.10962790216138,1.11022302462516E-15,-4.33151928832019));
#8111=CARTESIAN_POINT('Origin',(9.10962790216138,-0.199999999999999,-4.33151928832019));
#8112=CARTESIAN_POINT('Origin',(9.10962790216138,-3.3,-4.5315192883202));
#8113=CARTESIAN_POINT('',(8.20962790216137,-3.3,-4.7315192883202));
#8114=CARTESIAN_POINT('Origin',(8.65962790216138,-0.199999999999999,-4.33151928832019));
#8115=CARTESIAN_POINT('Origin',(8.65962790216138,-1.52380532894153,-4.7315192883202));
#8116=CARTESIAN_POINT('Origin',(9.10962790216137,1.11022302462516E-15,-4.73151928832019));
#8117=CARTESIAN_POINT('Origin',(8.20962790216137,1.11022302462516E-15,-4.23151928832019));
#8118=CARTESIAN_POINT('Origin',(8.03462790216138,1.11022302462516E-15,0.768480711679806));
#8119=CARTESIAN_POINT('',(-8.88178419700125E-15,-6.98008016008262,4.74926257507682));
#8120=CARTESIAN_POINT('',(-2.22044604925031E-15,-12.3800801600826,4.74926257507682));
#8121=CARTESIAN_POINT('',(-6.66000000000001,-1.13008016008262,3.74926257507681));
#8122=CARTESIAN_POINT('',(-6.66000000000001,-3.63008016008262,1.24926257507681));
#8123=CARTESIAN_POINT('',(-8.66000000000001,-1.13008016008262,3.74926257507681));
#8124=CARTESIAN_POINT('',(-10.66,-1.13008016008262,3.74926257507682));
#8125=CARTESIAN_POINT('',(-8.66000000000001,-3.63008016008262,1.24926257507681));
#8126=CARTESIAN_POINT('',(-10.66,-3.63008016008262,1.24926257507681));
#8127=UNCERTAINTY_MEASURE_WITH_UNIT(LENGTH_MEASURE(0.01),#8139,
'DISTANCE_ACCURACY_VALUE',
'Maximum model space distance between geometric entities at asserted c
onnectivities');
#8128=UNCERTAINTY_MEASURE_WITH_UNIT(LENGTH_MEASURE(0.01),#8139,
'DISTANCE_ACCURACY_VALUE',
'Maximum model space distance between geometric entities at asserted c
onnectivities');
#8129=UNCERTAINTY_MEASURE_WITH_UNIT(LENGTH_MEASURE(0.01),#8139,
'DISTANCE_ACCURACY_VALUE',
'Maximum model space distance between geometric entities at asserted c
onnectivities');
#8130=UNCERTAINTY_MEASURE_WITH_UNIT(LENGTH_MEASURE(0.01),#8139,
'DISTANCE_ACCURACY_VALUE',
'Maximum model space distance between geometric entities at asserted c
onnectivities');
#8131=UNCERTAINTY_MEASURE_WITH_UNIT(LENGTH_MEASURE(0.01),#8139,
'DISTANCE_ACCURACY_VALUE',
'Maximum model space distance between geometric entities at asserted c
onnectivities');
#8132=UNCERTAINTY_MEASURE_WITH_UNIT(LENGTH_MEASURE(0.01),#8139,
'DISTANCE_ACCURACY_VALUE',
'Maximum model space distance between geometric entities at asserted c
onnectivities');
#8133=(
GEOMETRIC_REPRESENTATION_CONTEXT(3)
GLOBAL_UNCERTAINTY_ASSIGNED_CONTEXT((#8127))
GLOBAL_UNIT_ASSIGNED_CONTEXT((#8139,#8141,#8142))
REPRESENTATION_CONTEXT('','3D')
);
#8134=(
GEOMETRIC_REPRESENTATION_CONTEXT(3)
GLOBAL_UNCERTAINTY_ASSIGNED_CONTEXT((#8128))
GLOBAL_UNIT_ASSIGNED_CONTEXT((#8139,#8141,#8142))
REPRESENTATION_CONTEXT('','3D')
);
#8135=(
GEOMETRIC_REPRESENTATION_CONTEXT(3)
GLOBAL_UNCERTAINTY_ASSIGNED_CONTEXT((#8129))
GLOBAL_UNIT_ASSIGNED_CONTEXT((#8139,#8141,#8142))
REPRESENTATION_CONTEXT('','3D')
);
#8136=(
GEOMETRIC_REPRESENTATION_CONTEXT(3)
GLOBAL_UNCERTAINTY_ASSIGNED_CONTEXT((#8130))
GLOBAL_UNIT_ASSIGNED_CONTEXT((#8139,#8141,#8142))
REPRESENTATION_CONTEXT('','3D')
);
#8137=(
GEOMETRIC_REPRESENTATION_CONTEXT(3)
GLOBAL_UNCERTAINTY_ASSIGNED_CONTEXT((#8131))
GLOBAL_UNIT_ASSIGNED_CONTEXT((#8139,#8141,#8142))
REPRESENTATION_CONTEXT('','3D')
);
#8138=(
GEOMETRIC_REPRESENTATION_CONTEXT(3)
GLOBAL_UNCERTAINTY_ASSIGNED_CONTEXT((#8132))
GLOBAL_UNIT_ASSIGNED_CONTEXT((#8139,#8141,#8142))
REPRESENTATION_CONTEXT('','3D')
);
#8139=(
LENGTH_UNIT()
NAMED_UNIT(*)
SI_UNIT(.MILLI.,.METRE.)
);
#8140=(
LENGTH_UNIT()
NAMED_UNIT(*)
SI_UNIT($,.METRE.)
);
#8141=(
NAMED_UNIT(*)
PLANE_ANGLE_UNIT()
SI_UNIT($,.RADIAN.)
);
#8142=(
NAMED_UNIT(*)
SI_UNIT($,.STERADIAN.)
SOLID_ANGLE_UNIT()
);
#8143=SHAPE_DEFINITION_REPRESENTATION(#8148,#8161);
#8144=SHAPE_DEFINITION_REPRESENTATION(#8149,#8162);
#8145=SHAPE_DEFINITION_REPRESENTATION(#8150,#8163);
#8146=SHAPE_DEFINITION_REPRESENTATION(#8151,#8164);
#8147=SHAPE_DEFINITION_REPRESENTATION(#8152,#8165);
#8148=PRODUCT_DEFINITION_SHAPE('',$,#8167);
#8149=PRODUCT_DEFINITION_SHAPE('',$,#8168);
#8150=PRODUCT_DEFINITION_SHAPE('',$,#8169);
#8151=PRODUCT_DEFINITION_SHAPE('',$,#8170);
#8152=PRODUCT_DEFINITION_SHAPE('',$,#8171);
#8153=PRODUCT_DEFINITION_SHAPE($,$,#35);
#8154=PRODUCT_DEFINITION_SHAPE($,$,#36);
#8155=PRODUCT_DEFINITION_SHAPE($,$,#37);
#8156=PRODUCT_DEFINITION_SHAPE($,$,#38);
#8157=PRODUCT_DEFINITION_SHAPE($,$,#39);
#8158=PRODUCT_DEFINITION_SHAPE($,$,#40);
#8159=PRODUCT_DEFINITION_SHAPE($,$,#41);
#8160=PRODUCT_DEFINITION_SHAPE($,$,#42);
#8161=SHAPE_REPRESENTATION('',(#4831,#5306,#5307,#5308,#5309,#5310,#5311,
#5312,#5313),#8133);
#8162=SHAPE_REPRESENTATION('',(#4832),#8134);
#8163=SHAPE_REPRESENTATION('',(#5009),#8135);
#8164=SHAPE_REPRESENTATION('',(#5240),#8136);
#8165=SHAPE_REPRESENTATION('',(#5273),#8137);
#8166=PRODUCT_DEFINITION_CONTEXT('part definition',#8183,'design');
#8167=PRODUCT_DEFINITION('GBA Link Port Connector (Male)',
'GBA_Link_Port_Male v2',#8172,#8166);
#8168=PRODUCT_DEFINITION('Shell','Shell',#8173,#8166);
#8169=PRODUCT_DEFINITION('Plastic Insert','Plastic Insert',#8174,#8166);
#8170=PRODUCT_DEFINITION('Pin Long','Pin Long',#8175,#8166);
#8171=PRODUCT_DEFINITION('Pin Short','Pin Short',#8176,#8166);
#8172=PRODUCT_DEFINITION_FORMATION('',$,#8185);
#8173=PRODUCT_DEFINITION_FORMATION('',$,#8186);
#8174=PRODUCT_DEFINITION_FORMATION('',$,#8187);
#8175=PRODUCT_DEFINITION_FORMATION('',$,#8188);
#8176=PRODUCT_DEFINITION_FORMATION('',$,#8189);
#8177=PRODUCT_RELATED_PRODUCT_CATEGORY('GBA_Link_Port_Male v2',
'GBA_Link_Port_Male v2',(#8185));
#8178=PRODUCT_RELATED_PRODUCT_CATEGORY('Shell','Shell',(#8186));
#8179=PRODUCT_RELATED_PRODUCT_CATEGORY('Plastic Insert',
'Plastic Insert',(#8187));
#8180=PRODUCT_RELATED_PRODUCT_CATEGORY('Pin Long','Pin Long',(#8188));
#8181=PRODUCT_RELATED_PRODUCT_CATEGORY('Pin Short','Pin Short',(#8189));
#8182=APPLICATION_PROTOCOL_DEFINITION('international standard',
'automotive_design',2009,#8183);
#8183=APPLICATION_CONTEXT(
'Core Data for Automotive Mechanical Design Process');
#8184=PRODUCT_CONTEXT('part definition',#8183,'mechanical');
#8185=PRODUCT('GBA Link Port Connector (Male)','GBA_Link_Port_Male v2',
$,(#8184));
#8186=PRODUCT('Shell','Shell',$,(#8184));
#8187=PRODUCT('Plastic Insert','Plastic Insert',$,(#8184));
#8188=PRODUCT('Pin Long','Pin Long',$,(#8184));
#8189=PRODUCT('Pin Short','Pin Short',$,(#8184));
#8190=PRESENTATION_STYLE_ASSIGNMENT((#8194));
#8191=PRESENTATION_STYLE_ASSIGNMENT((#8195));
#8192=PRESENTATION_STYLE_ASSIGNMENT((#8196));
#8193=PRESENTATION_STYLE_ASSIGNMENT((#8197));
#8194=SURFACE_STYLE_USAGE(.BOTH.,#8198);
#8195=SURFACE_STYLE_USAGE(.BOTH.,#8199);
#8196=SURFACE_STYLE_USAGE(.BOTH.,#8200);
#8197=SURFACE_STYLE_USAGE(.BOTH.,#8201);
#8198=SURFACE_SIDE_STYLE('',(#8202));
#8199=SURFACE_SIDE_STYLE('',(#8203));
#8200=SURFACE_SIDE_STYLE('',(#8204));
#8201=SURFACE_SIDE_STYLE('',(#8205));
#8202=SURFACE_STYLE_FILL_AREA(#8206);
#8203=SURFACE_STYLE_FILL_AREA(#8207);
#8204=SURFACE_STYLE_FILL_AREA(#8208);
#8205=SURFACE_STYLE_FILL_AREA(#8209);
#8206=FILL_AREA_STYLE('Steel - Satin',(#8210));
#8207=FILL_AREA_STYLE('Opaque(160,160,160)',(#8211));
#8208=FILL_AREA_STYLE('Opaque(25,25,25)',(#8212));
#8209=FILL_AREA_STYLE('Opaque(203,203,203)',(#8213));
#8210=FILL_AREA_STYLE_COLOUR('Steel - Satin',#8214);
#8211=FILL_AREA_STYLE_COLOUR('Opaque(160,160,160)',#8215);
#8212=FILL_AREA_STYLE_COLOUR('Opaque(25,25,25)',#8216);
#8213=FILL_AREA_STYLE_COLOUR('Opaque(203,203,203)',#8217);
#8214=COLOUR_RGB('Steel - Satin',0.627450980392157,0.627450980392157,0.627450980392157);
#8215=COLOUR_RGB('Opaque(160,160,160)',0.627450980392157,0.627450980392157,
0.627450980392157);
#8216=COLOUR_RGB('Opaque(25,25,25)',0.0980392156862745,0.0980392156862745,
0.0980392156862745);
#8217=COLOUR_RGB('Opaque(203,203,203)',0.796078431372549,0.796078431372549,
0.796078431372549);
ENDSEC;
END-ISO-10303-21;
