ISO-10303-21;
HEADER;
FILE_DESCRIPTION((''),'2;1');
FILE_NAME('OS-103011MS8QP1_SW0001_PRT','2015-04-06T',('jtrepler'),(''),
'PRO/ENGINEER BY PARAMETRIC TECHNOLOGY CORPORATION, 2011410',
'PRO/ENGINEER BY PARAMETRIC TECHNOLOGY CORPORATION, 2011410','');
FILE_SCHEMA(('AUTOMOTIVE_DESIGN_CC2 { 1 2 10303 214 -1 1 5 2 }'));
ENDSEC;
DATA;
#34=CARTESIAN_POINT('',(2.480314960630E-1,-1.692913385827E-1,
-3.307129503366E-2));
#35=DIRECTION('',(1.E0,0.E0,0.E0));
#36=DIRECTION('',(0.E0,0.E0,-1.E0));
#37=AXIS2_PLACEMENT_3D('',#34,#35,#36);
#39=DIRECTION('',(0.E0,-3.893058771541E-13,1.E0));
#40=VECTOR('',#39,7.129503365972E-5);
#41=CARTESIAN_POINT('',(2.480314960630E-1,-1.692913385827E-1,
-1.807129503366E-2));
#42=LINE('',#41,#40);
#43=DIRECTION('',(0.E0,9.952694819191E-1,9.715275786381E-2));
#44=VECTOR('',#43,5.640737146493E-2);
#45=CARTESIAN_POINT('',(2.480314960630E-1,-2.254318739570E-1,
-2.348013170167E-2));
#46=LINE('',#45,#44);
#47=CARTESIAN_POINT('',(2.480314960630E-1,-2.283464566929E-1,
6.377952755906E-3));
#48=DIRECTION('',(1.E0,0.E0,0.E0));
#49=DIRECTION('',(0.E0,-3.043458825696E-1,-9.525615905352E-1));
#50=AXIS2_PLACEMENT_3D('',#47,#48,#49);
#52=DIRECTION('',(0.E0,9.525615905352E-1,-3.043458825696E-1));
#53=VECTOR('',#52,3.538130952458E-2);
#54=CARTESIAN_POINT('',(2.480314960630E-1,-2.711797096460E-1,
-1.143073908642E-2));
#55=LINE('',#54,#53);
#56=CARTESIAN_POINT('',(2.480314960630E-1,-2.675275590551E-1,0.E0));
#57=DIRECTION('',(1.E0,0.E0,0.E0));
#58=DIRECTION('',(0.E0,-3.043458825696E-1,9.525615905352E-1));
#59=AXIS2_PLACEMENT_3D('',#56,#57,#58);
#61=DIRECTION('',(0.E0,-9.525615905352E-1,-3.043458825696E-1));
#62=VECTOR('',#61,3.538130952458E-2);
#63=CARTESIAN_POINT('',(2.480314960630E-1,-2.374768331700E-1,
2.219889496015E-2));
#64=LINE('',#63,#62);
#65=CARTESIAN_POINT('',(2.480314960630E-1,-2.283464566929E-1,
-6.377952755906E-3));
#66=DIRECTION('',(1.E0,0.E0,0.E0));
#67=DIRECTION('',(0.E0,9.715275786381E-2,9.952694819191E-1));
#68=AXIS2_PLACEMENT_3D('',#65,#66,#67);
#70=DIRECTION('',(0.E0,-9.952694819191E-1,9.715275786381E-2));
#71=VECTOR('',#70,5.640737146493E-2);
#72=CARTESIAN_POINT('',(2.480314960630E-1,-1.692913385827E-1,1.8E-2));
#73=LINE('',#72,#71);
#74=DIRECTION('',(0.E0,0.E0,1.E0));
#75=VECTOR('',#74,7.129503365974E-5);
#76=CARTESIAN_POINT('',(2.480314960630E-1,-1.692913385827E-1,1.8E-2));
#77=LINE('',#76,#75);
#78=CARTESIAN_POINT('',(2.480314960630E-1,-1.692913385827E-1,
3.307129503366E-2));
#79=DIRECTION('',(1.E0,0.E0,0.E0));
#80=DIRECTION('',(0.E0,0.E0,-1.E0));
#81=AXIS2_PLACEMENT_3D('',#78,#79,#80);
#83=DIRECTION('',(0.E0,0.E0,1.E0));
#84=VECTOR('',#83,3.657437425768E-2);
#85=CARTESIAN_POINT('',(2.480314960630E-1,-1.692913385827E-1,
4.807129503366E-2));
#86=LINE('',#85,#84);
#87=DIRECTION('',(0.E0,0.E0,-1.E0));
#88=VECTOR('',#87,2.850393700787E-2);
#89=CARTESIAN_POINT('',(2.480314960630E-1,-1.574803149606E-2,
8.464566929134E-2));
#90=LINE('',#89,#88);
#91=DIRECTION('',(0.E0,-1.E0,0.E0));
#92=VECTOR('',#91,1.349606299213E-2);
#93=CARTESIAN_POINT('',(2.480314960630E-1,-2.251968503937E-3,
5.614173228346E-2));
#94=LINE('',#93,#92);
#95=DIRECTION('',(0.E0,-1.E0,0.E0));
#96=VECTOR('',#95,1.349606299213E-2);
#97=CARTESIAN_POINT('',(2.480314960630E-1,-2.251968503937E-3,
-5.614173228346E-2));
#98=LINE('',#97,#96);
#99=DIRECTION('',(0.E0,0.E0,1.E0));
#100=VECTOR('',#99,2.850393700787E-2);
#101=CARTESIAN_POINT('',(2.480314960630E-1,-1.574803149606E-2,
-8.464566929134E-2));
#102=LINE('',#101,#100);
#103=DIRECTION('',(0.E0,0.E0,1.E0));
#104=VECTOR('',#103,3.657437425768E-2);
#105=CARTESIAN_POINT('',(2.480314960630E-1,-1.692913385827E-1,
-8.464566929134E-2));
#106=LINE('',#105,#104);
#107=DIRECTION('',(-1.E0,0.E0,0.E0));
#108=VECTOR('',#107,1.574803149606E-2);
#109=CARTESIAN_POINT('',(2.480314960630E-1,-1.692913385827E-1,
-4.807129503366E-2));
#110=LINE('',#109,#108);
#111=DIRECTION('',(-1.E0,0.E0,0.E0));
#112=VECTOR('',#111,1.574803149606E-2);
#113=CARTESIAN_POINT('',(2.480314960630E-1,-1.692913385827E-1,
-8.464566929134E-2));
#114=LINE('',#113,#112);
#115=DIRECTION('',(-1.E0,0.E0,0.E0));
#116=VECTOR('',#115,1.574803149606E-2);
#117=CARTESIAN_POINT('',(2.480314960630E-1,-1.574803149606E-2,
-8.464566929134E-2));
#118=LINE('',#117,#116);
#119=DIRECTION('',(0.E0,1.E0,0.E0));
#120=VECTOR('',#119,1.535433070866E-1);
#121=CARTESIAN_POINT('',(2.322834645669E-1,-1.692913385827E-1,
-8.464566929134E-2));
#122=LINE('',#121,#120);
#123=DIRECTION('',(0.E0,1.E0,0.E0));
#124=VECTOR('',#123,1.535433070866E-1);
#125=CARTESIAN_POINT('',(2.480314960630E-1,-1.692913385827E-1,
-8.464566929134E-2));
#126=LINE('',#125,#124);
#127=DIRECTION('',(-1.E0,0.E0,0.E0));
#128=VECTOR('',#127,1.574803149606E-2);
#129=CARTESIAN_POINT('',(2.480314960630E-1,-1.574803149606E-2,
-5.614173228346E-2));
#130=LINE('',#129,#128);
#131=DIRECTION('',(-1.E0,0.E0,0.E0));
#132=VECTOR('',#131,1.574803149606E-2);
#133=CARTESIAN_POINT('',(2.480314960630E-1,-2.251968503937E-3,
-5.614173228346E-2));
#134=LINE('',#133,#132);
#135=DIRECTION('',(0.E0,-1.E0,0.E0));
#136=VECTOR('',#135,1.574803149606E-2);
#137=CARTESIAN_POINT('',(2.300314960630E-1,1.574803149606E-2,
-5.614173228346E-2));
#138=LINE('',#137,#136);
#139=CARTESIAN_POINT('',(2.300314960630E-1,-2.251968503937E-3,
5.614173228346E-2));
#140=DIRECTION('',(0.E0,0.E0,1.E0));
#141=DIRECTION('',(1.E0,0.E0,0.E0));
#142=AXIS2_PLACEMENT_3D('',#139,#140,#141);
#144=CARTESIAN_POINT('',(2.300314960630E-1,-2.251968503937E-3,
-5.614173228346E-2));
#145=DIRECTION('',(0.E0,0.E0,1.E0));
#146=DIRECTION('',(1.E0,0.E0,0.E0));
#147=AXIS2_PLACEMENT_3D('',#144,#145,#146);
#149=DIRECTION('',(0.E0,0.E0,1.E0));
#150=VECTOR('',#149,1.122834645669E-1);
#151=CARTESIAN_POINT('',(2.480314960630E-1,-2.251968503937E-3,
-5.614173228346E-2));
#152=LINE('',#151,#150);
#153=DIRECTION('',(-1.E0,0.E0,0.E0));
#154=VECTOR('',#153,1.574803149606E-2);
#155=CARTESIAN_POINT('',(2.480314960630E-1,-2.251968503937E-3,
5.614173228346E-2));
#156=LINE('',#155,#154);
#157=DIRECTION('',(-1.E0,0.E0,0.E0));
#158=VECTOR('',#157,1.574803149606E-2);
#159=CARTESIAN_POINT('',(2.480314960630E-1,-1.574803149606E-2,
5.614173228346E-2));
#160=LINE('',#159,#158);
#161=DIRECTION('',(-1.E0,0.E0,0.E0));
#162=VECTOR('',#161,1.574803149606E-2);
#163=CARTESIAN_POINT('',(2.480314960630E-1,-1.574803149606E-2,
8.464566929134E-2));
#164=LINE('',#163,#162);
#165=DIRECTION('',(0.E0,1.E0,0.E0));
#166=VECTOR('',#165,1.535433070866E-1);
#167=CARTESIAN_POINT('',(2.480314960630E-1,-1.692913385827E-1,
8.464566929134E-2));
#168=LINE('',#167,#166);
#169=DIRECTION('',(-1.E0,0.E0,0.E0));
#170=VECTOR('',#169,1.574803149606E-2);
#171=CARTESIAN_POINT('',(2.480314960630E-1,-1.692913385827E-1,
8.464566929134E-2));
#172=LINE('',#171,#170);
#173=DIRECTION('',(0.E0,1.E0,0.E0));
#174=VECTOR('',#173,1.535433070866E-1);
#175=CARTESIAN_POINT('',(2.322834645669E-1,-1.692913385827E-1,
8.464566929134E-2));
#176=LINE('',#175,#174);
#177=DIRECTION('',(-1.E0,0.E0,0.E0));
#178=VECTOR('',#177,1.574803149606E-2);
#179=CARTESIAN_POINT('',(2.480314960630E-1,-1.692913385827E-1,
4.807129503366E-2));
#180=LINE('',#179,#178);
#181=DIRECTION('',(-1.E0,0.E0,0.E0));
#182=VECTOR('',#181,1.574803149606E-2);
#183=CARTESIAN_POINT('',(2.480314960630E-1,-1.692913385827E-1,
1.807129503366E-2));
#184=LINE('',#183,#182);
#185=DIRECTION('',(-1.E0,0.E0,0.E0));
#186=VECTOR('',#185,1.574803149606E-2);
#187=CARTESIAN_POINT('',(2.480314960630E-1,-1.692913385827E-1,1.8E-2));
#188=LINE('',#187,#186);
#189=DIRECTION('',(-1.E0,0.E0,0.E0));
#190=VECTOR('',#189,1.574803149606E-2);
#191=CARTESIAN_POINT('',(2.480314960630E-1,-2.254318739570E-1,
2.348013170167E-2));
#192=LINE('',#191,#190);
#193=DIRECTION('',(-1.E0,0.E0,0.E0));
#194=VECTOR('',#193,1.574803149606E-2);
#195=CARTESIAN_POINT('',(2.480314960630E-1,-2.374768331700E-1,
2.219889496015E-2));
#196=LINE('',#195,#194);
#197=DIRECTION('',(-1.E0,0.E0,0.E0));
#198=VECTOR('',#197,1.574803149606E-2);
#199=CARTESIAN_POINT('',(2.480314960630E-1,-2.711797096460E-1,
1.143073908642E-2));
#200=LINE('',#199,#198);
#201=DIRECTION('',(-1.E0,0.E0,0.E0));
#202=VECTOR('',#201,1.574803149606E-2);
#203=CARTESIAN_POINT('',(2.480314960630E-1,-2.711797096460E-1,
-1.143073908642E-2));
#204=LINE('',#203,#202);
#205=DIRECTION('',(-1.E0,0.E0,0.E0));
#206=VECTOR('',#205,1.574803149606E-2);
#207=CARTESIAN_POINT('',(2.480314960630E-1,-2.374768331700E-1,
-2.219889496015E-2));
#208=LINE('',#207,#206);
#209=DIRECTION('',(-1.E0,0.E0,0.E0));
#210=VECTOR('',#209,1.574803149606E-2);
#211=CARTESIAN_POINT('',(2.480314960630E-1,-2.254318739570E-1,
-2.348013170167E-2));
#212=LINE('',#211,#210);
#213=DIRECTION('',(-1.E0,0.E0,0.E0));
#214=VECTOR('',#213,1.574803149606E-2);
#215=CARTESIAN_POINT('',(2.480314960630E-1,-1.692913385827E-1,-1.8E-2));
#216=LINE('',#215,#214);
#217=DIRECTION('',(-1.E0,0.E0,0.E0));
#218=VECTOR('',#217,1.574803149606E-2);
#219=CARTESIAN_POINT('',(2.480314960630E-1,-1.692913385827E-1,
-1.807129503366E-2));
#220=LINE('',#219,#218);
#221=CARTESIAN_POINT('',(2.322834645669E-1,-1.692913385827E-1,
-3.307129503366E-2));
#222=DIRECTION('',(1.E0,0.E0,0.E0));
#223=DIRECTION('',(0.E0,0.E0,-1.E0));
#224=AXIS2_PLACEMENT_3D('',#221,#222,#223);
#226=DIRECTION('',(0.E0,0.E0,1.E0));
#227=VECTOR('',#226,3.657437425768E-2);
#228=CARTESIAN_POINT('',(2.322834645669E-1,-1.692913385827E-1,
-8.464566929134E-2));
#229=LINE('',#228,#227);
#230=DIRECTION('',(0.E0,0.E0,1.E0));
#231=VECTOR('',#230,2.850393700787E-2);
#232=CARTESIAN_POINT('',(2.322834645669E-1,-1.574803149606E-2,
-8.464566929134E-2));
#233=LINE('',#232,#231);
#234=DIRECTION('',(0.E0,-1.E0,0.E0));
#235=VECTOR('',#234,1.349606299213E-2);
#236=CARTESIAN_POINT('',(2.322834645669E-1,-2.251968503937E-3,
-5.614173228346E-2));
#237=LINE('',#236,#235);
#238=DIRECTION('',(0.E0,-1.E0,0.E0));
#239=VECTOR('',#238,1.349606299213E-2);
#240=CARTESIAN_POINT('',(2.322834645669E-1,-2.251968503937E-3,
5.614173228346E-2));
#241=LINE('',#240,#239);
#242=DIRECTION('',(0.E0,0.E0,-1.E0));
#243=VECTOR('',#242,2.850393700787E-2);
#244=CARTESIAN_POINT('',(2.322834645669E-1,-1.574803149606E-2,
8.464566929134E-2));
#245=LINE('',#244,#243);
#246=DIRECTION('',(0.E0,0.E0,1.E0));
#247=VECTOR('',#246,3.657437425768E-2);
#248=CARTESIAN_POINT('',(2.322834645669E-1,-1.692913385827E-1,
4.807129503366E-2));
#249=LINE('',#248,#247);
#250=CARTESIAN_POINT('',(2.322834645669E-1,-1.692913385827E-1,
3.307129503366E-2));
#251=DIRECTION('',(1.E0,0.E0,0.E0));
#252=DIRECTION('',(0.E0,0.E0,-1.E0));
#253=AXIS2_PLACEMENT_3D('',#250,#251,#252);
#255=DIRECTION('',(0.E0,0.E0,1.E0));
#256=VECTOR('',#255,7.129503365974E-5);
#257=CARTESIAN_POINT('',(2.322834645669E-1,-1.692913385827E-1,1.8E-2));
#258=LINE('',#257,#256);
#259=DIRECTION('',(0.E0,-9.952694819191E-1,9.715275786381E-2));
#260=VECTOR('',#259,5.640737146493E-2);
#261=CARTESIAN_POINT('',(2.322834645669E-1,-1.692913385827E-1,1.8E-2));
#262=LINE('',#261,#260);
#263=CARTESIAN_POINT('',(2.322834645669E-1,-2.283464566929E-1,
-6.377952755906E-3));
#264=DIRECTION('',(1.E0,0.E0,0.E0));
#265=DIRECTION('',(0.E0,9.715275786381E-2,9.952694819191E-1));
#266=AXIS2_PLACEMENT_3D('',#263,#264,#265);
#268=DIRECTION('',(0.E0,-9.525615905352E-1,-3.043458825696E-1));
#269=VECTOR('',#268,3.538130952458E-2);
#270=CARTESIAN_POINT('',(2.322834645669E-1,-2.374768331700E-1,
2.219889496015E-2));
#271=LINE('',#270,#269);
#272=CARTESIAN_POINT('',(2.322834645669E-1,-2.675275590551E-1,0.E0));
#273=DIRECTION('',(1.E0,0.E0,0.E0));
#274=DIRECTION('',(0.E0,-3.043458825696E-1,9.525615905352E-1));
#275=AXIS2_PLACEMENT_3D('',#272,#273,#274);
#277=DIRECTION('',(0.E0,9.525615905352E-1,-3.043458825696E-1));
#278=VECTOR('',#277,3.538130952458E-2);
#279=CARTESIAN_POINT('',(2.322834645669E-1,-2.711797096460E-1,
-1.143073908642E-2));
#280=LINE('',#279,#278);
#281=CARTESIAN_POINT('',(2.322834645669E-1,-2.283464566929E-1,
6.377952755906E-3));
#282=DIRECTION('',(1.E0,0.E0,0.E0));
#283=DIRECTION('',(0.E0,-3.043458825696E-1,-9.525615905352E-1));
#284=AXIS2_PLACEMENT_3D('',#281,#282,#283);
#286=DIRECTION('',(0.E0,9.952694819191E-1,9.715275786381E-2));
#287=VECTOR('',#286,5.640737146493E-2);
#288=CARTESIAN_POINT('',(2.322834645669E-1,-2.254318739570E-1,
-2.348013170167E-2));
#289=LINE('',#288,#287);
#290=DIRECTION('',(0.E0,0.E0,1.E0));
#291=VECTOR('',#290,7.129503365972E-5);
#292=CARTESIAN_POINT('',(2.322834645669E-1,-1.692913385827E-1,
-1.807129503366E-2));
#293=LINE('',#292,#291);
#294=CARTESIAN_POINT('',(2.300314960630E-1,-2.251968503937E-3,
5.614173228346E-2));
#295=DIRECTION('',(0.E0,0.E0,1.E0));
#296=DIRECTION('',(1.E0,0.E0,0.E0));
#297=AXIS2_PLACEMENT_3D('',#294,#295,#296);
#299=DIRECTION('',(0.E0,0.E0,1.E0));
#300=VECTOR('',#299,1.122834645669E-1);
#301=CARTESIAN_POINT('',(2.322834645669E-1,-2.251968503937E-3,
-5.614173228346E-2));
#302=LINE('',#301,#300);
#303=CARTESIAN_POINT('',(2.300314960630E-1,-2.251968503937E-3,
-5.614173228346E-2));
#304=DIRECTION('',(0.E0,0.E0,1.E0));
#305=DIRECTION('',(1.E0,0.E0,0.E0));
#306=AXIS2_PLACEMENT_3D('',#303,#304,#305);
#308=DIRECTION('',(-1.E0,0.E0,0.E0));
#309=VECTOR('',#308,4.600629921260E-1);
#310=CARTESIAN_POINT('',(2.300314960630E-1,0.E0,6.889763779528E-2));
#311=LINE('',#310,#309);
#312=DIRECTION('',(0.E0,0.E0,1.E0));
#313=VECTOR('',#312,1.275590551181E-2);
#314=CARTESIAN_POINT('',(2.300314960630E-1,0.E0,5.614173228346E-2));
#315=LINE('',#314,#313);
#316=DIRECTION('',(0.E0,0.E0,1.E0));
#317=VECTOR('',#316,1.122834645669E-1);
#318=CARTESIAN_POINT('',(2.300314960630E-1,0.E0,-5.614173228346E-2));
#319=LINE('',#318,#317);
#320=DIRECTION('',(0.E0,0.E0,1.E0));
#321=VECTOR('',#320,1.275590551181E-2);
#322=CARTESIAN_POINT('',(2.300314960630E-1,0.E0,-6.889763779528E-2));
#323=LINE('',#322,#321);
#324=DIRECTION('',(0.E0,0.E0,1.E0));
#325=VECTOR('',#324,1.275590551181E-2);
#326=CARTESIAN_POINT('',(-2.300314960630E-1,0.E0,-6.889763779528E-2));
#327=LINE('',#326,#325);
#328=DIRECTION('',(0.E0,0.E0,1.E0));
#329=VECTOR('',#328,1.275590551181E-2);
#330=CARTESIAN_POINT('',(-2.300314960630E-1,0.E0,5.614173228346E-2));
#331=LINE('',#330,#329);
#332=DIRECTION('',(1.E0,0.E0,0.E0));
#333=VECTOR('',#332,2.992125984252E-1);
#334=CARTESIAN_POINT('',(-7.086614173228E-2,0.E0,-5.905511811024E-2));
#335=LINE('',#334,#333);
#336=DIRECTION('',(0.E0,0.E0,1.E0));
#337=VECTOR('',#336,1.181102362205E-1);
#338=CARTESIAN_POINT('',(2.283464566929E-1,0.E0,-5.905511811024E-2));
#339=LINE('',#338,#337);
#340=DIRECTION('',(1.E0,0.E0,0.E0));
#341=VECTOR('',#340,2.992125984252E-1);
#342=CARTESIAN_POINT('',(-7.086614173228E-2,0.E0,5.905511811024E-2));
#343=LINE('',#342,#341);
#344=DIRECTION('',(0.E0,0.E0,1.E0));
#345=VECTOR('',#344,1.574803149606E-2);
#346=CARTESIAN_POINT('',(-7.086614173228E-2,0.E0,4.330708661417E-2));
#347=LINE('',#346,#345);
#348=DIRECTION('',(1.E0,0.E0,0.E0));
#349=VECTOR('',#348,4.921259842520E-2);
#350=CARTESIAN_POINT('',(-1.200787401575E-1,0.E0,4.330708661417E-2));
#351=LINE('',#350,#349);
#352=DIRECTION('',(0.E0,0.E0,1.E0));
#353=VECTOR('',#352,8.661417322835E-2);
#354=CARTESIAN_POINT('',(-1.200787401575E-1,0.E0,-4.330708661417E-2));
#355=LINE('',#354,#353);
#356=DIRECTION('',(-1.E0,0.E0,0.E0));
#357=VECTOR('',#356,4.921259842520E-2);
#358=CARTESIAN_POINT('',(-7.086614173228E-2,0.E0,-4.330708661417E-2));
#359=LINE('',#358,#357);
#360=DIRECTION('',(0.E0,0.E0,1.E0));
#361=VECTOR('',#360,1.574803149606E-2);
#362=CARTESIAN_POINT('',(-7.086614173228E-2,0.E0,-5.905511811024E-2));
#363=LINE('',#362,#361);
#364=DIRECTION('',(1.E0,0.E0,0.E0));
#365=VECTOR('',#364,1.102362204724E-4);
#366=CARTESIAN_POINT('',(2.299212598425E-1,-1.094488188976E-1,
6.889763779528E-2));
#367=LINE('',#366,#365);
#368=DIRECTION('',(0.E0,1.E0,0.E0));
#369=VECTOR('',#368,9.370078740157E-2);
#370=CARTESIAN_POINT('',(2.300314960630E-1,-1.094488188976E-1,
6.889763779528E-2));
#371=LINE('',#370,#369);
#372=DIRECTION('',(0.E0,-1.E0,0.E0));
#373=VECTOR('',#372,1.574803149606E-2);
#374=CARTESIAN_POINT('',(2.300314960630E-1,0.E0,6.889763779528E-2));
#375=LINE('',#374,#373);
#376=DIRECTION('',(0.E0,-1.E0,0.E0));
#377=VECTOR('',#376,1.574803149606E-2);
#378=CARTESIAN_POINT('',(-2.300314960630E-1,0.E0,6.889763779528E-2));
#379=LINE('',#378,#377);
#380=DIRECTION('',(0.E0,-1.E0,0.E0));
#381=VECTOR('',#380,9.370078740157E-2);
#382=CARTESIAN_POINT('',(-2.300314960630E-1,-1.574803149606E-2,
6.889763779528E-2));
#383=LINE('',#382,#381);
#384=DIRECTION('',(1.E0,1.258913608280E-13,0.E0));
#385=VECTOR('',#384,1.102362204724E-4);
#386=CARTESIAN_POINT('',(-2.300314960630E-1,-1.094488188976E-1,
6.889763779528E-2));
#387=LINE('',#386,#385);
#388=DIRECTION('',(-1.E0,0.E0,0.E0));
#389=VECTOR('',#388,4.094488188976E-2);
#390=CARTESIAN_POINT('',(-1.889763779528E-1,-1.094488188976E-1,
6.889763779528E-2));
#391=LINE('',#390,#389);
#392=DIRECTION('',(1.E0,0.E0,0.E0));
#393=VECTOR('',#392,1.968503937008E-3);
#394=CARTESIAN_POINT('',(-1.889763779528E-1,-1.094488188976E-1,
6.889763779528E-2));
#395=LINE('',#394,#393);
#396=DIRECTION('',(0.E0,-1.E0,0.E0));
#397=VECTOR('',#396,3.228346456693E-2);
#398=CARTESIAN_POINT('',(-1.870078740157E-1,-1.094488188976E-1,
6.889763779528E-2));
#399=LINE('',#398,#397);
#400=DIRECTION('',(-1.E0,0.E0,0.E0));
#401=VECTOR('',#400,3.25E-2);
#402=CARTESIAN_POINT('',(-1.545078740157E-1,-1.417322834646E-1,
6.889763779528E-2));
#403=LINE('',#402,#401);
#404=DIRECTION('',(0.E0,1.E0,0.E0));
#405=VECTOR('',#404,3.228346456693E-2);
#406=CARTESIAN_POINT('',(-1.545078740157E-1,-1.417322834646E-1,
6.889763779528E-2));
#407=LINE('',#406,#405);
#408=DIRECTION('',(1.E0,0.E0,0.E0));
#409=VECTOR('',#408,2.933070866142E-3);
#410=CARTESIAN_POINT('',(-1.545078740157E-1,-1.094488188976E-1,
6.889763779528E-2));
#411=LINE('',#410,#409);
#412=DIRECTION('',(-1.E0,0.E0,0.E0));
#413=VECTOR('',#412,3.031496062992E-1);
#414=CARTESIAN_POINT('',(1.515748031496E-1,-1.094488188976E-1,
6.889763779528E-2));
#415=LINE('',#414,#413);
#416=DIRECTION('',(1.E0,0.E0,0.E0));
#417=VECTOR('',#416,2.913385826772E-3);
#418=CARTESIAN_POINT('',(1.515748031496E-1,-1.094488188976E-1,
6.889763779528E-2));
#419=LINE('',#418,#417);
#420=DIRECTION('',(0.E0,-1.E0,0.E0));
#421=VECTOR('',#420,3.228346456693E-2);
#422=CARTESIAN_POINT('',(1.544881889764E-1,-1.094488188976E-1,
6.889763779528E-2));
#423=LINE('',#422,#421);
#424=DIRECTION('',(-1.E0,0.E0,0.E0));
#425=VECTOR('',#424,3.251968503937E-2);
#426=CARTESIAN_POINT('',(1.870078740157E-1,-1.417322834646E-1,
6.889763779528E-2));
#427=LINE('',#426,#425);
#428=DIRECTION('',(0.E0,1.E0,0.E0));
#429=VECTOR('',#428,3.228346456693E-2);
#430=CARTESIAN_POINT('',(1.870078740157E-1,-1.417322834646E-1,
6.889763779528E-2));
#431=LINE('',#430,#429);
#432=DIRECTION('',(1.E0,0.E0,0.E0));
#433=VECTOR('',#432,1.968503937008E-3);
#434=CARTESIAN_POINT('',(1.870078740157E-1,-1.094488188976E-1,
6.889763779528E-2));
#435=LINE('',#434,#433);
#436=DIRECTION('',(-1.E0,0.E0,0.E0));
#437=VECTOR('',#436,4.094488188976E-2);
#438=CARTESIAN_POINT('',(2.299212598425E-1,-1.094488188976E-1,
6.889763779528E-2));
#439=LINE('',#438,#437);
#440=DIRECTION('',(0.E0,1.E0,0.E0));
#441=VECTOR('',#440,5.039370078740E-2);
#442=CARTESIAN_POINT('',(-1.377952755906E-2,-8.385826771654E-2,
6.889763779528E-2));
#443=LINE('',#442,#441);
#444=DIRECTION('',(1.E0,0.E0,0.E0));
#445=VECTOR('',#444,2.755905511811E-2);
#446=CARTESIAN_POINT('',(-1.377952755906E-2,-3.346456692913E-2,
6.889763779528E-2));
#447=LINE('',#446,#445);
#448=DIRECTION('',(0.E0,-1.E0,0.E0));
#449=VECTOR('',#448,5.039370078740E-2);
#450=CARTESIAN_POINT('',(1.377952755906E-2,-3.346456692913E-2,
6.889763779528E-2));
#451=LINE('',#450,#449);
#452=DIRECTION('',(-1.E0,0.E0,0.E0));
#453=VECTOR('',#452,2.755905511811E-2);
#454=CARTESIAN_POINT('',(1.377952755906E-2,-8.385826771654E-2,
6.889763779528E-2));
#455=LINE('',#454,#453);
#456=DIRECTION('',(0.E0,1.E0,0.E0));
#457=VECTOR('',#456,5.039370078740E-2);
#458=CARTESIAN_POINT('',(7.086614173228E-2,-8.385826771654E-2,
6.889763779528E-2));
#459=LINE('',#458,#457);
#460=DIRECTION('',(1.E0,0.E0,0.E0));
#461=VECTOR('',#460,1.574803149606E-2);
#462=CARTESIAN_POINT('',(7.086614173228E-2,-3.346456692913E-2,
6.889763779528E-2));
#463=LINE('',#462,#461);
#464=DIRECTION('',(0.E0,-1.E0,0.E0));
#465=VECTOR('',#464,5.039370078740E-2);
#466=CARTESIAN_POINT('',(8.661417322835E-2,-3.346456692913E-2,
6.889763779528E-2));
#467=LINE('',#466,#465);
#468=DIRECTION('',(-1.E0,0.E0,0.E0));
#469=VECTOR('',#468,1.574803149606E-2);
#470=CARTESIAN_POINT('',(8.661417322835E-2,-8.385826771654E-2,
6.889763779528E-2));
#471=LINE('',#470,#469);
#472=DIRECTION('',(0.E0,1.E0,0.E0));
#473=VECTOR('',#472,5.039370078740E-2);
#474=CARTESIAN_POINT('',(-8.661417322835E-2,-8.385826771654E-2,
6.889763779528E-2));
#475=LINE('',#474,#473);
#476=DIRECTION('',(1.E0,0.E0,0.E0));
#477=VECTOR('',#476,1.574803149606E-2);
#478=CARTESIAN_POINT('',(-8.661417322835E-2,-3.346456692913E-2,
6.889763779528E-2));
#479=LINE('',#478,#477);
#480=DIRECTION('',(0.E0,-1.E0,0.E0));
#481=VECTOR('',#480,5.039370078740E-2);
#482=CARTESIAN_POINT('',(-7.086614173228E-2,-3.346456692913E-2,
6.889763779528E-2));
#483=LINE('',#482,#481);
#484=DIRECTION('',(-1.E0,0.E0,0.E0));
#485=VECTOR('',#484,1.574803149606E-2);
#486=CARTESIAN_POINT('',(-7.086614173228E-2,-8.385826771654E-2,
6.889763779528E-2));
#487=LINE('',#486,#485);
#488=DIRECTION('',(0.E0,0.E0,1.E0));
#489=VECTOR('',#488,1.574803149606E-2);
#490=CARTESIAN_POINT('',(2.299212598425E-1,-1.094488188976E-1,
6.889763779528E-2));
#491=LINE('',#490,#489);
#492=DIRECTION('',(0.E0,0.E0,-1.E0));
#493=VECTOR('',#492,1.574803149606E-2);
#494=CARTESIAN_POINT('',(2.300314960630E-1,-1.094488188976E-1,
8.464566929134E-2));
#495=LINE('',#494,#493);
#496=DIRECTION('',(0.E0,0.E0,1.E0));
#497=VECTOR('',#496,1.692913385827E-1);
#498=CARTESIAN_POINT('',(2.299212598425E-1,-1.417322834646E-1,
-8.464566929134E-2));
#499=LINE('',#498,#497);
#500=DIRECTION('',(0.E0,0.E0,-1.E0));
#501=VECTOR('',#500,3.937007874016E-3);
#502=CARTESIAN_POINT('',(1.889763779528E-1,-1.094488188976E-1,
6.889763779528E-2));
#503=LINE('',#502,#501);
#504=DIRECTION('',(-1.E0,0.E0,0.E0));
#505=VECTOR('',#504,3.740157480315E-2);
#506=CARTESIAN_POINT('',(1.889763779528E-1,-1.094488188976E-1,
6.496062992126E-2));
#507=LINE('',#506,#505);
#508=DIRECTION('',(0.E0,0.E0,-1.E0));
#509=VECTOR('',#508,3.937007874016E-3);
#510=CARTESIAN_POINT('',(1.515748031496E-1,-1.094488188976E-1,
6.889763779528E-2));
#511=LINE('',#510,#509);
#512=DIRECTION('',(0.E0,0.E0,-1.E0));
#513=VECTOR('',#512,3.937007874016E-3);
#514=CARTESIAN_POINT('',(-1.515748031496E-1,-1.094488188976E-1,
6.889763779528E-2));
#515=LINE('',#514,#513);
#516=DIRECTION('',(-1.E0,0.E0,0.E0));
#517=VECTOR('',#516,3.740157480315E-2);
#518=CARTESIAN_POINT('',(-1.515748031496E-1,-1.094488188976E-1,
6.496062992126E-2));
#519=LINE('',#518,#517);
#520=DIRECTION('',(0.E0,0.E0,-1.E0));
#521=VECTOR('',#520,3.937007874016E-3);
#522=CARTESIAN_POINT('',(-1.889763779528E-1,-1.094488188976E-1,
6.889763779528E-2));
#523=LINE('',#522,#521);
#524=DIRECTION('',(0.E0,0.E0,1.E0));
#525=VECTOR('',#524,3.937007874016E-3);
#526=CARTESIAN_POINT('',(-1.889763779528E-1,-1.094488188976E-1,
-6.889763779528E-2));
#527=LINE('',#526,#525);
#528=DIRECTION('',(1.E0,0.E0,0.E0));
#529=VECTOR('',#528,3.740157480315E-2);
#530=CARTESIAN_POINT('',(-1.889763779528E-1,-1.094488188976E-1,
-6.496062992126E-2));
#531=LINE('',#530,#529);
#532=DIRECTION('',(0.E0,0.E0,1.E0));
#533=VECTOR('',#532,3.937007874016E-3);
#534=CARTESIAN_POINT('',(-1.515748031496E-1,-1.094488188976E-1,
-6.889763779528E-2));
#535=LINE('',#534,#533);
#536=DIRECTION('',(0.E0,0.E0,1.E0));
#537=VECTOR('',#536,3.937007874016E-3);
#538=CARTESIAN_POINT('',(1.515748031496E-1,-1.094488188976E-1,
-6.889763779528E-2));
#539=LINE('',#538,#537);
#540=DIRECTION('',(1.E0,0.E0,0.E0));
#541=VECTOR('',#540,3.740157480315E-2);
#542=CARTESIAN_POINT('',(1.515748031496E-1,-1.094488188976E-1,
-6.496062992126E-2));
#543=LINE('',#542,#541);
#544=DIRECTION('',(0.E0,0.E0,1.E0));
#545=VECTOR('',#544,3.937007874016E-3);
#546=CARTESIAN_POINT('',(1.889763779528E-1,-1.094488188976E-1,
-6.889763779528E-2));
#547=LINE('',#546,#545);
#548=DIRECTION('',(0.E0,0.E0,1.E0));
#549=VECTOR('',#548,1.377952755906E-1);
#550=CARTESIAN_POINT('',(2.299212598425E-1,-1.094488188976E-1,
-6.889763779528E-2));
#551=LINE('',#550,#549);
#552=DIRECTION('',(0.E0,0.E0,1.E0));
#553=VECTOR('',#552,1.574803149606E-2);
#554=CARTESIAN_POINT('',(1.889763779528E-1,-1.094488188976E-1,
6.889763779528E-2));
#555=LINE('',#554,#553);
#556=DIRECTION('',(0.E0,0.E0,1.E0));
#557=VECTOR('',#556,1.574803149606E-2);
#558=CARTESIAN_POINT('',(1.870078740157E-1,-1.417322834646E-1,
6.889763779528E-2));
#559=LINE('',#558,#557);
#560=DIRECTION('',(0.E0,0.E0,-1.E0));
#561=VECTOR('',#560,1.574803149606E-2);
#562=CARTESIAN_POINT('',(1.870078740157E-1,-1.094488188976E-1,
8.464566929134E-2));
#563=LINE('',#562,#561);
#564=DIRECTION('',(0.E0,-1.E0,0.E0));
#565=VECTOR('',#564,1.574803149606E-2);
#566=CARTESIAN_POINT('',(1.870078740157E-1,-1.437007874016E-1,
6.692913385827E-2));
#567=LINE('',#566,#565);
#568=DIRECTION('',(0.E0,0.E0,-1.E0));
#569=VECTOR('',#568,1.923071589214E-2);
#570=CARTESIAN_POINT('',(1.544881889764E-1,-1.437007874016E-1,
6.692913385827E-2));
#571=LINE('',#570,#569);
#572=CARTESIAN_POINT('',(1.707480314961E-1,-1.437007874016E-1,
4.769841796613E-2));
#573=DIRECTION('',(0.E0,-1.E0,0.E0));
#574=DIRECTION('',(-1.E0,0.E0,0.E0));
#575=AXIS2_PLACEMENT_3D('',#572,#573,#574);
#577=DIRECTION('',(0.E0,0.E0,1.E0));
#578=VECTOR('',#577,1.923071589214E-2);
#579=CARTESIAN_POINT('',(1.870078740157E-1,-1.437007874016E-1,
4.769841796613E-2));
#580=LINE('',#579,#578);
#581=DIRECTION('',(-1.E0,0.E0,0.E0));
#582=VECTOR('',#581,3.251968503937E-2);
#583=CARTESIAN_POINT('',(1.870078740157E-1,-1.437007874016E-1,
6.692913385827E-2));
#584=LINE('',#583,#582);
#585=CARTESIAN_POINT('',(1.870078740157E-1,-1.417322834646E-1,
6.692913385827E-2));
#586=DIRECTION('',(-1.E0,0.E0,0.E0));
#587=DIRECTION('',(0.E0,-1.E0,0.E0));
#588=AXIS2_PLACEMENT_3D('',#585,#586,#587);
#590=CARTESIAN_POINT('',(1.544881889764E-1,-1.417322834646E-1,
6.692913385827E-2));
#591=DIRECTION('',(1.E0,0.E0,0.E0));
#592=DIRECTION('',(0.E0,-1.409983241274E-14,1.E0));
#593=AXIS2_PLACEMENT_3D('',#590,#591,#592);
#595=DIRECTION('',(0.E0,-1.E0,0.E0));
#596=VECTOR('',#595,1.574803149606E-2);
#597=CARTESIAN_POINT('',(1.544881889764E-1,-1.437007874016E-1,
6.692913385827E-2));
#598=LINE('',#597,#596);
#599=DIRECTION('',(0.E0,1.E0,0.E0));
#600=VECTOR('',#599,1.574803149606E-2);
#601=CARTESIAN_POINT('',(1.544881889764E-1,-1.594488188976E-1,
4.769841796613E-2));
#602=LINE('',#601,#600);
#603=DIRECTION('',(0.E0,0.E0,1.E0));
#604=VECTOR('',#603,1.923071589214E-2);
#605=CARTESIAN_POINT('',(1.870078740157E-1,-1.594488188976E-1,
4.769841796613E-2));
#606=LINE('',#605,#604);
#607=CARTESIAN_POINT('',(1.707480314961E-1,-1.594488188976E-1,
4.769841796613E-2));
#608=DIRECTION('',(0.E0,-1.E0,0.E0));
#609=DIRECTION('',(-1.E0,0.E0,0.E0));
#610=AXIS2_PLACEMENT_3D('',#607,#608,#609);
#612=DIRECTION('',(0.E0,0.E0,-1.E0));
#613=VECTOR('',#612,1.923071589214E-2);
#614=CARTESIAN_POINT('',(1.544881889764E-1,-1.594488188976E-1,
6.692913385827E-2));
#615=LINE('',#614,#613);
#616=DIRECTION('',(-1.E0,0.E0,0.E0));
#617=VECTOR('',#616,3.251968503937E-2);
#618=CARTESIAN_POINT('',(1.870078740157E-1,-1.594488188976E-1,
6.692913385827E-2));
#619=LINE('',#618,#617);
#620=CARTESIAN_POINT('',(1.544881889764E-1,-1.417322834646E-1,
6.692913385827E-2));
#621=DIRECTION('',(1.E0,0.E0,0.E0));
#622=DIRECTION('',(0.E0,0.E0,1.E0));
#623=AXIS2_PLACEMENT_3D('',#620,#621,#622);
#625=CARTESIAN_POINT('',(1.870078740157E-1,-1.417322834646E-1,
6.692913385827E-2));
#626=DIRECTION('',(-1.E0,0.E0,0.E0));
#627=DIRECTION('',(0.E0,-1.E0,0.E0));
#628=AXIS2_PLACEMENT_3D('',#625,#626,#627);
#630=DIRECTION('',(1.E0,-1.409983241274E-14,0.E0));
#631=VECTOR('',#630,1.968503937008E-3);
#632=CARTESIAN_POINT('',(-1.889763779528E-1,-1.094488188976E-1,
8.464566929134E-2));
#633=LINE('',#632,#631);
#634=DIRECTION('',(0.E0,1.E0,0.E0));
#635=VECTOR('',#634,3.228346456693E-2);
#636=CARTESIAN_POINT('',(-1.889763779528E-1,-1.417322834646E-1,
8.464566929134E-2));
#637=LINE('',#636,#635);
#638=DIRECTION('',(1.E0,0.E0,0.E0));
#639=VECTOR('',#638,4.094488188976E-2);
#640=CARTESIAN_POINT('',(-2.299212598425E-1,-1.417322834646E-1,
8.464566929134E-2));
#641=LINE('',#640,#639);
#642=DIRECTION('',(0.E0,-1.E0,0.E0));
#643=VECTOR('',#642,3.228346456693E-2);
#644=CARTESIAN_POINT('',(-2.299212598425E-1,-1.094488188976E-1,
8.464566929134E-2));
#645=LINE('',#644,#643);
#646=DIRECTION('',(1.E0,0.E0,0.E0));
#647=VECTOR('',#646,1.102362204725E-4);
#648=CARTESIAN_POINT('',(-2.300314960630E-1,-1.094488188976E-1,
8.464566929134E-2));
#649=LINE('',#648,#647);
#650=DIRECTION('',(0.E0,-1.E0,0.E0));
#651=VECTOR('',#650,9.370078740157E-2);
#652=CARTESIAN_POINT('',(-2.300314960630E-1,-1.574803149606E-2,
8.464566929134E-2));
#653=LINE('',#652,#651);
#654=DIRECTION('',(0.E0,-1.E0,0.E0));
#655=VECTOR('',#654,1.574803149606E-2);
#656=CARTESIAN_POINT('',(-2.300314960630E-1,0.E0,8.464566929134E-2));
#657=LINE('',#656,#655);
#658=DIRECTION('',(0.E0,-1.E0,0.E0));
#659=VECTOR('',#658,1.574803149606E-2);
#660=CARTESIAN_POINT('',(2.300314960630E-1,0.E0,8.464566929134E-2));
#661=LINE('',#660,#659);
#662=DIRECTION('',(0.E0,1.E0,0.E0));
#663=VECTOR('',#662,9.370078740157E-2);
#664=CARTESIAN_POINT('',(2.300314960630E-1,-1.094488188976E-1,
8.464566929134E-2));
#665=LINE('',#664,#663);
#666=DIRECTION('',(1.E0,-2.517827216560E-13,0.E0));
#667=VECTOR('',#666,1.102362204725E-4);
#668=CARTESIAN_POINT('',(2.299212598425E-1,-1.094488188976E-1,
8.464566929134E-2));
#669=LINE('',#668,#667);
#670=DIRECTION('',(0.E0,1.E0,0.E0));
#671=VECTOR('',#670,3.228346456693E-2);
#672=CARTESIAN_POINT('',(2.299212598425E-1,-1.417322834646E-1,
8.464566929134E-2));
#673=LINE('',#672,#671);
#674=DIRECTION('',(1.E0,0.E0,0.E0));
#675=VECTOR('',#674,4.094488188976E-2);
#676=CARTESIAN_POINT('',(1.889763779528E-1,-1.417322834646E-1,
8.464566929134E-2));
#677=LINE('',#676,#675);
#678=DIRECTION('',(0.E0,1.E0,0.E0));
#679=VECTOR('',#678,3.228346456693E-2);
#680=CARTESIAN_POINT('',(1.889763779528E-1,-1.417322834646E-1,
8.464566929134E-2));
#681=LINE('',#680,#679);
#682=DIRECTION('',(1.E0,0.E0,0.E0));
#683=VECTOR('',#682,1.968503937008E-3);
#684=CARTESIAN_POINT('',(1.870078740157E-1,-1.094488188976E-1,
8.464566929134E-2));
#685=LINE('',#684,#683);
#686=DIRECTION('',(0.E0,1.E0,0.E0));
#687=VECTOR('',#686,3.228346456693E-2);
#688=CARTESIAN_POINT('',(1.870078740157E-1,-1.417322834646E-1,
8.464566929134E-2));
#689=LINE('',#688,#687);
#690=DIRECTION('',(-1.E0,0.E0,0.E0));
#691=VECTOR('',#690,3.251968503937E-2);
#692=CARTESIAN_POINT('',(1.870078740157E-1,-1.417322834646E-1,
8.464566929134E-2));
#693=LINE('',#692,#691);
#694=DIRECTION('',(0.E0,-1.E0,0.E0));
#695=VECTOR('',#694,3.228346456693E-2);
#696=CARTESIAN_POINT('',(1.544881889764E-1,-1.094488188976E-1,
8.464566929134E-2));
#697=LINE('',#696,#695);
#698=DIRECTION('',(1.E0,0.E0,0.E0));
#699=VECTOR('',#698,2.913385826772E-3);
#700=CARTESIAN_POINT('',(1.515748031496E-1,-1.094488188976E-1,
8.464566929134E-2));
#701=LINE('',#700,#699);
#702=DIRECTION('',(0.E0,1.E0,0.E0));
#703=VECTOR('',#702,3.228346456693E-2);
#704=CARTESIAN_POINT('',(1.515748031496E-1,-1.417322834646E-1,
8.464566929134E-2));
#705=LINE('',#704,#703);
#706=DIRECTION('',(1.E0,0.E0,0.E0));
#707=VECTOR('',#706,3.031496062992E-1);
#708=CARTESIAN_POINT('',(-1.515748031496E-1,-1.417322834646E-1,
8.464566929134E-2));
#709=LINE('',#708,#707);
#710=DIRECTION('',(0.E0,1.E0,0.E0));
#711=VECTOR('',#710,3.228346456693E-2);
#712=CARTESIAN_POINT('',(-1.515748031496E-1,-1.417322834646E-1,
8.464566929134E-2));
#713=LINE('',#712,#711);
#714=DIRECTION('',(1.E0,0.E0,0.E0));
#715=VECTOR('',#714,2.933070866142E-3);
#716=CARTESIAN_POINT('',(-1.545078740157E-1,-1.094488188976E-1,
8.464566929134E-2));
#717=LINE('',#716,#715);
#718=DIRECTION('',(0.E0,1.E0,0.E0));
#719=VECTOR('',#718,3.228346456693E-2);
#720=CARTESIAN_POINT('',(-1.545078740157E-1,-1.417322834646E-1,
8.464566929134E-2));
#721=LINE('',#720,#719);
#722=DIRECTION('',(-1.E0,0.E0,0.E0));
#723=VECTOR('',#722,3.25E-2);
#724=CARTESIAN_POINT('',(-1.545078740157E-1,-1.417322834646E-1,
8.464566929134E-2));
#725=LINE('',#724,#723);
#726=DIRECTION('',(0.E0,-1.E0,0.E0));
#727=VECTOR('',#726,3.228346456693E-2);
#728=CARTESIAN_POINT('',(-1.870078740157E-1,-1.094488188976E-1,
8.464566929134E-2));
#729=LINE('',#728,#727);
#730=DIRECTION('',(0.E0,1.E0,0.E0));
#731=VECTOR('',#730,5.039370078740E-2);
#732=CARTESIAN_POINT('',(-8.661417322835E-2,-8.385826771654E-2,
8.464566929134E-2));
#733=LINE('',#732,#731);
#734=DIRECTION('',(-1.E0,0.E0,0.E0));
#735=VECTOR('',#734,1.574803149606E-2);
#736=CARTESIAN_POINT('',(-7.086614173228E-2,-8.385826771654E-2,
8.464566929134E-2));
#737=LINE('',#736,#735);
#738=DIRECTION('',(0.E0,-1.E0,0.E0));
#739=VECTOR('',#738,5.039370078740E-2);
#740=CARTESIAN_POINT('',(-7.086614173228E-2,-3.346456692913E-2,
8.464566929134E-2));
#741=LINE('',#740,#739);
#742=DIRECTION('',(1.E0,0.E0,0.E0));
#743=VECTOR('',#742,1.574803149606E-2);
#744=CARTESIAN_POINT('',(-8.661417322835E-2,-3.346456692913E-2,
8.464566929134E-2));
#745=LINE('',#744,#743);
#746=DIRECTION('',(0.E0,1.E0,0.E0));
#747=VECTOR('',#746,5.039370078740E-2);
#748=CARTESIAN_POINT('',(7.086614173228E-2,-8.385826771654E-2,
8.464566929134E-2));
#749=LINE('',#748,#747);
#750=DIRECTION('',(-1.E0,0.E0,0.E0));
#751=VECTOR('',#750,1.574803149606E-2);
#752=CARTESIAN_POINT('',(8.661417322835E-2,-8.385826771654E-2,
8.464566929134E-2));
#753=LINE('',#752,#751);
#754=DIRECTION('',(0.E0,-1.E0,0.E0));
#755=VECTOR('',#754,5.039370078740E-2);
#756=CARTESIAN_POINT('',(8.661417322835E-2,-3.346456692913E-2,
8.464566929134E-2));
#757=LINE('',#756,#755);
#758=DIRECTION('',(1.E0,0.E0,0.E0));
#759=VECTOR('',#758,1.574803149606E-2);
#760=CARTESIAN_POINT('',(7.086614173228E-2,-3.346456692913E-2,
8.464566929134E-2));
#761=LINE('',#760,#759);
#762=DIRECTION('',(0.E0,1.E0,0.E0));
#763=VECTOR('',#762,5.039370078740E-2);
#764=CARTESIAN_POINT('',(-1.377952755906E-2,-8.385826771654E-2,
8.464566929134E-2));
#765=LINE('',#764,#763);
#766=DIRECTION('',(-1.E0,0.E0,0.E0));
#767=VECTOR('',#766,2.755905511811E-2);
#768=CARTESIAN_POINT('',(1.377952755906E-2,-8.385826771654E-2,
8.464566929134E-2));
#769=LINE('',#768,#767);
#770=DIRECTION('',(0.E0,-1.E0,0.E0));
#771=VECTOR('',#770,5.039370078740E-2);
#772=CARTESIAN_POINT('',(1.377952755906E-2,-3.346456692913E-2,
8.464566929134E-2));
#773=LINE('',#772,#771);
#774=DIRECTION('',(1.E0,0.E0,0.E0));
#775=VECTOR('',#774,2.755905511811E-2);
#776=CARTESIAN_POINT('',(-1.377952755906E-2,-3.346456692913E-2,
8.464566929134E-2));
#777=LINE('',#776,#775);
#778=DIRECTION('',(0.E0,0.E0,1.E0));
#779=VECTOR('',#778,1.574803149606E-2);
#780=CARTESIAN_POINT('',(-1.889763779528E-1,-1.094488188976E-1,
6.889763779528E-2));
#781=LINE('',#780,#779);
#782=DIRECTION('',(0.E0,0.E0,-1.E0));
#783=VECTOR('',#782,1.574803149606E-2);
#784=CARTESIAN_POINT('',(-1.870078740157E-1,-1.094488188976E-1,
8.464566929134E-2));
#785=LINE('',#784,#783);
#786=DIRECTION('',(0.E0,1.E0,0.E0));
#787=VECTOR('',#786,3.228346456693E-2);
#788=CARTESIAN_POINT('',(-1.889763779528E-1,-1.417322834646E-1,
6.496062992126E-2));
#789=LINE('',#788,#787);
#790=DIRECTION('',(0.E0,1.E0,0.E0));
#791=VECTOR('',#790,3.228346456693E-2);
#792=CARTESIAN_POINT('',(-1.515748031496E-1,-1.417322834646E-1,
6.496062992126E-2));
#793=LINE('',#792,#791);
#794=DIRECTION('',(0.E0,0.E0,-1.E0));
#795=VECTOR('',#794,1.968503937008E-2);
#796=CARTESIAN_POINT('',(-1.515748031496E-1,-1.417322834646E-1,
8.464566929134E-2));
#797=LINE('',#796,#795);
#798=DIRECTION('',(0.E0,0.E0,-1.E0));
#799=VECTOR('',#798,1.968503937008E-2);
#800=CARTESIAN_POINT('',(1.515748031496E-1,-1.417322834646E-1,
8.464566929134E-2));
#801=LINE('',#800,#799);
#802=DIRECTION('',(-1.E0,0.E0,0.E0));
#803=VECTOR('',#802,3.740157480315E-2);
#804=CARTESIAN_POINT('',(1.889763779528E-1,-1.417322834646E-1,
6.496062992126E-2));
#805=LINE('',#804,#803);
#806=DIRECTION('',(0.E0,0.E0,-1.E0));
#807=VECTOR('',#806,1.968503937008E-2);
#808=CARTESIAN_POINT('',(1.889763779528E-1,-1.417322834646E-1,
8.464566929134E-2));
#809=LINE('',#808,#807);
#810=DIRECTION('',(0.E0,0.E0,1.E0));
#811=VECTOR('',#810,1.968503937008E-2);
#812=CARTESIAN_POINT('',(1.889763779528E-1,-1.417322834646E-1,
-8.464566929134E-2));
#813=LINE('',#812,#811);
#814=DIRECTION('',(1.E0,0.E0,0.E0));
#815=VECTOR('',#814,3.740157480315E-2);
#816=CARTESIAN_POINT('',(1.515748031496E-1,-1.417322834646E-1,
-6.496062992126E-2));
#817=LINE('',#816,#815);
#818=DIRECTION('',(0.E0,0.E0,1.E0));
#819=VECTOR('',#818,1.968503937008E-2);
#820=CARTESIAN_POINT('',(1.515748031496E-1,-1.417322834646E-1,
-8.464566929134E-2));
#821=LINE('',#820,#819);
#822=DIRECTION('',(0.E0,0.E0,1.E0));
#823=VECTOR('',#822,1.968503937008E-2);
#824=CARTESIAN_POINT('',(-1.515748031496E-1,-1.417322834646E-1,
-8.464566929134E-2));
#825=LINE('',#824,#823);
#826=DIRECTION('',(1.E0,0.E0,0.E0));
#827=VECTOR('',#826,3.740157480315E-2);
#828=CARTESIAN_POINT('',(-1.889763779528E-1,-1.417322834646E-1,
-6.496062992126E-2));
#829=LINE('',#828,#827);
#830=DIRECTION('',(0.E0,0.E0,1.E0));
#831=VECTOR('',#830,1.968503937008E-2);
#832=CARTESIAN_POINT('',(-1.889763779528E-1,-1.417322834646E-1,
-8.464566929134E-2));
#833=LINE('',#832,#831);
#834=DIRECTION('',(0.E0,0.E0,1.E0));
#835=VECTOR('',#834,1.692913385827E-1);
#836=CARTESIAN_POINT('',(-2.299212598425E-1,-1.417322834646E-1,
-8.464566929134E-2));
#837=LINE('',#836,#835);
#838=DIRECTION('',(0.E0,0.E0,-1.E0));
#839=VECTOR('',#838,1.968503937008E-2);
#840=CARTESIAN_POINT('',(-1.889763779528E-1,-1.417322834646E-1,
8.464566929134E-2));
#841=LINE('',#840,#839);
#842=DIRECTION('',(-1.E0,0.E0,0.E0));
#843=VECTOR('',#842,3.740157480315E-2);
#844=CARTESIAN_POINT('',(-1.515748031496E-1,-1.417322834646E-1,
6.496062992126E-2));
#845=LINE('',#844,#843);
#846=DIRECTION('',(0.E0,0.E0,-1.E0));
#847=VECTOR('',#846,1.181102362205E-2);
#848=CARTESIAN_POINT('',(-9.842519685039E-3,-1.417322834646E-1,
5.905511811024E-3));
#849=LINE('',#848,#847);
#850=DIRECTION('',(1.E0,0.E0,0.E0));
#851=VECTOR('',#850,1.968503937008E-2);
#852=CARTESIAN_POINT('',(-9.842519685039E-3,-1.417322834646E-1,
-5.905511811024E-3));
#853=LINE('',#852,#851);
#854=DIRECTION('',(0.E0,0.E0,1.E0));
#855=VECTOR('',#854,1.181102362205E-2);
#856=CARTESIAN_POINT('',(9.842519685039E-3,-1.417322834646E-1,
-5.905511811024E-3));
#857=LINE('',#856,#855);
#858=DIRECTION('',(-1.E0,0.E0,0.E0));
#859=VECTOR('',#858,1.968503937008E-2);
#860=CARTESIAN_POINT('',(9.842519685039E-3,-1.417322834646E-1,
5.905511811024E-3));
#861=LINE('',#860,#859);
#862=DIRECTION('',(0.E0,0.E0,-1.E0));
#863=VECTOR('',#862,1.181102362205E-2);
#864=CARTESIAN_POINT('',(6.889763779528E-2,-1.417322834646E-1,
5.905511811024E-3));
#865=LINE('',#864,#863);
#866=DIRECTION('',(1.E0,0.E0,0.E0));
#867=VECTOR('',#866,1.968503937008E-2);
#868=CARTESIAN_POINT('',(6.889763779528E-2,-1.417322834646E-1,
-5.905511811024E-3));
#869=LINE('',#868,#867);
#870=DIRECTION('',(0.E0,0.E0,1.E0));
#871=VECTOR('',#870,1.181102362205E-2);
#872=CARTESIAN_POINT('',(8.858267716535E-2,-1.417322834646E-1,
-5.905511811024E-3));
#873=LINE('',#872,#871);
#874=DIRECTION('',(-1.E0,0.E0,0.E0));
#875=VECTOR('',#874,1.968503937008E-2);
#876=CARTESIAN_POINT('',(8.858267716535E-2,-1.417322834646E-1,
5.905511811024E-3));
#877=LINE('',#876,#875);
#878=DIRECTION('',(0.E0,0.E0,-1.E0));
#879=VECTOR('',#878,1.181102362205E-2);
#880=CARTESIAN_POINT('',(1.476377952756E-1,-1.417322834646E-1,
5.905511811024E-3));
#881=LINE('',#880,#879);
#882=DIRECTION('',(-1.E0,0.E0,0.E0));
#883=VECTOR('',#882,1.968503937008E-2);
#884=CARTESIAN_POINT('',(1.673228346457E-1,-1.417322834646E-1,
-5.905511811024E-3));
#885=LINE('',#884,#883);
#886=DIRECTION('',(0.E0,0.E0,1.E0));
#887=VECTOR('',#886,1.181102362205E-2);
#888=CARTESIAN_POINT('',(1.673228346457E-1,-1.417322834646E-1,
-5.905511811024E-3));
#889=LINE('',#888,#887);
#890=DIRECTION('',(-1.E0,0.E0,0.E0));
#891=VECTOR('',#890,1.968503937008E-2);
#892=CARTESIAN_POINT('',(1.673228346457E-1,-1.417322834646E-1,
5.905511811024E-3));
#893=LINE('',#892,#891);
#894=DIRECTION('',(0.E0,0.E0,-1.E0));
#895=VECTOR('',#894,1.181102362205E-2);
#896=CARTESIAN_POINT('',(-1.673228346457E-1,-1.417322834646E-1,
5.905511811024E-3));
#897=LINE('',#896,#895);
#898=DIRECTION('',(1.E0,0.E0,0.E0));
#899=VECTOR('',#898,1.968503937008E-2);
#900=CARTESIAN_POINT('',(-1.673228346457E-1,-1.417322834646E-1,
-5.905511811024E-3));
#901=LINE('',#900,#899);
#902=DIRECTION('',(0.E0,0.E0,1.E0));
#903=VECTOR('',#902,1.181102362205E-2);
#904=CARTESIAN_POINT('',(-1.476377952756E-1,-1.417322834646E-1,
-5.905511811024E-3));
#905=LINE('',#904,#903);
#906=DIRECTION('',(-1.E0,0.E0,0.E0));
#907=VECTOR('',#906,1.968503937008E-2);
#908=CARTESIAN_POINT('',(-1.476377952756E-1,-1.417322834646E-1,
5.905511811024E-3));
#909=LINE('',#908,#907);
#910=DIRECTION('',(0.E0,0.E0,1.E0));
#911=VECTOR('',#910,1.574803149606E-2);
#912=CARTESIAN_POINT('',(-1.515748031496E-1,-1.094488188976E-1,
6.889763779528E-2));
#913=LINE('',#912,#911);
#914=DIRECTION('',(0.E0,0.E0,1.E0));
#915=VECTOR('',#914,1.574803149606E-2);
#916=CARTESIAN_POINT('',(-1.545078740157E-1,-1.417322834646E-1,
6.889763779528E-2));
#917=LINE('',#916,#915);
#918=DIRECTION('',(0.E0,0.E0,-1.E0));
#919=VECTOR('',#918,1.574803149606E-2);
#920=CARTESIAN_POINT('',(-1.545078740157E-1,-1.094488188976E-1,
8.464566929134E-2));
#921=LINE('',#920,#919);
#922=DIRECTION('',(0.E0,-1.E0,0.E0));
#923=VECTOR('',#922,1.574803149606E-2);
#924=CARTESIAN_POINT('',(-1.545078740157E-1,-1.437007874016E-1,
6.692913385827E-2));
#925=LINE('',#924,#923);
#926=DIRECTION('',(0.E0,0.E0,-1.E0));
#927=VECTOR('',#926,1.923071589214E-2);
#928=CARTESIAN_POINT('',(-1.870078740157E-1,-1.437007874016E-1,
6.692913385827E-2));
#929=LINE('',#928,#927);
#930=CARTESIAN_POINT('',(-1.707578740157E-1,-1.437007874016E-1,
4.769841796613E-2));
#931=DIRECTION('',(0.E0,-1.E0,0.E0));
#932=DIRECTION('',(-1.E0,0.E0,0.E0));
#933=AXIS2_PLACEMENT_3D('',#930,#931,#932);
#935=DIRECTION('',(0.E0,0.E0,1.E0));
#936=VECTOR('',#935,1.923071589214E-2);
#937=CARTESIAN_POINT('',(-1.545078740157E-1,-1.437007874016E-1,
4.769841796613E-2));
#938=LINE('',#937,#936);
#939=DIRECTION('',(-1.E0,0.E0,0.E0));
#940=VECTOR('',#939,3.25E-2);
#941=CARTESIAN_POINT('',(-1.545078740157E-1,-1.437007874016E-1,
6.692913385827E-2));
#942=LINE('',#941,#940);
#943=CARTESIAN_POINT('',(-1.545078740157E-1,-1.417322834646E-1,
6.692913385827E-2));
#944=DIRECTION('',(-1.E0,0.E0,0.E0));
#945=DIRECTION('',(0.E0,-1.E0,0.E0));
#946=AXIS2_PLACEMENT_3D('',#943,#944,#945);
#948=CARTESIAN_POINT('',(-1.870078740157E-1,-1.417322834646E-1,
6.692913385827E-2));
#949=DIRECTION('',(1.E0,0.E0,0.E0));
#950=DIRECTION('',(0.E0,-1.409983241274E-14,1.E0));
#951=AXIS2_PLACEMENT_3D('',#948,#949,#950);
#953=DIRECTION('',(0.E0,-1.E0,0.E0));
#954=VECTOR('',#953,1.574803149606E-2);
#955=CARTESIAN_POINT('',(-1.870078740157E-1,-1.437007874016E-1,
6.692913385827E-2));
#956=LINE('',#955,#954);
#957=DIRECTION('',(0.E0,1.E0,0.E0));
#958=VECTOR('',#957,1.574803149606E-2);
#959=CARTESIAN_POINT('',(-1.870078740157E-1,-1.594488188976E-1,
4.769841796613E-2));
#960=LINE('',#959,#958);
#961=DIRECTION('',(0.E0,0.E0,1.E0));
#962=VECTOR('',#961,1.923071589214E-2);
#963=CARTESIAN_POINT('',(-1.545078740157E-1,-1.594488188976E-1,
4.769841796613E-2));
#964=LINE('',#963,#962);
#965=CARTESIAN_POINT('',(-1.707578740157E-1,-1.594488188976E-1,
4.769841796613E-2));
#966=DIRECTION('',(0.E0,-1.E0,0.E0));
#967=DIRECTION('',(-1.E0,0.E0,0.E0));
#968=AXIS2_PLACEMENT_3D('',#965,#966,#967);
#970=DIRECTION('',(0.E0,0.E0,-1.E0));
#971=VECTOR('',#970,1.923071589214E-2);
#972=CARTESIAN_POINT('',(-1.870078740157E-1,-1.594488188976E-1,
6.692913385827E-2));
#973=LINE('',#972,#971);
#974=DIRECTION('',(-1.E0,0.E0,0.E0));
#975=VECTOR('',#974,3.25E-2);
#976=CARTESIAN_POINT('',(-1.545078740157E-1,-1.594488188976E-1,
6.692913385827E-2));
#977=LINE('',#976,#975);
#978=CARTESIAN_POINT('',(-1.870078740157E-1,-1.417322834646E-1,
6.692913385827E-2));
#979=DIRECTION('',(1.E0,0.E0,0.E0));
#980=DIRECTION('',(0.E0,0.E0,1.E0));
#981=AXIS2_PLACEMENT_3D('',#978,#979,#980);
#983=CARTESIAN_POINT('',(-1.545078740157E-1,-1.417322834646E-1,
6.692913385827E-2));
#984=DIRECTION('',(-1.E0,0.E0,0.E0));
#985=DIRECTION('',(0.E0,-1.E0,0.E0));
#986=AXIS2_PLACEMENT_3D('',#983,#984,#985);
#988=DIRECTION('',(0.E0,1.E0,0.E0));
#989=VECTOR('',#988,1.574803149606E-2);
#990=CARTESIAN_POINT('',(-1.545078740157E-1,-1.594488188976E-1,
4.769841796613E-2));
#991=LINE('',#990,#989);
#992=DIRECTION('',(0.E0,0.E0,1.E0));
#993=VECTOR('',#992,1.574803149606E-2);
#994=CARTESIAN_POINT('',(-1.870078740157E-1,-1.417322834646E-1,
6.889763779528E-2));
#995=LINE('',#994,#993);
#996=DIRECTION('',(0.E0,1.E0,0.E0));
#997=VECTOR('',#996,3.228346456693E-2);
#998=CARTESIAN_POINT('',(1.515748031496E-1,-1.417322834646E-1,
6.496062992126E-2));
#999=LINE('',#998,#997);
#1000=DIRECTION('',(0.E0,0.E0,1.E0));
#1001=VECTOR('',#1000,1.574803149606E-2);
#1002=CARTESIAN_POINT('',(1.515748031496E-1,-1.094488188976E-1,
6.889763779528E-2));
#1003=LINE('',#1002,#1001);
#1004=DIRECTION('',(0.E0,0.E0,-1.E0));
#1005=VECTOR('',#1004,1.574803149606E-2);
#1006=CARTESIAN_POINT('',(1.544881889764E-1,-1.094488188976E-1,
8.464566929134E-2));
#1007=LINE('',#1006,#1005);
#1008=DIRECTION('',(0.E0,0.E0,1.E0));
#1009=VECTOR('',#1008,1.574803149606E-2);
#1010=CARTESIAN_POINT('',(1.544881889764E-1,-1.417322834646E-1,
6.889763779528E-2));
#1011=LINE('',#1010,#1009);
#1012=DIRECTION('',(0.E0,1.E0,0.E0));
#1013=VECTOR('',#1012,3.228346456693E-2);
#1014=CARTESIAN_POINT('',(1.889763779528E-1,-1.417322834646E-1,
6.496062992126E-2));
#1015=LINE('',#1014,#1013);
#1016=DIRECTION('',(1.E0,2.517827216560E-13,0.E0));
#1017=VECTOR('',#1016,1.102362204725E-4);
#1018=CARTESIAN_POINT('',(-2.300314960630E-1,-1.094488188976E-1,
-8.464566929134E-2));
#1019=LINE('',#1018,#1017);
#1020=DIRECTION('',(0.E0,-1.E0,0.E0));
#1021=VECTOR('',#1020,3.228346456693E-2);
#1022=CARTESIAN_POINT('',(-2.299212598425E-1,-1.094488188976E-1,
-8.464566929134E-2));
#1023=LINE('',#1022,#1021);
#1024=DIRECTION('',(1.E0,0.E0,0.E0));
#1025=VECTOR('',#1024,4.094488188976E-2);
#1026=CARTESIAN_POINT('',(-2.299212598425E-1,-1.417322834646E-1,
-8.464566929134E-2));
#1027=LINE('',#1026,#1025);
#1028=DIRECTION('',(0.E0,1.E0,0.E0));
#1029=VECTOR('',#1028,3.228346456693E-2);
#1030=CARTESIAN_POINT('',(-1.889763779528E-1,-1.417322834646E-1,
-8.464566929134E-2));
#1031=LINE('',#1030,#1029);
#1032=DIRECTION('',(1.E0,0.E0,0.E0));
#1033=VECTOR('',#1032,1.968503937008E-3);
#1034=CARTESIAN_POINT('',(-1.889763779528E-1,-1.094488188976E-1,
-8.464566929134E-2));
#1035=LINE('',#1034,#1033);
#1036=DIRECTION('',(0.E0,-1.E0,0.E0));
#1037=VECTOR('',#1036,3.228346456693E-2);
#1038=CARTESIAN_POINT('',(-1.870078740157E-1,-1.094488188976E-1,
-8.464566929134E-2));
#1039=LINE('',#1038,#1037);
#1040=DIRECTION('',(-1.E0,0.E0,0.E0));
#1041=VECTOR('',#1040,3.25E-2);
#1042=CARTESIAN_POINT('',(-1.545078740157E-1,-1.417322834646E-1,
-8.464566929134E-2));
#1043=LINE('',#1042,#1041);
#1044=DIRECTION('',(0.E0,1.E0,0.E0));
#1045=VECTOR('',#1044,3.228346456693E-2);
#1046=CARTESIAN_POINT('',(-1.545078740157E-1,-1.417322834646E-1,
-8.464566929134E-2));
#1047=LINE('',#1046,#1045);
#1048=DIRECTION('',(1.E0,0.E0,0.E0));
#1049=VECTOR('',#1048,2.933070866142E-3);
#1050=CARTESIAN_POINT('',(-1.545078740157E-1,-1.094488188976E-1,
-8.464566929134E-2));
#1051=LINE('',#1050,#1049);
#1052=DIRECTION('',(0.E0,1.E0,0.E0));
#1053=VECTOR('',#1052,3.228346456693E-2);
#1054=CARTESIAN_POINT('',(-1.515748031496E-1,-1.417322834646E-1,
-8.464566929134E-2));
#1055=LINE('',#1054,#1053);
#1056=DIRECTION('',(1.E0,0.E0,0.E0));
#1057=VECTOR('',#1056,3.031496062992E-1);
#1058=CARTESIAN_POINT('',(-1.515748031496E-1,-1.417322834646E-1,
-8.464566929134E-2));
#1059=LINE('',#1058,#1057);
#1060=DIRECTION('',(0.E0,1.E0,0.E0));
#1061=VECTOR('',#1060,3.228346456693E-2);
#1062=CARTESIAN_POINT('',(1.515748031496E-1,-1.417322834646E-1,
-8.464566929134E-2));
#1063=LINE('',#1062,#1061);
#1064=DIRECTION('',(1.E0,0.E0,0.E0));
#1065=VECTOR('',#1064,2.913385826772E-3);
#1066=CARTESIAN_POINT('',(1.515748031496E-1,-1.094488188976E-1,
-8.464566929134E-2));
#1067=LINE('',#1066,#1065);
#1068=DIRECTION('',(0.E0,-1.E0,0.E0));
#1069=VECTOR('',#1068,3.228346456693E-2);
#1070=CARTESIAN_POINT('',(1.544881889764E-1,-1.094488188976E-1,
-8.464566929134E-2));
#1071=LINE('',#1070,#1069);
#1072=DIRECTION('',(-1.E0,0.E0,0.E0));
#1073=VECTOR('',#1072,3.251968503937E-2);
#1074=CARTESIAN_POINT('',(1.870078740157E-1,-1.417322834646E-1,
-8.464566929134E-2));
#1075=LINE('',#1074,#1073);
#1076=DIRECTION('',(0.E0,1.E0,0.E0));
#1077=VECTOR('',#1076,3.228346456693E-2);
#1078=CARTESIAN_POINT('',(1.870078740157E-1,-1.417322834646E-1,
-8.464566929134E-2));
#1079=LINE('',#1078,#1077);
#1080=DIRECTION('',(1.E0,1.409983241274E-14,0.E0));
#1081=VECTOR('',#1080,1.968503937008E-3);
#1082=CARTESIAN_POINT('',(1.870078740157E-1,-1.094488188976E-1,
-8.464566929134E-2));
#1083=LINE('',#1082,#1081);
#1084=DIRECTION('',(0.E0,1.E0,0.E0));
#1085=VECTOR('',#1084,3.228346456693E-2);
#1086=CARTESIAN_POINT('',(1.889763779528E-1,-1.417322834646E-1,
-8.464566929134E-2));
#1087=LINE('',#1086,#1085);
#1088=DIRECTION('',(1.E0,0.E0,0.E0));
#1089=VECTOR('',#1088,4.094488188976E-2);
#1090=CARTESIAN_POINT('',(1.889763779528E-1,-1.417322834646E-1,
-8.464566929134E-2));
#1091=LINE('',#1090,#1089);
#1092=DIRECTION('',(0.E0,1.E0,0.E0));
#1093=VECTOR('',#1092,3.228346456693E-2);
#1094=CARTESIAN_POINT('',(2.299212598425E-1,-1.417322834646E-1,
-8.464566929134E-2));
#1095=LINE('',#1094,#1093);
#1096=DIRECTION('',(1.E0,0.E0,0.E0));
#1097=VECTOR('',#1096,1.102362204724E-4);
#1098=CARTESIAN_POINT('',(2.299212598425E-1,-1.094488188976E-1,
-8.464566929134E-2));
#1099=LINE('',#1098,#1097);
#1100=DIRECTION('',(0.E0,1.E0,0.E0));
#1101=VECTOR('',#1100,1.094488188976E-1);
#1102=CARTESIAN_POINT('',(2.300314960630E-1,-1.094488188976E-1,
-8.464566929134E-2));
#1103=LINE('',#1102,#1101);
#1104=DIRECTION('',(0.E0,-1.E0,0.E0));
#1105=VECTOR('',#1104,1.094488188976E-1);
#1106=CARTESIAN_POINT('',(-2.300314960630E-1,0.E0,-8.464566929134E-2));
#1107=LINE('',#1106,#1105);
#1108=DIRECTION('',(1.990007053323E-1,-9.799993465698E-1,0.E0));
#1109=VECTOR('',#1108,4.939729910544E-3);
#1110=CARTESIAN_POINT('',(3.299470322289E-2,-3.697336186977E-2,
-8.464566929134E-2));
#1111=LINE('',#1110,#1109);
#1112=DIRECTION('',(-1.E0,0.E0,0.E0));
#1113=VECTOR('',#1112,1.625278943762E-2);
#1114=CARTESIAN_POINT('',(3.397771295924E-2,-4.181429395434E-2,
-8.464566929134E-2));
#1115=LINE('',#1114,#1113);
#1116=DIRECTION('',(-1.990007053323E-1,9.799993465698E-1,0.E0));
#1117=VECTOR('',#1116,4.421646753706E-3);
#1118=CARTESIAN_POINT('',(1.772492352162E-2,-4.181429395434E-2,
-8.464566929134E-2));
#1119=LINE('',#1118,#1117);
#1120=CARTESIAN_POINT('',(4.591766953023E-2,-8.050581908701E-2,
-8.464566929134E-2));
#1121=CARTESIAN_POINT('',(5.127939174423E-2,-8.055356686436E-2,
-8.464566929134E-2));
#1122=CARTESIAN_POINT('',(5.900357319780E-2,-7.897023112578E-2,
-8.464566929134E-2));
#1123=CARTESIAN_POINT('',(6.291486177223E-2,-7.377871137035E-2,
-8.464566929134E-2));
#1124=CARTESIAN_POINT('',(6.365156394892E-2,-6.781678433425E-2,
-8.464566929134E-2));
#1125=CARTESIAN_POINT('',(6.327184143509E-2,-6.251719392899E-2,
-8.464566929134E-2));
#1126=CARTESIAN_POINT('',(6.239633361431E-2,-5.744549261537E-2,
-8.464566929134E-2));
#1127=CARTESIAN_POINT('',(6.149618338503E-2,-5.304256480167E-2,
-8.464566929134E-2));
#1128=CARTESIAN_POINT('',(6.075168986371E-2,-4.956254032201E-2,
-8.464566929134E-2));
#1129=CARTESIAN_POINT('',(6.001209434235E-2,-4.610727634566E-2,
-8.464566929134E-2));
#1130=CARTESIAN_POINT('',(5.904811500691E-2,-4.179861367295E-2,
-8.464566929134E-2));
#1131=CARTESIAN_POINT('',(5.776683973651E-2,-3.679035280443E-2,
-8.464566929134E-2));
#1132=CARTESIAN_POINT('',(5.588026972854E-2,-3.149855333607E-2,
-8.464566929134E-2));
#1133=CARTESIAN_POINT('',(5.340774339988E-2,-2.699272094341E-2,
-8.464566929134E-2));
#1134=CARTESIAN_POINT('',(5.011484125985E-2,-2.335307159784E-2,
-8.464566929134E-2));
#1135=CARTESIAN_POINT('',(4.649173516597E-2,-2.110594819026E-2,
-8.464566929134E-2));
#1136=CARTESIAN_POINT('',(4.294742419185E-2,-1.981867348641E-2,
-8.464566929134E-2));
#1137=CARTESIAN_POINT('',(3.993950734427E-2,-1.911819443167E-2,
-8.464566929134E-2));
#1138=CARTESIAN_POINT('',(3.710826318551E-2,-1.876308894810E-2,
-8.464566929134E-2));
#1139=CARTESIAN_POINT('',(3.465358487507E-2,-1.862164953963E-2,
-8.464566929134E-2));
#1140=CARTESIAN_POINT('',(3.222747789509E-2,-1.857882868801E-2,
-8.464566929134E-2));
#1141=CARTESIAN_POINT('',(2.946614555837E-2,-1.867852426262E-2,
-8.464566929134E-2));
#1142=CARTESIAN_POINT('',(2.674935164332E-2,-1.900556205406E-2,
-8.464566929134E-2));
#1143=CARTESIAN_POINT('',(2.438288411376E-2,-1.952735103923E-2,
-8.464566929134E-2));
#1144=CARTESIAN_POINT('',(2.169661662949E-2,-2.046440059635E-2,
-8.464566929134E-2));
#1145=CARTESIAN_POINT('',(1.914570281419E-2,-2.205140597961E-2,
-8.464566929134E-2));
#1146=CARTESIAN_POINT('',(1.719550521292E-2,-2.450502074738E-2,
-8.464566929134E-2));
#1147=CARTESIAN_POINT('',(1.617278171049E-2,-2.739118579928E-2,
-8.464566929134E-2));
#1148=CARTESIAN_POINT('',(1.579005264217E-2,-3.166343535566E-2,
-8.464566929134E-2));
#1149=CARTESIAN_POINT('',(1.637393639967E-2,-3.516121956186E-2,
-8.464566929134E-2));
#1150=CARTESIAN_POINT('',(1.684501269890E-2,-3.748108302494E-2,
-8.464566929134E-2));
#1152=CARTESIAN_POINT('',(2.426153016716E-2,-6.807572407451E-2,
-8.464566929134E-2));
#1153=CARTESIAN_POINT('',(2.825532767993E-2,-7.606609331441E-2,
-8.464566929134E-2));
#1154=CARTESIAN_POINT('',(3.506937969687E-2,-8.040921174575E-2,
-8.464566929134E-2));
#1155=CARTESIAN_POINT('',(4.591766953023E-2,-8.050581908701E-2,
-8.464566929134E-2));
#1157=CARTESIAN_POINT('',(1.565398193702E-2,-8.050581908701E-2,
-8.464566929134E-2));
#1158=CARTESIAN_POINT('',(2.028614413414E-2,-8.049621309016E-2,
-8.464566929134E-2));
#1159=CARTESIAN_POINT('',(2.404134050574E-2,-7.809365517145E-2,
-8.464566929134E-2));
#1160=CARTESIAN_POINT('',(2.509625064581E-2,-7.391433994692E-2,
-8.464566929134E-2));
#1161=CARTESIAN_POINT('',(2.507073047611E-2,-7.154594360859E-2,
-8.464566929134E-2));
#1162=CARTESIAN_POINT('',(2.480274731376E-2,-6.978349278803E-2,
-8.464566929134E-2));
#1163=CARTESIAN_POINT('',(2.448284200351E-2,-6.867897246053E-2,
-8.464566929134E-2));
#1164=CARTESIAN_POINT('',(2.426547913345E-2,-6.808644669853E-2,
-8.464566929134E-2));
#1165=CARTESIAN_POINT('',(2.426153016716E-2,-6.807572407451E-2,
-8.464566929134E-2));
#1167=CARTESIAN_POINT('',(5.417871842200E-3,-7.763180333898E-2,
-8.464566929134E-2));
#1168=CARTESIAN_POINT('',(8.501364584872E-3,-7.955249148707E-2,
-8.464566929134E-2));
#1169=CARTESIAN_POINT('',(1.260784420151E-2,-8.051213604834E-2,
-8.464566929134E-2));
#1170=CARTESIAN_POINT('',(1.565398193702E-2,-8.050581908701E-2,
-8.464566929134E-2));
#1172=DIRECTION('',(-4.545222165508E-1,-8.907354010377E-1,0.E0));
#1173=VECTOR('',#1172,3.226565088446E-3);
#1174=CARTESIAN_POINT('',(5.417871842200E-3,-7.763180333898E-2,
-8.464566929134E-2));
#1175=LINE('',#1174,#1173);
#1176=DIRECTION('',(-1.E0,0.E0,0.E0));
#1177=VECTOR('',#1176,2.638471163771E-2);
#1178=CARTESIAN_POINT('',(3.951326326354E-3,-8.050581908701E-2,
-8.464566929134E-2));
#1179=LINE('',#1178,#1177);
#1180=DIRECTION('',(-1.913991053258E-1,9.815122935962E-1,0.E0));
#1181=VECTOR('',#1180,1.378031567608E-2);
#1182=CARTESIAN_POINT('',(-2.243338531136E-2,-8.050581908701E-2,
-8.464566929134E-2));
#1183=LINE('',#1182,#1181);
#1184=DIRECTION('',(-5.926944085632E-1,8.054274256927E-1,0.E0));
#1185=VECTOR('',#1184,7.647479993714E-3);
#1186=CARTESIAN_POINT('',(-2.507092540286E-2,-6.698026984130E-2,
-8.464566929134E-2));
#1187=LINE('',#1186,#1185);
#1188=DIRECTION('',(-2.164660993144E-1,-9.762901350765E-1,0.E0));
#1189=VECTOR('',#1188,2.016310383853E-2);
#1190=CARTESIAN_POINT('',(-2.960354403474E-2,-6.082077971693E-2,
-8.464566929134E-2));
#1191=LINE('',#1190,#1189);
#1192=DIRECTION('',(-1.E0,0.E0,0.E0));
#1193=VECTOR('',#1192,1.872884657684E-2);
#1194=CARTESIAN_POINT('',(-3.396817247273E-2,-8.050581908701E-2,
-8.464566929134E-2));
#1195=LINE('',#1194,#1193);
#1196=DIRECTION('',(2.726541989863E-1,9.621120973021E-1,0.E0));
#1197=VECTOR('',#1196,3.460769743112E-2);
#1198=CARTESIAN_POINT('',(-5.269701904957E-2,-8.050581908701E-2,
-8.464566929134E-2));
#1199=LINE('',#1198,#1197);
#1200=DIRECTION('',(-6.115647615170E-1,7.911943771733E-1,0.E0));
#1201=VECTOR('',#1200,3.309403130702E-2);
#1202=CARTESIAN_POINT('',(-4.326108502773E-2,-4.720933472876E-2,
-8.464566929134E-2));
#1203=LINE('',#1202,#1201);
#1204=DIRECTION('',(1.E0,0.E0,0.E0));
#1205=VECTOR('',#1204,1.814700415170E-2);
#1206=CARTESIAN_POINT('',(-6.350022839164E-2,-2.102552324064E-2,
-8.464566929134E-2));
#1207=LINE('',#1206,#1205);
#1208=DIRECTION('',(5.340785964476E-1,-8.454348306147E-1,0.E0));
#1209=VECTOR('',#1208,2.683596708966E-2);
#1210=CARTESIAN_POINT('',(-4.535322423995E-2,-2.102552324064E-2,
-8.464566929134E-2));
#1211=LINE('',#1210,#1209);
#1212=DIRECTION('',(1.E0,0.E0,0.E0));
#1213=VECTOR('',#1212,1.412679811974E-3);
#1214=CARTESIAN_POINT('',(-3.102070860239E-2,-4.371358453147E-2,
-8.464566929134E-2));
#1215=LINE('',#1214,#1213);
#1216=DIRECTION('',(-1.913991053258E-1,9.815122935962E-1,0.E0));
#1217=VECTOR('',#1216,2.311541224583E-2);
#1218=CARTESIAN_POINT('',(-2.960802879041E-2,-4.371358453147E-2,
-8.464566929134E-2));
#1219=LINE('',#1218,#1217);
#1220=DIRECTION('',(1.E0,0.E0,0.E0));
#1221=VECTOR('',#1220,1.667690652669E-2);
#1222=CARTESIAN_POINT('',(-3.403229801350E-2,-2.102552324064E-2,
-8.464566929134E-2));
#1223=LINE('',#1222,#1221);
#1224=DIRECTION('',(1.913991053258E-1,-9.815122935962E-1,0.E0));
#1225=VECTOR('',#1224,4.099635160275E-2);
#1226=CARTESIAN_POINT('',(-1.735539148681E-2,-2.102552324064E-2,
-8.464566929134E-2));
#1227=LINE('',#1226,#1225);
#1228=DIRECTION('',(1.E0,0.E0,0.E0));
#1229=VECTOR('',#1228,8.141715224026E-3);
#1230=CARTESIAN_POINT('',(-9.508726468423E-3,-6.126394633133E-2,
-8.464566929134E-2));
#1231=LINE('',#1230,#1229);
#1232=CARTESIAN_POINT('',(6.617969062453E-4,-6.567393920869E-2,
-8.464566929134E-2));
#1233=CARTESIAN_POINT('',(-2.256114270808E-4,-6.424916172744E-2,
-8.464566929134E-2));
#1234=CARTESIAN_POINT('',(-1.113019760407E-3,-6.282438424618E-2,
-8.464566929134E-2));
#1235=CARTESIAN_POINT('',(-1.367011244397E-3,-6.126394633133E-2,
-8.464566929134E-2));
#1237=DIRECTION('',(4.583748316344E-1,8.887589739205E-1,0.E0));
#1238=VECTOR('',#1237,6.106613439140E-3);
#1239=CARTESIAN_POINT('',(6.617969062453E-4,-6.567393920869E-2,
-8.464566929134E-2));
#1240=LINE('',#1239,#1238);
#1241=CARTESIAN_POINT('',(4.770627284247E-3,-4.157966108239E-2,
-8.464566929134E-2));
#1242=CARTESIAN_POINT('',(3.104814119198E-3,-4.158172574027E-2,
-8.464566929134E-2));
#1243=CARTESIAN_POINT('',(2.550315182214E-5,-4.186626909853E-2,
-8.464566929134E-2));
#1244=CARTESIAN_POINT('',(-2.881080804892E-3,-4.307900879633E-2,
-8.464566929134E-2));
#1245=CARTESIAN_POINT('',(-4.453578867825E-3,-4.464863170573E-2,
-8.464566929134E-2));
#1246=CARTESIAN_POINT('',(-5.210139581382E-3,-4.614568943406E-2,
-8.464566929134E-2));
#1247=CARTESIAN_POINT('',(-5.448108272557E-3,-4.768404390184E-2,
-8.464566929134E-2));
#1248=CARTESIAN_POINT('',(-5.382244560030E-3,-4.908581908149E-2,
-8.464566929134E-2));
#1249=CARTESIAN_POINT('',(-5.160206439733E-3,-5.045911185632E-2,
-8.464566929134E-2));
#1250=CARTESIAN_POINT('',(-4.707134841827E-3,-5.199556075647E-2,
-8.464566929134E-2));
#1251=CARTESIAN_POINT('',(-3.750128731708E-3,-5.398447584527E-2,
-8.464566929134E-2));
#1252=CARTESIAN_POINT('',(-2.074305878807E-3,-5.609198560508E-2,
-8.464566929134E-2));
#1253=CARTESIAN_POINT('',(4.977393393664E-4,-5.822508579119E-2,
-8.464566929134E-2));
#1254=CARTESIAN_POINT('',(2.454970136833E-3,-5.955968785671E-2,
-8.464566929134E-2));
#1255=CARTESIAN_POINT('',(3.460914813267E-3,-6.024663171440E-2,
-8.464566929134E-2));
#1257=CARTESIAN_POINT('',(1.731031638871E-2,-5.063477919262E-2,
-8.464566929134E-2));
#1258=CARTESIAN_POINT('',(1.615528154416E-2,-4.495066731504E-2,
-8.464566929134E-2));
#1259=CARTESIAN_POINT('',(1.081439979241E-2,-4.157217025279E-2,
-8.464566929134E-2));
#1260=CARTESIAN_POINT('',(4.770627284247E-3,-4.157966108239E-2,
-8.464566929134E-2));
#1262=CARTESIAN_POINT('',(1.524357262601E-2,-5.898123588554E-2,
-8.464566929134E-2));
#1263=CARTESIAN_POINT('',(1.681016404490E-2,-5.660856295447E-2,
-8.464566929134E-2));
#1264=CARTESIAN_POINT('',(1.795619599238E-2,-5.381325639968E-2,
-8.464566929134E-2));
#1265=CARTESIAN_POINT('',(1.731031638871E-2,-5.063477919262E-2,
-8.464566929134E-2));
#1267=CARTESIAN_POINT('',(2.339186719975E-2,-6.618596029498E-2,
-8.464566929134E-2));
#1268=CARTESIAN_POINT('',(2.283791828902E-2,-6.519342138109E-2,
-8.464566929134E-2));
#1269=CARTESIAN_POINT('',(2.071540508870E-2,-6.230630259560E-2,
-8.464566929134E-2));
#1270=CARTESIAN_POINT('',(1.761224232463E-2,-6.014077652674E-2,
-8.464566929134E-2));
#1271=CARTESIAN_POINT('',(1.524357262601E-2,-5.898123588554E-2,
-8.464566929134E-2));
#1273=CARTESIAN_POINT('',(2.112373700214E-2,-5.855209890060E-2,
-8.464566929134E-2));
#1274=CARTESIAN_POINT('',(2.168982463214E-2,-6.133985538909E-2,
-8.464566929134E-2));
#1275=CARTESIAN_POINT('',(2.244436857751E-2,-6.388869497850E-2,
-8.464566929134E-2));
#1276=CARTESIAN_POINT('',(2.339186719975E-2,-6.618596029498E-2,
-8.464566929134E-2));
#1278=DIRECTION('',(-1.990007053323E-1,9.799993465698E-1,0.E0));
#1279=VECTOR('',#1278,3.861502718045E-3);
#1280=CARTESIAN_POINT('',(2.112373700214E-2,-5.855209890060E-2,
-8.464566929134E-2));
#1281=LINE('',#1280,#1279);
#1282=DIRECTION('',(1.E0,0.E0,0.E0));
#1283=VECTOR('',#1282,1.625278943762E-2);
#1284=CARTESIAN_POINT('',(2.035529523760E-2,-5.476782876014E-2,
-8.464566929134E-2));
#1285=LINE('',#1284,#1283);
#1286=DIRECTION('',(1.990007053323E-1,-9.799993465698E-1,0.E0));
#1287=VECTOR('',#1286,4.696238296042E-3);
#1288=CARTESIAN_POINT('',(3.660808467522E-2,-5.476782876014E-2,
-8.464566929134E-2));
#1289=LINE('',#1288,#1287);
#1290=CARTESIAN_POINT('',(4.333782532202E-2,-6.949304690916E-2,
-8.464566929134E-2));
#1291=CARTESIAN_POINT('',(4.067419455852E-2,-6.946932646196E-2,
-8.464566929134E-2));
#1292=CARTESIAN_POINT('',(3.904967024982E-2,-6.679166688525E-2,
-8.464566929134E-2));
#1293=CARTESIAN_POINT('',(3.754263940854E-2,-5.937013922160E-2,
-8.464566929134E-2));
#1295=CARTESIAN_POINT('',(4.360426232071E-2,-4.953241698790E-2,
-8.464566929134E-2));
#1296=CARTESIAN_POINT('',(4.731495982050E-2,-6.698800030239E-2,
-8.464566929134E-2));
#1297=CARTESIAN_POINT('',(4.742930998356E-2,-6.952948283233E-2,
-8.464566929134E-2));
#1298=CARTESIAN_POINT('',(4.333782532202E-2,-6.949304690916E-2,
-8.464566929134E-2));
#1300=CARTESIAN_POINT('',(3.484153656815E-2,-2.961115714538E-2,
-8.464566929134E-2));
#1301=CARTESIAN_POINT('',(3.917811738548E-2,-2.964945047885E-2,
-8.464566929134E-2));
#1302=CARTESIAN_POINT('',(4.000519919579E-2,-3.260197568014E-2,
-8.464566929134E-2));
#1303=CARTESIAN_POINT('',(4.360426232071E-2,-4.953241698790E-2,
-8.464566929134E-2));
#1305=CARTESIAN_POINT('',(3.299470322289E-2,-3.697336186977E-2,
-8.464566929134E-2));
#1306=CARTESIAN_POINT('',(3.246747282367E-2,-3.437696179236E-2,
-8.464566929134E-2));
#1307=CARTESIAN_POINT('',(3.141181712287E-2,-2.958087167488E-2,
-8.464566929134E-2));
#1308=CARTESIAN_POINT('',(3.484153656815E-2,-2.961115714538E-2,
-8.464566929134E-2));
#1310=DIRECTION('',(0.E0,0.E0,-1.E0));
#1311=VECTOR('',#1310,1.574803149606E-2);
#1312=CARTESIAN_POINT('',(-2.299212598425E-1,-1.094488188976E-1,
-6.889763779528E-2));
#1313=LINE('',#1312,#1311);
#1314=DIRECTION('',(0.E0,0.E0,1.E0));
#1315=VECTOR('',#1314,1.574803149606E-2);
#1316=CARTESIAN_POINT('',(-2.300314960630E-1,-1.094488188976E-1,
-8.464566929134E-2));
#1317=LINE('',#1316,#1315);
#1318=DIRECTION('',(0.E0,0.E0,1.E0));
#1319=VECTOR('',#1318,1.377952755906E-1);
#1320=CARTESIAN_POINT('',(-2.299212598425E-1,-1.094488188976E-1,
-6.889763779528E-2));
#1321=LINE('',#1320,#1319);
#1322=DIRECTION('',(0.E0,0.E0,1.E0));
#1323=VECTOR('',#1322,1.574803149606E-2);
#1324=CARTESIAN_POINT('',(-2.299212598425E-1,-1.094488188976E-1,
6.889763779528E-2));
#1325=LINE('',#1324,#1323);
#1326=DIRECTION('',(0.E0,0.E0,-1.E0));
#1327=VECTOR('',#1326,1.574803149606E-2);
#1328=CARTESIAN_POINT('',(-2.300314960630E-1,-1.094488188976E-1,
8.464566929134E-2));
#1329=LINE('',#1328,#1327);
#1330=DIRECTION('',(0.E0,0.E0,-1.E0));
#1331=VECTOR('',#1330,1.574803149606E-2);
#1332=CARTESIAN_POINT('',(-2.300314960630E-1,-1.574803149606E-2,
8.464566929134E-2));
#1333=LINE('',#1332,#1331);
#1334=DIRECTION('',(0.E0,0.E0,-1.E0));
#1335=VECTOR('',#1334,1.574803149606E-2);
#1336=CARTESIAN_POINT('',(-2.300314960630E-1,0.E0,8.464566929134E-2));
#1337=LINE('',#1336,#1335);
#1338=DIRECTION('',(0.E0,-1.E0,0.E0));
#1339=VECTOR('',#1338,1.574803149606E-2);
#1340=CARTESIAN_POINT('',(-2.300314960630E-1,1.574803149606E-2,
6.889763779528E-2));
#1341=LINE('',#1340,#1339);
#1342=DIRECTION('',(0.E0,0.E0,1.E0));
#1343=VECTOR('',#1342,1.275590551181E-2);
#1344=CARTESIAN_POINT('',(2.300314960630E-1,1.574803149606E-2,
5.614173228346E-2));
#1345=LINE('',#1344,#1343);
#1346=DIRECTION('',(0.E0,0.E0,1.E0));
#1347=VECTOR('',#1346,1.275590551181E-2);
#1348=CARTESIAN_POINT('',(-2.300314960630E-1,1.574803149606E-2,
5.614173228346E-2));
#1349=LINE('',#1348,#1347);
#1350=DIRECTION('',(0.E0,0.E0,1.E0));
#1351=VECTOR('',#1350,1.275590551181E-2);
#1352=CARTESIAN_POINT('',(-2.300314960630E-1,1.574803149606E-2,
-6.889763779528E-2));
#1353=LINE('',#1352,#1351);
#1354=DIRECTION('',(0.E0,0.E0,1.E0));
#1355=VECTOR('',#1354,1.275590551181E-2);
#1356=CARTESIAN_POINT('',(2.300314960630E-1,1.574803149606E-2,
-6.889763779528E-2));
#1357=LINE('',#1356,#1355);
#1358=DIRECTION('',(0.E0,0.E0,1.E0));
#1359=VECTOR('',#1358,1.122834645669E-1);
#1360=CARTESIAN_POINT('',(2.300314960630E-1,1.574803149606E-2,
-5.614173228346E-2));
#1361=LINE('',#1360,#1359);
#1362=DIRECTION('',(-1.E0,0.E0,0.E0));
#1363=VECTOR('',#1362,2.401574803150E-1);
#1364=CARTESIAN_POINT('',(1.200787401575E-1,1.574803149606E-2,
-4.330708661417E-2));
#1365=LINE('',#1364,#1363);
#1366=DIRECTION('',(0.E0,0.E0,1.E0));
#1367=VECTOR('',#1366,8.661417322835E-2);
#1368=CARTESIAN_POINT('',(-1.200787401575E-1,1.574803149606E-2,
-4.330708661417E-2));
#1369=LINE('',#1368,#1367);
#1370=DIRECTION('',(1.E0,0.E0,0.E0));
#1371=VECTOR('',#1370,2.401574803150E-1);
#1372=CARTESIAN_POINT('',(-1.200787401575E-1,1.574803149606E-2,
4.330708661417E-2));
#1373=LINE('',#1372,#1371);
#1374=DIRECTION('',(0.E0,0.E0,-1.E0));
#1375=VECTOR('',#1374,8.661417322835E-2);
#1376=CARTESIAN_POINT('',(1.200787401575E-1,1.574803149606E-2,
4.330708661417E-2));
#1377=LINE('',#1376,#1375);
#1378=DIRECTION('',(0.E0,-1.E0,0.E0));
#1379=VECTOR('',#1378,1.574803149606E-2);
#1380=CARTESIAN_POINT('',(2.300314960630E-1,1.574803149606E-2,
5.614173228346E-2));
#1381=LINE('',#1380,#1379);
#1382=DIRECTION('',(0.E0,-1.E0,0.E0));
#1383=VECTOR('',#1382,1.574803149606E-2);
#1384=CARTESIAN_POINT('',(2.300314960630E-1,1.574803149606E-2,
6.889763779528E-2));
#1385=LINE('',#1384,#1383);
#1386=DIRECTION('',(0.E0,0.E0,-1.E0));
#1387=VECTOR('',#1386,1.574803149606E-2);
#1388=CARTESIAN_POINT('',(2.300314960630E-1,0.E0,8.464566929134E-2));
#1389=LINE('',#1388,#1387);
#1390=DIRECTION('',(0.E0,0.E0,-1.E0));
#1391=VECTOR('',#1390,1.574803149606E-2);
#1392=CARTESIAN_POINT('',(2.300314960630E-1,-1.574803149606E-2,
8.464566929134E-2));
#1393=LINE('',#1392,#1391);
#1394=CARTESIAN_POINT('',(2.300314960630E-1,0.E0,6.889763779528E-2));
#1395=DIRECTION('',(-1.E0,0.E0,0.E0));
#1396=DIRECTION('',(0.E0,0.E0,1.E0));
#1397=AXIS2_PLACEMENT_3D('',#1394,#1395,#1396);
#1399=DIRECTION('',(-1.E0,0.E0,0.E0));
#1400=VECTOR('',#1399,4.600629921260E-1);
#1401=CARTESIAN_POINT('',(2.300314960630E-1,0.E0,8.464566929134E-2));
#1402=LINE('',#1401,#1400);
#1403=CARTESIAN_POINT('',(-2.300314960630E-1,0.E0,6.889763779528E-2));
#1404=DIRECTION('',(-1.E0,0.E0,0.E0));
#1405=DIRECTION('',(0.E0,0.E0,1.E0));
#1406=AXIS2_PLACEMENT_3D('',#1403,#1404,#1405);
#1408=DIRECTION('',(-1.E0,0.E0,0.E0));
#1409=VECTOR('',#1408,4.600629921260E-1);
#1410=CARTESIAN_POINT('',(2.300314960630E-1,1.574803149606E-2,
6.889763779528E-2));
#1411=LINE('',#1410,#1409);
#1412=CARTESIAN_POINT('',(-2.300314960630E-1,-2.251968503937E-3,
5.614173228346E-2));
#1413=DIRECTION('',(0.E0,0.E0,1.E0));
#1414=DIRECTION('',(0.E0,1.E0,0.E0));
#1415=AXIS2_PLACEMENT_3D('',#1412,#1413,#1414);
#1417=CARTESIAN_POINT('',(-2.300314960630E-1,-2.251968503937E-3,
-5.614173228346E-2));
#1418=DIRECTION('',(0.E0,0.E0,1.E0));
#1419=DIRECTION('',(0.E0,1.E0,0.E0));
#1420=AXIS2_PLACEMENT_3D('',#1417,#1418,#1419);
#1422=DIRECTION('',(0.E0,0.E0,1.E0));
#1423=VECTOR('',#1422,1.122834645669E-1);
#1424=CARTESIAN_POINT('',(-2.300314960630E-1,1.574803149606E-2,
-5.614173228346E-2));
#1425=LINE('',#1424,#1423);
#1426=DIRECTION('',(0.E0,-1.E0,0.E0));
#1427=VECTOR('',#1426,1.574803149606E-2);
#1428=CARTESIAN_POINT('',(-2.300314960630E-1,1.574803149606E-2,
5.614173228346E-2));
#1429=LINE('',#1428,#1427);
#1430=CARTESIAN_POINT('',(-2.300314960630E-1,-2.251968503937E-3,
5.614173228346E-2));
#1431=DIRECTION('',(0.E0,0.E0,1.E0));
#1432=DIRECTION('',(0.E0,1.E0,0.E0));
#1433=AXIS2_PLACEMENT_3D('',#1430,#1431,#1432);
#1435=DIRECTION('',(0.E0,0.E0,1.E0));
#1436=VECTOR('',#1435,1.122834645669E-1);
#1437=CARTESIAN_POINT('',(-2.300314960630E-1,0.E0,-5.614173228346E-2));
#1438=LINE('',#1437,#1436);
#1439=CARTESIAN_POINT('',(-2.300314960630E-1,-2.251968503937E-3,
-5.614173228346E-2));
#1440=DIRECTION('',(0.E0,0.E0,1.E0));
#1441=DIRECTION('',(0.E0,1.E0,0.E0));
#1442=AXIS2_PLACEMENT_3D('',#1439,#1440,#1441);
#1444=DIRECTION('',(1.E0,0.E0,0.E0));
#1445=VECTOR('',#1444,1.574803149606E-2);
#1446=CARTESIAN_POINT('',(-2.480314960630E-1,-2.251968503937E-3,
-5.614173228346E-2));
#1447=LINE('',#1446,#1445);
#1448=DIRECTION('',(1.E0,0.E0,0.E0));
#1449=VECTOR('',#1448,1.574803149606E-2);
#1450=CARTESIAN_POINT('',(-2.480314960630E-1,-1.574803149606E-2,
-5.614173228346E-2));
#1451=LINE('',#1450,#1449);
#1452=CARTESIAN_POINT('',(-2.480314960630E-1,-1.692913385827E-1,
-3.307129503366E-2));
#1453=DIRECTION('',(1.E0,0.E0,0.E0));
#1454=DIRECTION('',(0.E0,0.E0,-1.E0));
#1455=AXIS2_PLACEMENT_3D('',#1452,#1453,#1454);
#1457=DIRECTION('',(0.E0,0.E0,1.E0));
#1458=VECTOR('',#1457,2.850393700787E-2);
#1459=CARTESIAN_POINT('',(-2.480314960630E-1,-1.574803149606E-2,
-8.464566929134E-2));
#1460=LINE('',#1459,#1458);
#1461=DIRECTION('',(0.E0,-1.E0,0.E0));
#1462=VECTOR('',#1461,1.349606299213E-2);
#1463=CARTESIAN_POINT('',(-2.480314960630E-1,-2.251968503937E-3,
-5.614173228346E-2));
#1464=LINE('',#1463,#1462);
#1465=DIRECTION('',(0.E0,0.E0,1.E0));
#1466=VECTOR('',#1465,1.122834645669E-1);
#1467=CARTESIAN_POINT('',(-2.480314960630E-1,-2.251968503937E-3,
-5.614173228346E-2));
#1468=LINE('',#1467,#1466);
#1469=DIRECTION('',(0.E0,-1.E0,0.E0));
#1470=VECTOR('',#1469,1.349606299213E-2);
#1471=CARTESIAN_POINT('',(-2.480314960630E-1,-2.251968503937E-3,
5.614173228346E-2));
#1472=LINE('',#1471,#1470);
#1473=DIRECTION('',(0.E0,0.E0,-1.E0));
#1474=VECTOR('',#1473,2.850393700787E-2);
#1475=CARTESIAN_POINT('',(-2.480314960630E-1,-1.574803149606E-2,
8.464566929134E-2));
#1476=LINE('',#1475,#1474);
#1477=CARTESIAN_POINT('',(-2.480314960630E-1,-1.692913385827E-1,
3.307129503366E-2));
#1478=DIRECTION('',(1.E0,0.E0,0.E0));
#1479=DIRECTION('',(0.E0,0.E0,-1.E0));
#1480=AXIS2_PLACEMENT_3D('',#1477,#1478,#1479);
#1482=DIRECTION('',(0.E0,-9.952694819191E-1,9.715275786381E-2));
#1483=VECTOR('',#1482,5.640737146493E-2);
#1484=CARTESIAN_POINT('',(-2.480314960630E-1,-1.692913385827E-1,1.8E-2));
#1485=LINE('',#1484,#1483);
#1486=CARTESIAN_POINT('',(-2.480314960630E-1,-2.283464566929E-1,
-6.377952755906E-3));
#1487=DIRECTION('',(1.E0,0.E0,0.E0));
#1488=DIRECTION('',(0.E0,9.715275786381E-2,9.952694819191E-1));
#1489=AXIS2_PLACEMENT_3D('',#1486,#1487,#1488);
#1491=DIRECTION('',(0.E0,-9.525615905352E-1,-3.043458825696E-1));
#1492=VECTOR('',#1491,3.538130952458E-2);
#1493=CARTESIAN_POINT('',(-2.480314960630E-1,-2.374768331700E-1,
2.219889496015E-2));
#1494=LINE('',#1493,#1492);
#1495=CARTESIAN_POINT('',(-2.480314960630E-1,-2.675275590551E-1,0.E0));
#1496=DIRECTION('',(1.E0,0.E0,0.E0));
#1497=DIRECTION('',(0.E0,-3.043458825696E-1,9.525615905352E-1));
#1498=AXIS2_PLACEMENT_3D('',#1495,#1496,#1497);
#1500=DIRECTION('',(0.E0,9.525615905352E-1,-3.043458825696E-1));
#1501=VECTOR('',#1500,3.538130952458E-2);
#1502=CARTESIAN_POINT('',(-2.480314960630E-1,-2.711797096460E-1,
-1.143073908642E-2));
#1503=LINE('',#1502,#1501);
#1504=CARTESIAN_POINT('',(-2.480314960630E-1,-2.283464566929E-1,
6.377952755906E-3));
#1505=DIRECTION('',(1.E0,0.E0,0.E0));
#1506=DIRECTION('',(0.E0,-3.043458825696E-1,-9.525615905352E-1));
#1507=AXIS2_PLACEMENT_3D('',#1504,#1505,#1506);
#1509=DIRECTION('',(0.E0,9.952694819191E-1,9.715275786381E-2));
#1510=VECTOR('',#1509,5.640737146493E-2);
#1511=CARTESIAN_POINT('',(-2.480314960630E-1,-2.254318739570E-1,
-2.348013170167E-2));
#1512=LINE('',#1511,#1510);
#1513=DIRECTION('',(1.E0,0.E0,0.E0));
#1514=VECTOR('',#1513,1.574803149606E-2);
#1515=CARTESIAN_POINT('',(-2.480314960630E-1,-1.692913385827E-1,
-1.807129503366E-2));
#1516=LINE('',#1515,#1514);
#1517=DIRECTION('',(0.E0,-3.893058771541E-13,1.E0));
#1518=VECTOR('',#1517,7.129503365972E-5);
#1519=CARTESIAN_POINT('',(-2.480314960630E-1,-1.692913385827E-1,
-1.807129503366E-2));
#1520=LINE('',#1519,#1518);
#1521=DIRECTION('',(1.E0,0.E0,0.E0));
#1522=VECTOR('',#1521,1.574803149606E-2);
#1523=CARTESIAN_POINT('',(-2.480314960630E-1,-1.692913385827E-1,-1.8E-2));
#1524=LINE('',#1523,#1522);
#1525=DIRECTION('',(0.E0,-3.893058771541E-13,1.E0));
#1526=VECTOR('',#1525,7.129503365972E-5);
#1527=CARTESIAN_POINT('',(-2.322834645669E-1,-1.692913385827E-1,
-1.807129503366E-2));
#1528=LINE('',#1527,#1526);
#1529=DIRECTION('',(1.E0,0.E0,0.E0));
#1530=VECTOR('',#1529,1.574803149606E-2);
#1531=CARTESIAN_POINT('',(-2.480314960630E-1,-2.254318739570E-1,
-2.348013170167E-2));
#1532=LINE('',#1531,#1530);
#1533=DIRECTION('',(1.E0,0.E0,0.E0));
#1534=VECTOR('',#1533,1.574803149606E-2);
#1535=CARTESIAN_POINT('',(-2.480314960630E-1,-2.374768331700E-1,
-2.219889496015E-2));
#1536=LINE('',#1535,#1534);
#1537=DIRECTION('',(1.E0,0.E0,0.E0));
#1538=VECTOR('',#1537,1.574803149606E-2);
#1539=CARTESIAN_POINT('',(-2.480314960630E-1,-2.711797096460E-1,
-1.143073908642E-2));
#1540=LINE('',#1539,#1538);
#1541=DIRECTION('',(1.E0,0.E0,0.E0));
#1542=VECTOR('',#1541,1.574803149606E-2);
#1543=CARTESIAN_POINT('',(-2.480314960630E-1,-2.711797096460E-1,
1.143073908642E-2));
#1544=LINE('',#1543,#1542);
#1545=DIRECTION('',(1.E0,0.E0,0.E0));
#1546=VECTOR('',#1545,1.574803149606E-2);
#1547=CARTESIAN_POINT('',(-2.480314960630E-1,-2.374768331700E-1,
2.219889496015E-2));
#1548=LINE('',#1547,#1546);
#1549=DIRECTION('',(1.E0,0.E0,0.E0));
#1550=VECTOR('',#1549,1.574803149606E-2);
#1551=CARTESIAN_POINT('',(-2.480314960630E-1,-2.254318739570E-1,
2.348013170167E-2));
#1552=LINE('',#1551,#1550);
#1553=DIRECTION('',(1.E0,0.E0,0.E0));
#1554=VECTOR('',#1553,1.574803149606E-2);
#1555=CARTESIAN_POINT('',(-2.480314960630E-1,-1.692913385827E-1,1.8E-2));
#1556=LINE('',#1555,#1554);
#1557=DIRECTION('',(1.E0,0.E0,0.E0));
#1558=VECTOR('',#1557,1.574803149606E-2);
#1559=CARTESIAN_POINT('',(-2.480314960630E-1,-1.692913385827E-1,
1.807129503366E-2));
#1560=LINE('',#1559,#1558);
#1561=DIRECTION('',(0.E0,0.E0,1.E0));
#1562=VECTOR('',#1561,7.129503365974E-5);
#1563=CARTESIAN_POINT('',(-2.322834645669E-1,-1.692913385827E-1,1.8E-2));
#1564=LINE('',#1563,#1562);
#1565=DIRECTION('',(0.E0,0.E0,1.E0));
#1566=VECTOR('',#1565,7.129503365974E-5);
#1567=CARTESIAN_POINT('',(-2.480314960630E-1,-1.692913385827E-1,1.8E-2));
#1568=LINE('',#1567,#1566);
#1569=DIRECTION('',(1.E0,0.E0,0.E0));
#1570=VECTOR('',#1569,1.574803149606E-2);
#1571=CARTESIAN_POINT('',(-2.480314960630E-1,-1.692913385827E-1,
4.807129503366E-2));
#1572=LINE('',#1571,#1570);
#1573=DIRECTION('',(0.E0,0.E0,1.E0));
#1574=VECTOR('',#1573,3.657437425768E-2);
#1575=CARTESIAN_POINT('',(-2.480314960630E-1,-1.692913385827E-1,
4.807129503366E-2));
#1576=LINE('',#1575,#1574);
#1577=DIRECTION('',(1.E0,0.E0,0.E0));
#1578=VECTOR('',#1577,1.574803149606E-2);
#1579=CARTESIAN_POINT('',(-2.480314960630E-1,-1.692913385827E-1,
8.464566929134E-2));
#1580=LINE('',#1579,#1578);
#1581=DIRECTION('',(0.E0,0.E0,1.E0));
#1582=VECTOR('',#1581,3.657437425768E-2);
#1583=CARTESIAN_POINT('',(-2.322834645669E-1,-1.692913385827E-1,
4.807129503366E-2));
#1584=LINE('',#1583,#1582);
#1585=DIRECTION('',(1.E0,0.E0,0.E0));
#1586=VECTOR('',#1585,1.574803149606E-2);
#1587=CARTESIAN_POINT('',(-2.480314960630E-1,-1.574803149606E-2,
8.464566929134E-2));
#1588=LINE('',#1587,#1586);
#1589=DIRECTION('',(0.E0,-1.E0,0.E0));
#1590=VECTOR('',#1589,1.535433070866E-1);
#1591=CARTESIAN_POINT('',(-2.322834645669E-1,-1.574803149606E-2,
8.464566929134E-2));
#1592=LINE('',#1591,#1590);
#1593=DIRECTION('',(0.E0,-1.E0,0.E0));
#1594=VECTOR('',#1593,1.535433070866E-1);
#1595=CARTESIAN_POINT('',(-2.480314960630E-1,-1.574803149606E-2,
8.464566929134E-2));
#1596=LINE('',#1595,#1594);
#1597=DIRECTION('',(1.E0,0.E0,0.E0));
#1598=VECTOR('',#1597,1.574803149606E-2);
#1599=CARTESIAN_POINT('',(-2.480314960630E-1,-1.574803149606E-2,
5.614173228346E-2));
#1600=LINE('',#1599,#1598);
#1601=DIRECTION('',(1.E0,0.E0,0.E0));
#1602=VECTOR('',#1601,1.574803149606E-2);
#1603=CARTESIAN_POINT('',(-2.480314960630E-1,-2.251968503937E-3,
5.614173228346E-2));
#1604=LINE('',#1603,#1602);
#1605=CARTESIAN_POINT('',(-2.322834645669E-1,-1.692913385827E-1,
-3.307129503366E-2));
#1606=DIRECTION('',(1.E0,0.E0,0.E0));
#1607=DIRECTION('',(0.E0,0.E0,-1.E0));
#1608=AXIS2_PLACEMENT_3D('',#1605,#1606,#1607);
#1610=DIRECTION('',(0.E0,9.952694819191E-1,9.715275786381E-2));
#1611=VECTOR('',#1610,5.640737146493E-2);
#1612=CARTESIAN_POINT('',(-2.322834645669E-1,-2.254318739570E-1,
-2.348013170167E-2));
#1613=LINE('',#1612,#1611);
#1614=CARTESIAN_POINT('',(-2.322834645669E-1,-2.283464566929E-1,
6.377952755906E-3));
#1615=DIRECTION('',(1.E0,0.E0,0.E0));
#1616=DIRECTION('',(0.E0,-3.043458825696E-1,-9.525615905352E-1));
#1617=AXIS2_PLACEMENT_3D('',#1614,#1615,#1616);
#1619=DIRECTION('',(0.E0,9.525615905352E-1,-3.043458825696E-1));
#1620=VECTOR('',#1619,3.538130952458E-2);
#1621=CARTESIAN_POINT('',(-2.322834645669E-1,-2.711797096460E-1,
-1.143073908642E-2));
#1622=LINE('',#1621,#1620);
#1623=CARTESIAN_POINT('',(-2.322834645669E-1,-2.675275590551E-1,0.E0));
#1624=DIRECTION('',(1.E0,0.E0,0.E0));
#1625=DIRECTION('',(0.E0,-3.043458825696E-1,9.525615905352E-1));
#1626=AXIS2_PLACEMENT_3D('',#1623,#1624,#1625);
#1628=DIRECTION('',(0.E0,-9.525615905352E-1,-3.043458825696E-1));
#1629=VECTOR('',#1628,3.538130952458E-2);
#1630=CARTESIAN_POINT('',(-2.322834645669E-1,-2.374768331700E-1,
2.219889496015E-2));
#1631=LINE('',#1630,#1629);
#1632=CARTESIAN_POINT('',(-2.322834645669E-1,-2.283464566929E-1,
-6.377952755906E-3));
#1633=DIRECTION('',(1.E0,0.E0,0.E0));
#1634=DIRECTION('',(0.E0,9.715275786381E-2,9.952694819191E-1));
#1635=AXIS2_PLACEMENT_3D('',#1632,#1633,#1634);
#1637=DIRECTION('',(0.E0,-9.952694819191E-1,9.715275786381E-2));
#1638=VECTOR('',#1637,5.640737146493E-2);
#1639=CARTESIAN_POINT('',(-2.322834645669E-1,-1.692913385827E-1,1.8E-2));
#1640=LINE('',#1639,#1638);
#1641=CARTESIAN_POINT('',(-2.322834645669E-1,-1.692913385827E-1,
3.307129503366E-2));
#1642=DIRECTION('',(1.E0,0.E0,0.E0));
#1643=DIRECTION('',(0.E0,0.E0,-1.E0));
#1644=AXIS2_PLACEMENT_3D('',#1641,#1642,#1643);
#1646=DIRECTION('',(0.E0,0.E0,-1.E0));
#1647=VECTOR('',#1646,2.850393700787E-2);
#1648=CARTESIAN_POINT('',(-2.322834645669E-1,-1.574803149606E-2,
8.464566929134E-2));
#1649=LINE('',#1648,#1647);
#1650=DIRECTION('',(0.E0,-1.E0,0.E0));
#1651=VECTOR('',#1650,1.349606299213E-2);
#1652=CARTESIAN_POINT('',(-2.322834645669E-1,-2.251968503937E-3,
5.614173228346E-2));
#1653=LINE('',#1652,#1651);
#1654=DIRECTION('',(0.E0,0.E0,1.E0));
#1655=VECTOR('',#1654,1.122834645669E-1);
#1656=CARTESIAN_POINT('',(-2.322834645669E-1,-2.251968503937E-3,
-5.614173228346E-2));
#1657=LINE('',#1656,#1655);
#1658=DIRECTION('',(0.E0,-1.E0,0.E0));
#1659=VECTOR('',#1658,1.349606299213E-2);
#1660=CARTESIAN_POINT('',(-2.322834645669E-1,-2.251968503937E-3,
-5.614173228346E-2));
#1661=LINE('',#1660,#1659);
#1662=DIRECTION('',(0.E0,0.E0,1.E0));
#1663=VECTOR('',#1662,2.850393700787E-2);
#1664=CARTESIAN_POINT('',(-2.322834645669E-1,-1.574803149606E-2,
-8.464566929134E-2));
#1665=LINE('',#1664,#1663);
#1666=DIRECTION('',(1.E0,0.E0,0.E0));
#1667=VECTOR('',#1666,1.574803149606E-2);
#1668=CARTESIAN_POINT('',(-2.480314960630E-1,-1.574803149606E-2,
-8.464566929134E-2));
#1669=LINE('',#1668,#1667);
#1670=DIRECTION('',(0.E0,-1.E0,0.E0));
#1671=VECTOR('',#1670,1.535433070866E-1);
#1672=CARTESIAN_POINT('',(-2.480314960630E-1,-1.574803149606E-2,
-8.464566929134E-2));
#1673=LINE('',#1672,#1671);
#1674=DIRECTION('',(1.E0,0.E0,0.E0));
#1675=VECTOR('',#1674,1.574803149606E-2);
#1676=CARTESIAN_POINT('',(-2.480314960630E-1,-1.692913385827E-1,
-8.464566929134E-2));
#1677=LINE('',#1676,#1675);
#1678=DIRECTION('',(0.E0,-1.E0,0.E0));
#1679=VECTOR('',#1678,1.535433070866E-1);
#1680=CARTESIAN_POINT('',(-2.322834645669E-1,-1.574803149606E-2,
-8.464566929134E-2));
#1681=LINE('',#1680,#1679);
#1682=DIRECTION('',(1.E0,0.E0,0.E0));
#1683=VECTOR('',#1682,1.574803149606E-2);
#1684=CARTESIAN_POINT('',(-2.480314960630E-1,-1.692913385827E-1,
-4.807129503366E-2));
#1685=LINE('',#1684,#1683);
#1686=DIRECTION('',(0.E0,0.E0,1.E0));
#1687=VECTOR('',#1686,3.657437425768E-2);
#1688=CARTESIAN_POINT('',(-2.322834645669E-1,-1.692913385827E-1,
-8.464566929134E-2));
#1689=LINE('',#1688,#1687);
#1690=DIRECTION('',(0.E0,0.E0,1.E0));
#1691=VECTOR('',#1690,3.657437425768E-2);
#1692=CARTESIAN_POINT('',(-2.480314960630E-1,-1.692913385827E-1,
-8.464566929134E-2));
#1693=LINE('',#1692,#1691);
#1694=DIRECTION('',(0.E0,-1.E0,0.E0));
#1695=VECTOR('',#1694,1.574803149606E-2);
#1696=CARTESIAN_POINT('',(-2.300314960630E-1,1.574803149606E-2,
-5.614173228346E-2));
#1697=LINE('',#1696,#1695);
#1698=DIRECTION('',(0.E0,-1.E0,0.E0));
#1699=VECTOR('',#1698,1.574803149606E-2);
#1700=CARTESIAN_POINT('',(-2.300314960630E-1,1.574803149606E-2,
-6.889763779528E-2));
#1701=LINE('',#1700,#1699);
#1702=DIRECTION('',(-1.E0,0.E0,0.E0));
#1703=VECTOR('',#1702,4.600629921260E-1);
#1704=CARTESIAN_POINT('',(2.300314960630E-1,0.E0,-8.464566929134E-2));
#1705=LINE('',#1704,#1703);
#1706=CARTESIAN_POINT('',(2.300314960630E-1,0.E0,-6.889763779528E-2));
#1707=DIRECTION('',(1.E0,0.E0,0.E0));
#1708=DIRECTION('',(0.E0,0.E0,-1.E0));
#1709=AXIS2_PLACEMENT_3D('',#1706,#1707,#1708);
#1711=DIRECTION('',(-1.E0,0.E0,0.E0));
#1712=VECTOR('',#1711,4.600629921260E-1);
#1713=CARTESIAN_POINT('',(2.300314960630E-1,1.574803149606E-2,
-6.889763779528E-2));
#1714=LINE('',#1713,#1712);
#1715=CARTESIAN_POINT('',(-2.300314960630E-1,0.E0,-6.889763779528E-2));
#1716=DIRECTION('',(1.E0,0.E0,0.E0));
#1717=DIRECTION('',(0.E0,0.E0,-1.E0));
#1718=AXIS2_PLACEMENT_3D('',#1715,#1716,#1717);
#1720=DIRECTION('',(0.E0,0.E0,1.E0));
#1721=VECTOR('',#1720,1.574803149606E-2);
#1722=CARTESIAN_POINT('',(2.300314960630E-1,0.E0,-8.464566929134E-2));
#1723=LINE('',#1722,#1721);
#1724=DIRECTION('',(0.E0,0.E0,1.E0));
#1725=VECTOR('',#1724,1.574803149606E-2);
#1726=CARTESIAN_POINT('',(2.300314960630E-1,-1.094488188976E-1,
-8.464566929134E-2));
#1727=LINE('',#1726,#1725);
#1728=DIRECTION('',(0.E0,0.E0,-1.E0));
#1729=VECTOR('',#1728,1.574803149606E-2);
#1730=CARTESIAN_POINT('',(2.299212598425E-1,-1.094488188976E-1,
-6.889763779528E-2));
#1731=LINE('',#1730,#1729);
#1732=DIRECTION('',(-1.E0,0.E0,0.E0));
#1733=VECTOR('',#1732,4.094488188976E-2);
#1734=CARTESIAN_POINT('',(2.299212598425E-1,-1.094488188976E-1,
-6.889763779528E-2));
#1735=LINE('',#1734,#1733);
#1736=DIRECTION('',(1.E0,0.E0,0.E0));
#1737=VECTOR('',#1736,1.968503937008E-3);
#1738=CARTESIAN_POINT('',(1.870078740157E-1,-1.094488188976E-1,
-6.889763779528E-2));
#1739=LINE('',#1738,#1737);
#1740=DIRECTION('',(0.E0,1.E0,0.E0));
#1741=VECTOR('',#1740,3.228346456693E-2);
#1742=CARTESIAN_POINT('',(1.870078740157E-1,-1.417322834646E-1,
-6.889763779528E-2));
#1743=LINE('',#1742,#1741);
#1744=DIRECTION('',(-1.E0,0.E0,0.E0));
#1745=VECTOR('',#1744,3.251968503937E-2);
#1746=CARTESIAN_POINT('',(1.870078740157E-1,-1.417322834646E-1,
-6.889763779528E-2));
#1747=LINE('',#1746,#1745);
#1748=DIRECTION('',(0.E0,-1.E0,0.E0));
#1749=VECTOR('',#1748,3.228346456693E-2);
#1750=CARTESIAN_POINT('',(1.544881889764E-1,-1.094488188976E-1,
-6.889763779528E-2));
#1751=LINE('',#1750,#1749);
#1752=DIRECTION('',(1.E0,0.E0,0.E0));
#1753=VECTOR('',#1752,2.913385826772E-3);
#1754=CARTESIAN_POINT('',(1.515748031496E-1,-1.094488188976E-1,
-6.889763779528E-2));
#1755=LINE('',#1754,#1753);
#1756=DIRECTION('',(-1.E0,0.E0,0.E0));
#1757=VECTOR('',#1756,3.031496062992E-1);
#1758=CARTESIAN_POINT('',(1.515748031496E-1,-1.094488188976E-1,
-6.889763779528E-2));
#1759=LINE('',#1758,#1757);
#1760=DIRECTION('',(1.E0,0.E0,0.E0));
#1761=VECTOR('',#1760,2.933070866142E-3);
#1762=CARTESIAN_POINT('',(-1.545078740157E-1,-1.094488188976E-1,
-6.889763779528E-2));
#1763=LINE('',#1762,#1761);
#1764=DIRECTION('',(0.E0,1.E0,0.E0));
#1765=VECTOR('',#1764,3.228346456693E-2);
#1766=CARTESIAN_POINT('',(-1.545078740157E-1,-1.417322834646E-1,
-6.889763779528E-2));
#1767=LINE('',#1766,#1765);
#1768=DIRECTION('',(-1.E0,0.E0,0.E0));
#1769=VECTOR('',#1768,3.25E-2);
#1770=CARTESIAN_POINT('',(-1.545078740157E-1,-1.417322834646E-1,
-6.889763779528E-2));
#1771=LINE('',#1770,#1769);
#1772=DIRECTION('',(0.E0,-1.E0,0.E0));
#1773=VECTOR('',#1772,3.228346456693E-2);
#1774=CARTESIAN_POINT('',(-1.870078740157E-1,-1.094488188976E-1,
-6.889763779528E-2));
#1775=LINE('',#1774,#1773);
#1776=DIRECTION('',(1.E0,0.E0,0.E0));
#1777=VECTOR('',#1776,1.968503937008E-3);
#1778=CARTESIAN_POINT('',(-1.889763779528E-1,-1.094488188976E-1,
-6.889763779528E-2));
#1779=LINE('',#1778,#1777);
#1780=DIRECTION('',(-1.E0,0.E0,0.E0));
#1781=VECTOR('',#1780,4.094488188976E-2);
#1782=CARTESIAN_POINT('',(-1.889763779528E-1,-1.094488188976E-1,
-6.889763779528E-2));
#1783=LINE('',#1782,#1781);
#1784=DIRECTION('',(1.E0,0.E0,0.E0));
#1785=VECTOR('',#1784,1.102362204724E-4);
#1786=CARTESIAN_POINT('',(-2.300314960630E-1,-1.094488188976E-1,
-6.889763779528E-2));
#1787=LINE('',#1786,#1785);
#1788=DIRECTION('',(0.E0,-1.E0,0.E0));
#1789=VECTOR('',#1788,1.094488188976E-1);
#1790=CARTESIAN_POINT('',(-2.300314960630E-1,0.E0,-6.889763779528E-2));
#1791=LINE('',#1790,#1789);
#1792=DIRECTION('',(-1.E0,0.E0,0.E0));
#1793=VECTOR('',#1792,4.600629921260E-1);
#1794=CARTESIAN_POINT('',(2.300314960630E-1,0.E0,-6.889763779528E-2));
#1795=LINE('',#1794,#1793);
#1796=DIRECTION('',(0.E0,1.E0,0.E0));
#1797=VECTOR('',#1796,1.094488188976E-1);
#1798=CARTESIAN_POINT('',(2.300314960630E-1,-1.094488188976E-1,
-6.889763779528E-2));
#1799=LINE('',#1798,#1797);
#1800=DIRECTION('',(1.E0,-1.258913608280E-13,0.E0));
#1801=VECTOR('',#1800,1.102362204724E-4);
#1802=CARTESIAN_POINT('',(2.299212598425E-1,-1.094488188976E-1,
-6.889763779528E-2));
#1803=LINE('',#1802,#1801);
#1804=DIRECTION('',(0.E0,0.E0,-1.E0));
#1805=VECTOR('',#1804,1.574803149606E-2);
#1806=CARTESIAN_POINT('',(1.889763779528E-1,-1.094488188976E-1,
-6.889763779528E-2));
#1807=LINE('',#1806,#1805);
#1808=DIRECTION('',(0.E0,0.E0,1.E0));
#1809=VECTOR('',#1808,1.574803149606E-2);
#1810=CARTESIAN_POINT('',(1.870078740157E-1,-1.094488188976E-1,
-8.464566929134E-2));
#1811=LINE('',#1810,#1809);
#1812=DIRECTION('',(0.E0,1.E0,0.E0));
#1813=VECTOR('',#1812,3.228346456693E-2);
#1814=CARTESIAN_POINT('',(1.889763779528E-1,-1.417322834646E-1,
-6.496062992126E-2));
#1815=LINE('',#1814,#1813);
#1816=DIRECTION('',(0.E0,1.E0,0.E0));
#1817=VECTOR('',#1816,3.228346456693E-2);
#1818=CARTESIAN_POINT('',(1.515748031496E-1,-1.417322834646E-1,
-6.496062992126E-2));
#1819=LINE('',#1818,#1817);
#1820=DIRECTION('',(0.E0,0.E0,-1.E0));
#1821=VECTOR('',#1820,1.574803149606E-2);
#1822=CARTESIAN_POINT('',(1.515748031496E-1,-1.094488188976E-1,
-6.889763779528E-2));
#1823=LINE('',#1822,#1821);
#1824=DIRECTION('',(0.E0,0.E0,-1.E0));
#1825=VECTOR('',#1824,1.574803149606E-2);
#1826=CARTESIAN_POINT('',(1.544881889764E-1,-1.417322834646E-1,
-6.889763779528E-2));
#1827=LINE('',#1826,#1825);
#1828=DIRECTION('',(0.E0,0.E0,1.E0));
#1829=VECTOR('',#1828,1.574803149606E-2);
#1830=CARTESIAN_POINT('',(1.544881889764E-1,-1.094488188976E-1,
-8.464566929134E-2));
#1831=LINE('',#1830,#1829);
#1832=DIRECTION('',(0.E0,-1.E0,0.E0));
#1833=VECTOR('',#1832,1.574803149606E-2);
#1834=CARTESIAN_POINT('',(1.544881889764E-1,-1.437007874016E-1,
-6.692913385827E-2));
#1835=LINE('',#1834,#1833);
#1836=DIRECTION('',(0.E0,0.E0,-1.E0));
#1837=VECTOR('',#1836,1.923071589214E-2);
#1838=CARTESIAN_POINT('',(1.870078740157E-1,-1.437007874016E-1,
-4.769841796613E-2));
#1839=LINE('',#1838,#1837);
#1840=CARTESIAN_POINT('',(1.707480314961E-1,-1.437007874016E-1,
-4.769841796613E-2));
#1841=DIRECTION('',(0.E0,1.E0,0.E0));
#1842=DIRECTION('',(-1.E0,0.E0,0.E0));
#1843=AXIS2_PLACEMENT_3D('',#1840,#1841,#1842);
#1845=DIRECTION('',(0.E0,0.E0,1.E0));
#1846=VECTOR('',#1845,1.923071589214E-2);
#1847=CARTESIAN_POINT('',(1.544881889764E-1,-1.437007874016E-1,
-6.692913385827E-2));
#1848=LINE('',#1847,#1846);
#1849=DIRECTION('',(-1.E0,0.E0,0.E0));
#1850=VECTOR('',#1849,3.251968503937E-2);
#1851=CARTESIAN_POINT('',(1.870078740157E-1,-1.437007874016E-1,
-6.692913385827E-2));
#1852=LINE('',#1851,#1850);
#1853=CARTESIAN_POINT('',(1.544881889764E-1,-1.417322834646E-1,
-6.692913385827E-2));
#1854=DIRECTION('',(-1.E0,0.E0,0.E0));
#1855=DIRECTION('',(0.E0,-1.409983241274E-14,-1.E0));
#1856=AXIS2_PLACEMENT_3D('',#1853,#1854,#1855);
#1858=CARTESIAN_POINT('',(1.870078740157E-1,-1.417322834646E-1,
-6.692913385827E-2));
#1859=DIRECTION('',(1.E0,0.E0,0.E0));
#1860=DIRECTION('',(0.E0,-1.E0,0.E0));
#1861=AXIS2_PLACEMENT_3D('',#1858,#1859,#1860);
#1863=DIRECTION('',(0.E0,-1.E0,0.E0));
#1864=VECTOR('',#1863,1.574803149606E-2);
#1865=CARTESIAN_POINT('',(1.870078740157E-1,-1.437007874016E-1,
-6.692913385827E-2));
#1866=LINE('',#1865,#1864);
#1867=DIRECTION('',(0.E0,1.E0,0.E0));
#1868=VECTOR('',#1867,1.574803149606E-2);
#1869=CARTESIAN_POINT('',(1.870078740157E-1,-1.594488188976E-1,
-4.769841796613E-2));
#1870=LINE('',#1869,#1868);
#1871=DIRECTION('',(0.E0,0.E0,1.E0));
#1872=VECTOR('',#1871,1.923071589214E-2);
#1873=CARTESIAN_POINT('',(1.544881889764E-1,-1.594488188976E-1,
-6.692913385827E-2));
#1874=LINE('',#1873,#1872);
#1875=CARTESIAN_POINT('',(1.707480314961E-1,-1.594488188976E-1,
-4.769841796613E-2));
#1876=DIRECTION('',(0.E0,1.E0,0.E0));
#1877=DIRECTION('',(-1.E0,0.E0,0.E0));
#1878=AXIS2_PLACEMENT_3D('',#1875,#1876,#1877);
#1880=DIRECTION('',(0.E0,0.E0,-1.E0));
#1881=VECTOR('',#1880,1.923071589214E-2);
#1882=CARTESIAN_POINT('',(1.870078740157E-1,-1.594488188976E-1,
-4.769841796613E-2));
#1883=LINE('',#1882,#1881);
#1884=DIRECTION('',(-1.E0,0.E0,0.E0));
#1885=VECTOR('',#1884,3.251968503937E-2);
#1886=CARTESIAN_POINT('',(1.870078740157E-1,-1.594488188976E-1,
-6.692913385827E-2));
#1887=LINE('',#1886,#1885);
#1888=CARTESIAN_POINT('',(1.870078740157E-1,-1.417322834646E-1,
-6.692913385827E-2));
#1889=DIRECTION('',(1.E0,0.E0,0.E0));
#1890=DIRECTION('',(0.E0,-1.E0,0.E0));
#1891=AXIS2_PLACEMENT_3D('',#1888,#1889,#1890);
#1893=CARTESIAN_POINT('',(1.544881889764E-1,-1.417322834646E-1,
-6.692913385827E-2));
#1894=DIRECTION('',(-1.E0,0.E0,0.E0));
#1895=DIRECTION('',(0.E0,0.E0,-1.E0));
#1896=AXIS2_PLACEMENT_3D('',#1893,#1894,#1895);
#1898=DIRECTION('',(0.E0,1.E0,0.E0));
#1899=VECTOR('',#1898,1.574803149606E-2);
#1900=CARTESIAN_POINT('',(1.544881889764E-1,-1.594488188976E-1,
-4.769841796613E-2));
#1901=LINE('',#1900,#1899);
#1902=DIRECTION('',(0.E0,0.E0,-1.E0));
#1903=VECTOR('',#1902,1.574803149606E-2);
#1904=CARTESIAN_POINT('',(1.870078740157E-1,-1.417322834646E-1,
-6.889763779528E-2));
#1905=LINE('',#1904,#1903);
#1906=DIRECTION('',(0.E0,0.E0,-1.E0));
#1907=VECTOR('',#1906,1.574803149606E-2);
#1908=CARTESIAN_POINT('',(-1.515748031496E-1,-1.094488188976E-1,
-6.889763779528E-2));
#1909=LINE('',#1908,#1907);
#1910=DIRECTION('',(0.E0,0.E0,1.E0));
#1911=VECTOR('',#1910,1.574803149606E-2);
#1912=CARTESIAN_POINT('',(-1.545078740157E-1,-1.094488188976E-1,
-8.464566929134E-2));
#1913=LINE('',#1912,#1911);
#1914=DIRECTION('',(0.E0,1.E0,0.E0));
#1915=VECTOR('',#1914,3.228346456693E-2);
#1916=CARTESIAN_POINT('',(-1.515748031496E-1,-1.417322834646E-1,
-6.496062992126E-2));
#1917=LINE('',#1916,#1915);
#1918=DIRECTION('',(0.E0,1.E0,0.E0));
#1919=VECTOR('',#1918,3.228346456693E-2);
#1920=CARTESIAN_POINT('',(-1.889763779528E-1,-1.417322834646E-1,
-6.496062992126E-2));
#1921=LINE('',#1920,#1919);
#1922=DIRECTION('',(0.E0,0.E0,-1.E0));
#1923=VECTOR('',#1922,1.574803149606E-2);
#1924=CARTESIAN_POINT('',(-1.889763779528E-1,-1.094488188976E-1,
-6.889763779528E-2));
#1925=LINE('',#1924,#1923);
#1926=DIRECTION('',(0.E0,0.E0,-1.E0));
#1927=VECTOR('',#1926,1.574803149606E-2);
#1928=CARTESIAN_POINT('',(-1.870078740157E-1,-1.417322834646E-1,
-6.889763779528E-2));
#1929=LINE('',#1928,#1927);
#1930=DIRECTION('',(0.E0,0.E0,1.E0));
#1931=VECTOR('',#1930,1.574803149606E-2);
#1932=CARTESIAN_POINT('',(-1.870078740157E-1,-1.094488188976E-1,
-8.464566929134E-2));
#1933=LINE('',#1932,#1931);
#1934=DIRECTION('',(0.E0,-1.E0,0.E0));
#1935=VECTOR('',#1934,1.574803149606E-2);
#1936=CARTESIAN_POINT('',(-1.870078740157E-1,-1.437007874016E-1,
-6.692913385827E-2));
#1937=LINE('',#1936,#1935);
#1938=DIRECTION('',(0.E0,0.E0,-1.E0));
#1939=VECTOR('',#1938,1.923071589214E-2);
#1940=CARTESIAN_POINT('',(-1.545078740157E-1,-1.437007874016E-1,
-4.769841796613E-2));
#1941=LINE('',#1940,#1939);
#1942=CARTESIAN_POINT('',(-1.707578740157E-1,-1.437007874016E-1,
-4.769841796613E-2));
#1943=DIRECTION('',(0.E0,1.E0,0.E0));
#1944=DIRECTION('',(-1.E0,0.E0,0.E0));
#1945=AXIS2_PLACEMENT_3D('',#1942,#1943,#1944);
#1947=DIRECTION('',(0.E0,0.E0,1.E0));
#1948=VECTOR('',#1947,1.923071589214E-2);
#1949=CARTESIAN_POINT('',(-1.870078740157E-1,-1.437007874016E-1,
-6.692913385827E-2));
#1950=LINE('',#1949,#1948);
#1951=DIRECTION('',(-1.E0,0.E0,0.E0));
#1952=VECTOR('',#1951,3.25E-2);
#1953=CARTESIAN_POINT('',(-1.545078740157E-1,-1.437007874016E-1,
-6.692913385827E-2));
#1954=LINE('',#1953,#1952);
#1955=CARTESIAN_POINT('',(-1.870078740157E-1,-1.417322834646E-1,
-6.692913385827E-2));
#1956=DIRECTION('',(-1.E0,0.E0,0.E0));
#1957=DIRECTION('',(0.E0,-1.409983241274E-14,-1.E0));
#1958=AXIS2_PLACEMENT_3D('',#1955,#1956,#1957);
#1960=CARTESIAN_POINT('',(-1.545078740157E-1,-1.417322834646E-1,
-6.692913385827E-2));
#1961=DIRECTION('',(1.E0,0.E0,0.E0));
#1962=DIRECTION('',(0.E0,-1.E0,0.E0));
#1963=AXIS2_PLACEMENT_3D('',#1960,#1961,#1962);
#1965=DIRECTION('',(0.E0,-1.E0,0.E0));
#1966=VECTOR('',#1965,1.574803149606E-2);
#1967=CARTESIAN_POINT('',(-1.545078740157E-1,-1.437007874016E-1,
-6.692913385827E-2));
#1968=LINE('',#1967,#1966);
#1969=DIRECTION('',(0.E0,1.E0,0.E0));
#1970=VECTOR('',#1969,1.574803149606E-2);
#1971=CARTESIAN_POINT('',(-1.545078740157E-1,-1.594488188976E-1,
-4.769841796613E-2));
#1972=LINE('',#1971,#1970);
#1973=DIRECTION('',(0.E0,0.E0,1.E0));
#1974=VECTOR('',#1973,1.923071589214E-2);
#1975=CARTESIAN_POINT('',(-1.870078740157E-1,-1.594488188976E-1,
-6.692913385827E-2));
#1976=LINE('',#1975,#1974);
#1977=CARTESIAN_POINT('',(-1.707578740157E-1,-1.594488188976E-1,
-4.769841796613E-2));
#1978=DIRECTION('',(0.E0,1.E0,0.E0));
#1979=DIRECTION('',(-1.E0,0.E0,0.E0));
#1980=AXIS2_PLACEMENT_3D('',#1977,#1978,#1979);
#1982=DIRECTION('',(0.E0,0.E0,-1.E0));
#1983=VECTOR('',#1982,1.923071589214E-2);
#1984=CARTESIAN_POINT('',(-1.545078740157E-1,-1.594488188976E-1,
-4.769841796613E-2));
#1985=LINE('',#1984,#1983);
#1986=DIRECTION('',(-1.E0,0.E0,0.E0));
#1987=VECTOR('',#1986,3.25E-2);
#1988=CARTESIAN_POINT('',(-1.545078740157E-1,-1.594488188976E-1,
-6.692913385827E-2));
#1989=LINE('',#1988,#1987);
#1990=CARTESIAN_POINT('',(-1.545078740157E-1,-1.417322834646E-1,
-6.692913385827E-2));
#1991=DIRECTION('',(1.E0,0.E0,0.E0));
#1992=DIRECTION('',(0.E0,-1.E0,0.E0));
#1993=AXIS2_PLACEMENT_3D('',#1990,#1991,#1992);
#1995=CARTESIAN_POINT('',(-1.870078740157E-1,-1.417322834646E-1,
-6.692913385827E-2));
#1996=DIRECTION('',(-1.E0,0.E0,0.E0));
#1997=DIRECTION('',(0.E0,0.E0,-1.E0));
#1998=AXIS2_PLACEMENT_3D('',#1995,#1996,#1997);
#2000=DIRECTION('',(0.E0,1.E0,0.E0));
#2001=VECTOR('',#2000,1.574803149606E-2);
#2002=CARTESIAN_POINT('',(-1.870078740157E-1,-1.594488188976E-1,
-4.769841796613E-2));
#2003=LINE('',#2002,#2001);
#2004=DIRECTION('',(0.E0,0.E0,-1.E0));
#2005=VECTOR('',#2004,1.574803149606E-2);
#2006=CARTESIAN_POINT('',(-1.545078740157E-1,-1.417322834646E-1,
-6.889763779528E-2));
#2007=LINE('',#2006,#2005);
#2008=DIRECTION('',(0.E0,0.E0,1.E0));
#2009=VECTOR('',#2008,1.574803149606E-2);
#2010=CARTESIAN_POINT('',(-2.300314960630E-1,0.E0,-8.464566929134E-2));
#2011=LINE('',#2010,#2009);
#2012=DIRECTION('',(0.E0,-1.E0,0.E0));
#2013=VECTOR('',#2012,1.574803149606E-2);
#2014=CARTESIAN_POINT('',(2.300314960630E-1,1.574803149606E-2,
-6.889763779528E-2));
#2015=LINE('',#2014,#2013);
#2016=DIRECTION('',(-1.E0,0.E0,0.E0));
#2017=VECTOR('',#2016,1.909448818898E-1);
#2018=CARTESIAN_POINT('',(1.200787401575E-1,0.E0,-4.330708661417E-2));
#2019=LINE('',#2018,#2017);
#2020=DIRECTION('',(0.E0,1.E0,0.E0));
#2021=VECTOR('',#2020,1.574803149606E-2);
#2022=CARTESIAN_POINT('',(1.200787401575E-1,0.E0,-4.330708661417E-2));
#2023=LINE('',#2022,#2021);
#2024=DIRECTION('',(1.E0,0.E0,0.E0));
#2025=VECTOR('',#2024,7.874015748031E-2);
#2026=CARTESIAN_POINT('',(3.937007874016E-2,0.E0,-3.937007874016E-2));
#2027=LINE('',#2026,#2025);
#2028=DIRECTION('',(0.E0,0.E0,1.E0));
#2029=VECTOR('',#2028,7.874015748031E-2);
#2030=CARTESIAN_POINT('',(3.937007874016E-2,0.E0,-3.937007874016E-2));
#2031=LINE('',#2030,#2029);
#2032=DIRECTION('',(1.E0,0.E0,0.E0));
#2033=VECTOR('',#2032,7.874015748031E-2);
#2034=CARTESIAN_POINT('',(3.937007874016E-2,0.E0,3.937007874016E-2));
#2035=LINE('',#2034,#2033);
#2036=DIRECTION('',(0.E0,0.E0,1.E0));
#2037=VECTOR('',#2036,7.874015748031E-2);
#2038=CARTESIAN_POINT('',(1.181102362205E-1,0.E0,-3.937007874016E-2));
#2039=LINE('',#2038,#2037);
#2040=DIRECTION('',(0.E0,0.E0,-1.E0));
#2041=VECTOR('',#2040,8.661417322835E-2);
#2042=CARTESIAN_POINT('',(1.200787401575E-1,0.E0,4.330708661417E-2));
#2043=LINE('',#2042,#2041);
#2044=DIRECTION('',(0.E0,1.E0,0.E0));
#2045=VECTOR('',#2044,1.574803149606E-2);
#2046=CARTESIAN_POINT('',(1.200787401575E-1,0.E0,4.330708661417E-2));
#2047=LINE('',#2046,#2045);
#2048=DIRECTION('',(-1.E0,0.E0,0.E0));
#2049=VECTOR('',#2048,1.909448818898E-1);
#2050=CARTESIAN_POINT('',(1.200787401575E-1,0.E0,4.330708661417E-2));
#2051=LINE('',#2050,#2049);
#2052=DIRECTION('',(0.E0,1.E0,0.E0));
#2053=VECTOR('',#2052,1.574803149606E-2);
#2054=CARTESIAN_POINT('',(-1.200787401575E-1,0.E0,4.330708661417E-2));
#2055=LINE('',#2054,#2053);
#2056=DIRECTION('',(0.E0,1.E0,0.E0));
#2057=VECTOR('',#2056,1.574803149606E-2);
#2058=CARTESIAN_POINT('',(-1.200787401575E-1,0.E0,-4.330708661417E-2));
#2059=LINE('',#2058,#2057);
#2060=DIRECTION('',(0.E0,0.E0,1.E0));
#2061=VECTOR('',#2060,8.661417322835E-2);
#2062=CARTESIAN_POINT('',(-7.086614173228E-2,0.E0,-4.330708661417E-2));
#2063=LINE('',#2062,#2061);
#2064=DIRECTION('',(0.E0,1.E0,0.E0));
#2065=VECTOR('',#2064,1.968503937008E-2);
#2066=CARTESIAN_POINT('',(2.283464566929E-1,-1.968503937008E-2,
5.905511811024E-2));
#2067=LINE('',#2066,#2065);
#2068=DIRECTION('',(1.E0,0.E0,0.E0));
#2069=VECTOR('',#2068,2.992125984252E-1);
#2070=CARTESIAN_POINT('',(-7.086614173228E-2,-1.968503937008E-2,
5.905511811024E-2));
#2071=LINE('',#2070,#2069);
#2072=DIRECTION('',(0.E0,-1.E0,0.E0));
#2073=VECTOR('',#2072,1.968503937008E-2);
#2074=CARTESIAN_POINT('',(-7.086614173228E-2,0.E0,5.905511811024E-2));
#2075=LINE('',#2074,#2073);
#2076=DIRECTION('',(0.E0,0.E0,1.E0));
#2077=VECTOR('',#2076,1.181102362205E-1);
#2078=CARTESIAN_POINT('',(2.283464566929E-1,-1.968503937008E-2,
-5.905511811024E-2));
#2079=LINE('',#2078,#2077);
#2080=DIRECTION('',(0.E0,-1.E0,0.E0));
#2081=VECTOR('',#2080,1.968503937008E-2);
#2082=CARTESIAN_POINT('',(-7.086614173228E-2,0.E0,-5.905511811024E-2));
#2083=LINE('',#2082,#2081);
#2084=DIRECTION('',(1.E0,0.E0,0.E0));
#2085=VECTOR('',#2084,2.992125984252E-1);
#2086=CARTESIAN_POINT('',(-7.086614173228E-2,-1.968503937008E-2,
-5.905511811024E-2));
#2087=LINE('',#2086,#2085);
#2088=DIRECTION('',(0.E0,1.E0,0.E0));
#2089=VECTOR('',#2088,1.968503937008E-2);
#2090=CARTESIAN_POINT('',(2.283464566929E-1,-1.968503937008E-2,
-5.905511811024E-2));
#2091=LINE('',#2090,#2089);
#2092=DIRECTION('',(0.E0,0.E0,1.E0));
#2093=VECTOR('',#2092,1.181102362205E-1);
#2094=CARTESIAN_POINT('',(-7.086614173228E-2,-1.968503937008E-2,
-5.905511811024E-2));
#2095=LINE('',#2094,#2093);
#2096=DIRECTION('',(0.E0,1.E0,0.E0));
#2097=VECTOR('',#2096,1.732283464567E-1);
#2098=CARTESIAN_POINT('',(1.181102362205E-1,0.E0,-3.937007874016E-2));
#2099=LINE('',#2098,#2097);
#2100=DIRECTION('',(-1.E0,0.E0,0.E0));
#2101=VECTOR('',#2100,1.968503937008E-2);
#2102=CARTESIAN_POINT('',(1.181102362205E-1,1.732283464567E-1,
-3.937007874016E-2));
#2103=LINE('',#2102,#2101);
#2104=DIRECTION('',(-7.071067811865E-1,-7.071067811865E-1,0.E0));
#2105=VECTOR('',#2104,2.783884965301E-2);
#2106=CARTESIAN_POINT('',(9.842519685039E-2,1.732283464567E-1,
-3.937007874016E-2));
#2107=LINE('',#2106,#2105);
#2108=DIRECTION('',(-7.071067811865E-1,7.071067811865E-1,0.E0));
#2109=VECTOR('',#2108,2.783884965301E-2);
#2110=CARTESIAN_POINT('',(7.874015748031E-2,1.535433070866E-1,
-3.937007874016E-2));
#2111=LINE('',#2110,#2109);
#2112=DIRECTION('',(-1.E0,0.E0,0.E0));
#2113=VECTOR('',#2112,1.968503937008E-2);
#2114=CARTESIAN_POINT('',(5.905511811024E-2,1.732283464567E-1,
-3.937007874016E-2));
#2115=LINE('',#2114,#2113);
#2116=DIRECTION('',(0.E0,-1.E0,0.E0));
#2117=VECTOR('',#2116,1.732283464567E-1);
#2118=CARTESIAN_POINT('',(3.937007874016E-2,1.732283464567E-1,
-3.937007874016E-2));
#2119=LINE('',#2118,#2117);
#2120=DIRECTION('',(0.E0,-1.E0,0.E0));
#2121=VECTOR('',#2120,1.732283464567E-1);
#2122=CARTESIAN_POINT('',(3.937007874016E-2,1.732283464567E-1,
3.937007874016E-2));
#2123=LINE('',#2122,#2121);
#2124=DIRECTION('',(-1.E0,0.E0,0.E0));
#2125=VECTOR('',#2124,1.968503937008E-2);
#2126=CARTESIAN_POINT('',(5.905511811024E-2,1.732283464567E-1,
3.937007874016E-2));
#2127=LINE('',#2126,#2125);
#2128=DIRECTION('',(-7.071067811865E-1,7.071067811865E-1,0.E0));
#2129=VECTOR('',#2128,2.783884965301E-2);
#2130=CARTESIAN_POINT('',(7.874015748031E-2,1.535433070866E-1,
3.937007874016E-2));
#2131=LINE('',#2130,#2129);
#2132=DIRECTION('',(-7.071067811865E-1,-7.071067811865E-1,0.E0));
#2133=VECTOR('',#2132,2.783884965301E-2);
#2134=CARTESIAN_POINT('',(9.842519685039E-2,1.732283464567E-1,
3.937007874016E-2));
#2135=LINE('',#2134,#2133);
#2136=DIRECTION('',(-1.E0,0.E0,0.E0));
#2137=VECTOR('',#2136,1.968503937008E-2);
#2138=CARTESIAN_POINT('',(1.181102362205E-1,1.732283464567E-1,
3.937007874016E-2));
#2139=LINE('',#2138,#2137);
#2140=DIRECTION('',(0.E0,1.E0,0.E0));
#2141=VECTOR('',#2140,1.732283464567E-1);
#2142=CARTESIAN_POINT('',(1.181102362205E-1,0.E0,3.937007874016E-2));
#2143=LINE('',#2142,#2141);
#2144=DIRECTION('',(0.E0,0.E0,1.E0));
#2145=VECTOR('',#2144,7.874015748031E-2);
#2146=CARTESIAN_POINT('',(3.937007874016E-2,1.732283464567E-1,
-3.937007874016E-2));
#2147=LINE('',#2146,#2145);
#2148=DIRECTION('',(0.E0,0.E0,1.E0));
#2149=VECTOR('',#2148,7.874015748031E-2);
#2150=CARTESIAN_POINT('',(5.905511811024E-2,1.732283464567E-1,
-3.937007874016E-2));
#2151=LINE('',#2150,#2149);
#2152=DIRECTION('',(0.E0,0.E0,1.E0));
#2153=VECTOR('',#2152,7.874015748031E-2);
#2154=CARTESIAN_POINT('',(7.874015748031E-2,1.535433070866E-1,
-3.937007874016E-2));
#2155=LINE('',#2154,#2153);
#2156=DIRECTION('',(0.E0,0.E0,1.E0));
#2157=VECTOR('',#2156,7.874015748031E-2);
#2158=CARTESIAN_POINT('',(9.842519685039E-2,1.732283464567E-1,
-3.937007874016E-2));
#2159=LINE('',#2158,#2157);
#2160=DIRECTION('',(0.E0,0.E0,1.E0));
#2161=VECTOR('',#2160,7.874015748031E-2);
#2162=CARTESIAN_POINT('',(1.181102362205E-1,1.732283464567E-1,
-3.937007874016E-2));
#2163=LINE('',#2162,#2161);
#2164=DIRECTION('',(-2.467470672229E-14,1.198485755083E-13,1.E0));
#2165=VECTOR('',#2164,1.968503937008E-3);
#2166=CARTESIAN_POINT('',(3.299470322289E-2,-3.697336186977E-2,
-8.464566929134E-2));
#2167=LINE('',#2166,#2165);
#2168=DIRECTION('',(0.E0,0.E0,1.E0));
#2169=VECTOR('',#2168,1.968503937008E-3);
#2170=CARTESIAN_POINT('',(3.484153656815E-2,-2.961115714538E-2,
-8.464566929134E-2));
#2171=LINE('',#2170,#2169);
#2172=DIRECTION('',(-9.164891068281E-14,4.406197628981E-13,1.E0));
#2173=VECTOR('',#2172,1.968503937008E-3);
#2174=CARTESIAN_POINT('',(4.360426232071E-2,-4.953241698790E-2,
-8.464566929134E-2));
#2175=LINE('',#2174,#2173);
#2176=DIRECTION('',(0.E0,0.E0,1.E0));
#2177=VECTOR('',#2176,1.968503937008E-3);
#2178=CARTESIAN_POINT('',(4.333782532202E-2,-6.949304690916E-2,
-8.464566929134E-2));
#2179=LINE('',#2178,#2177);
#2180=DIRECTION('',(2.819966482548E-14,-1.445232822306E-13,1.E0));
#2181=VECTOR('',#2180,1.968503937008E-3);
#2182=CARTESIAN_POINT('',(3.754263940854E-2,-5.937013922160E-2,
-8.464566929134E-2));
#2183=LINE('',#2182,#2181);
#2184=DIRECTION('',(0.E0,0.E0,1.E0));
#2185=VECTOR('',#2184,1.968503937008E-3);
#2186=CARTESIAN_POINT('',(3.660808467522E-2,-5.476782876014E-2,
-8.464566929134E-2));
#2187=LINE('',#2186,#2185);
#2188=DIRECTION('',(0.E0,0.E0,1.E0));
#2189=VECTOR('',#2188,1.968503937008E-3);
#2190=CARTESIAN_POINT('',(2.035529523760E-2,-5.476782876014E-2,
-8.464566929134E-2));
#2191=LINE('',#2190,#2189);
#2192=DIRECTION('',(1.409983241274E-14,-7.754907827007E-14,1.E0));
#2193=VECTOR('',#2192,1.968503937008E-3);
#2194=CARTESIAN_POINT('',(2.112373700214E-2,-5.855209890060E-2,
-8.464566929134E-2));
#2195=LINE('',#2194,#2193);
#2196=DIRECTION('',(0.E0,0.E0,1.E0));
#2197=VECTOR('',#2196,1.968503937008E-3);
#2198=CARTESIAN_POINT('',(2.339186719975E-2,-6.618596029498E-2,
-8.464566929134E-2));
#2199=LINE('',#2198,#2197);
#2200=DIRECTION('',(0.E0,0.E0,1.E0));
#2201=VECTOR('',#2200,1.968503937008E-3);
#2202=CARTESIAN_POINT('',(1.524357262601E-2,-5.898123588554E-2,
-8.464566929134E-2));
#2203=LINE('',#2202,#2201);
#2204=DIRECTION('',(0.E0,-1.057487430955E-14,1.E0));
#2205=VECTOR('',#2204,1.968503937008E-3);
#2206=CARTESIAN_POINT('',(1.731031638871E-2,-5.063477919262E-2,
-8.464566929134E-2));
#2207=LINE('',#2206,#2205);
#2208=DIRECTION('',(0.E0,0.E0,1.E0));
#2209=VECTOR('',#2208,1.968503937008E-3);
#2210=CARTESIAN_POINT('',(4.770627284247E-3,-4.157966108239E-2,
-8.464566929134E-2));
#2211=LINE('',#2210,#2209);
#2212=DIRECTION('',(0.E0,0.E0,1.E0));
#2213=VECTOR('',#2212,1.968503937008E-3);
#2214=CARTESIAN_POINT('',(3.460914813267E-3,-6.024663171440E-2,
-8.464566929134E-2));
#2215=LINE('',#2214,#2213);
#2216=DIRECTION('',(0.E0,0.E0,1.E0));
#2217=VECTOR('',#2216,1.968503937008E-3);
#2218=CARTESIAN_POINT('',(6.617969062453E-4,-6.567393920869E-2,
-8.464566929134E-2));
#2219=LINE('',#2218,#2217);
#2220=DIRECTION('',(0.E0,0.E0,1.E0));
#2221=VECTOR('',#2220,1.968503937008E-3);
#2222=CARTESIAN_POINT('',(-1.367011244397E-3,-6.126394633133E-2,
-8.464566929134E-2));
#2223=LINE('',#2222,#2221);
#2224=DIRECTION('',(0.E0,0.E0,1.E0));
#2225=VECTOR('',#2224,1.968503937008E-3);
#2226=CARTESIAN_POINT('',(-9.508726468423E-3,-6.126394633133E-2,
-8.464566929134E-2));
#2227=LINE('',#2226,#2225);
#2228=DIRECTION('',(0.E0,0.E0,1.E0));
#2229=VECTOR('',#2228,1.968503937008E-3);
#2230=CARTESIAN_POINT('',(-1.735539148681E-2,-2.102552324064E-2,
-8.464566929134E-2));
#2231=LINE('',#2230,#2229);
#2232=DIRECTION('',(0.E0,0.E0,1.E0));
#2233=VECTOR('',#2232,1.968503937008E-3);
#2234=CARTESIAN_POINT('',(-3.403229801350E-2,-2.102552324064E-2,
-8.464566929134E-2));
#2235=LINE('',#2234,#2233);
#2236=DIRECTION('',(0.E0,0.E0,1.E0));
#2237=VECTOR('',#2236,1.968503937008E-3);
#2238=CARTESIAN_POINT('',(-2.960802879041E-2,-4.371358453147E-2,
-8.464566929134E-2));
#2239=LINE('',#2238,#2237);
#2240=DIRECTION('',(0.E0,0.E0,1.E0));
#2241=VECTOR('',#2240,1.968503937008E-3);
#2242=CARTESIAN_POINT('',(-3.102070860239E-2,-4.371358453147E-2,
-8.464566929134E-2));
#2243=LINE('',#2242,#2241);
#2244=DIRECTION('',(0.E0,0.E0,1.E0));
#2245=VECTOR('',#2244,1.968503937008E-3);
#2246=CARTESIAN_POINT('',(-4.535322423995E-2,-2.102552324064E-2,
-8.464566929134E-2));
#2247=LINE('',#2246,#2245);
#2248=DIRECTION('',(0.E0,0.E0,1.E0));
#2249=VECTOR('',#2248,1.968503937008E-3);
#2250=CARTESIAN_POINT('',(-6.350022839164E-2,-2.102552324064E-2,
-8.464566929134E-2));
#2251=LINE('',#2250,#2249);
#2252=DIRECTION('',(0.E0,0.E0,1.E0));
#2253=VECTOR('',#2252,1.968503937008E-3);
#2254=CARTESIAN_POINT('',(-4.326108502773E-2,-4.720933472876E-2,
-8.464566929134E-2));
#2255=LINE('',#2254,#2253);
#2256=DIRECTION('',(0.E0,0.E0,1.E0));
#2257=VECTOR('',#2256,1.968503937008E-3);
#2258=CARTESIAN_POINT('',(-5.269701904957E-2,-8.050581908701E-2,
-8.464566929134E-2));
#2259=LINE('',#2258,#2257);
#2260=DIRECTION('',(0.E0,0.E0,1.E0));
#2261=VECTOR('',#2260,1.968503937008E-3);
#2262=CARTESIAN_POINT('',(-3.396817247273E-2,-8.050581908701E-2,
-8.464566929134E-2));
#2263=LINE('',#2262,#2261);
#2264=DIRECTION('',(0.E0,0.E0,1.E0));
#2265=VECTOR('',#2264,1.968503937008E-3);
#2266=CARTESIAN_POINT('',(-2.960354403474E-2,-6.082077971693E-2,
-8.464566929134E-2));
#2267=LINE('',#2266,#2265);
#2268=DIRECTION('',(0.E0,0.E0,1.E0));
#2269=VECTOR('',#2268,1.968503937008E-3);
#2270=CARTESIAN_POINT('',(-2.507092540286E-2,-6.698026984130E-2,
-8.464566929134E-2));
#2271=LINE('',#2270,#2269);
#2272=DIRECTION('',(0.E0,0.E0,1.E0));
#2273=VECTOR('',#2272,1.968503937008E-3);
#2274=CARTESIAN_POINT('',(-2.243338531136E-2,-8.050581908701E-2,
-8.464566929134E-2));
#2275=LINE('',#2274,#2273);
#2276=DIRECTION('',(0.E0,0.E0,1.E0));
#2277=VECTOR('',#2276,1.968503937008E-3);
#2278=CARTESIAN_POINT('',(3.951326326354E-3,-8.050581908701E-2,
-8.464566929134E-2));
#2279=LINE('',#2278,#2277);
#2280=DIRECTION('',(0.E0,0.E0,1.E0));
#2281=VECTOR('',#2280,1.968503937008E-3);
#2282=CARTESIAN_POINT('',(5.417871842200E-3,-7.763180333898E-2,
-8.464566929134E-2));
#2283=LINE('',#2282,#2281);
#2284=DIRECTION('',(0.E0,0.E0,1.E0));
#2285=VECTOR('',#2284,1.968503937008E-3);
#2286=CARTESIAN_POINT('',(1.565398193702E-2,-8.050581908701E-2,
-8.464566929134E-2));
#2287=LINE('',#2286,#2285);
#2288=DIRECTION('',(0.E0,0.E0,1.E0));
#2289=VECTOR('',#2288,1.968503937008E-3);
#2290=CARTESIAN_POINT('',(2.426153016716E-2,-6.807572407451E-2,
-8.464566929134E-2));
#2291=LINE('',#2290,#2289);
#2292=DIRECTION('',(0.E0,0.E0,1.E0));
#2293=VECTOR('',#2292,1.968503937008E-3);
#2294=CARTESIAN_POINT('',(4.591766953023E-2,-8.050581908701E-2,
-8.464566929134E-2));
#2295=LINE('',#2294,#2293);
#2296=DIRECTION('',(0.E0,0.E0,1.E0));
#2297=VECTOR('',#2296,1.968503937008E-3);
#2298=CARTESIAN_POINT('',(1.684501269890E-2,-3.748108302494E-2,
-8.464566929134E-2));
#2299=LINE('',#2298,#2297);
#2300=DIRECTION('',(0.E0,0.E0,1.E0));
#2301=VECTOR('',#2300,1.968503937008E-3);
#2302=CARTESIAN_POINT('',(1.772492352162E-2,-4.181429395434E-2,
-8.464566929134E-2));
#2303=LINE('',#2302,#2301);
#2304=DIRECTION('',(0.E0,0.E0,1.E0));
#2305=VECTOR('',#2304,1.968503937008E-3);
#2306=CARTESIAN_POINT('',(3.397771295924E-2,-4.181429395434E-2,
-8.464566929134E-2));
#2307=LINE('',#2306,#2305);
#2308=DIRECTION('',(1.990007053323E-1,-9.799993465698E-1,0.E0));
#2309=VECTOR('',#2308,4.939729910544E-3);
#2310=CARTESIAN_POINT('',(3.299470322289E-2,-3.697336186977E-2,
-8.267716535433E-2));
#2311=LINE('',#2310,#2309);
#2312=CARTESIAN_POINT('',(3.484153656815E-2,-2.961115714538E-2,
-8.267716535433E-2));
#2313=CARTESIAN_POINT('',(3.141181712287E-2,-2.958087167488E-2,
-8.267716535433E-2));
#2314=CARTESIAN_POINT('',(3.246747282367E-2,-3.437696179236E-2,
-8.267716535433E-2));
#2315=CARTESIAN_POINT('',(3.299470322289E-2,-3.697336186977E-2,
-8.267716535433E-2));
#2317=CARTESIAN_POINT('',(4.360426232071E-2,-4.953241698790E-2,
-8.267716535433E-2));
#2318=CARTESIAN_POINT('',(4.000519919579E-2,-3.260197568013E-2,
-8.267716535433E-2));
#2319=CARTESIAN_POINT('',(3.917811738548E-2,-2.964945047885E-2,
-8.267716535433E-2));
#2320=CARTESIAN_POINT('',(3.484153656815E-2,-2.961115714538E-2,
-8.267716535433E-2));
#2322=CARTESIAN_POINT('',(4.333782532202E-2,-6.949304690916E-2,
-8.267716535433E-2));
#2323=CARTESIAN_POINT('',(4.742930998356E-2,-6.952948283233E-2,
-8.267716535433E-2));
#2324=CARTESIAN_POINT('',(4.731495982050E-2,-6.698800030239E-2,
-8.267716535433E-2));
#2325=CARTESIAN_POINT('',(4.360426232071E-2,-4.953241698790E-2,
-8.267716535433E-2));
#2327=CARTESIAN_POINT('',(3.754263940855E-2,-5.937013922160E-2,
-8.267716535433E-2));
#2328=CARTESIAN_POINT('',(3.904967024982E-2,-6.679166688525E-2,
-8.267716535433E-2));
#2329=CARTESIAN_POINT('',(4.067419455852E-2,-6.946932646196E-2,
-8.267716535433E-2));
#2330=CARTESIAN_POINT('',(4.333782532202E-2,-6.949304690916E-2,
-8.267716535433E-2));
#2332=DIRECTION('',(1.990007053323E-1,-9.799993465698E-1,0.E0));
#2333=VECTOR('',#2332,4.696238296042E-3);
#2334=CARTESIAN_POINT('',(3.660808467522E-2,-5.476782876014E-2,
-8.267716535433E-2));
#2335=LINE('',#2334,#2333);
#2336=DIRECTION('',(1.E0,0.E0,0.E0));
#2337=VECTOR('',#2336,1.625278943762E-2);
#2338=CARTESIAN_POINT('',(2.035529523760E-2,-5.476782876014E-2,
-8.267716535433E-2));
#2339=LINE('',#2338,#2337);
#2340=DIRECTION('',(-1.990007053323E-1,9.799993465698E-1,0.E0));
#2341=VECTOR('',#2340,3.861502718045E-3);
#2342=CARTESIAN_POINT('',(2.112373700214E-2,-5.855209890060E-2,
-8.267716535433E-2));
#2343=LINE('',#2342,#2341);
#2344=CARTESIAN_POINT('',(2.339186719975E-2,-6.618596029498E-2,
-8.267716535433E-2));
#2345=CARTESIAN_POINT('',(2.244436857751E-2,-6.388869497850E-2,
-8.267716535433E-2));
#2346=CARTESIAN_POINT('',(2.168982463214E-2,-6.133985538909E-2,
-8.267716535433E-2));
#2347=CARTESIAN_POINT('',(2.112373700214E-2,-5.855209890060E-2,
-8.267716535433E-2));
#2349=CARTESIAN_POINT('',(1.524357262601E-2,-5.898123588554E-2,
-8.267716535433E-2));
#2350=CARTESIAN_POINT('',(1.761224232463E-2,-6.014077652674E-2,
-8.267716535433E-2));
#2351=CARTESIAN_POINT('',(2.071540508870E-2,-6.230630259560E-2,
-8.267716535433E-2));
#2352=CARTESIAN_POINT('',(2.283791828902E-2,-6.519342138109E-2,
-8.267716535433E-2));
#2353=CARTESIAN_POINT('',(2.339186719975E-2,-6.618596029498E-2,
-8.267716535433E-2));
#2355=CARTESIAN_POINT('',(1.731031638871E-2,-5.063477919262E-2,
-8.267716535433E-2));
#2356=CARTESIAN_POINT('',(1.795619599238E-2,-5.381325639968E-2,
-8.267716535433E-2));
#2357=CARTESIAN_POINT('',(1.681016404490E-2,-5.660856295447E-2,
-8.267716535433E-2));
#2358=CARTESIAN_POINT('',(1.524357262601E-2,-5.898123588554E-2,
-8.267716535433E-2));
#2360=CARTESIAN_POINT('',(4.770627284247E-3,-4.157966108239E-2,
-8.267716535433E-2));
#2361=CARTESIAN_POINT('',(1.081439979241E-2,-4.157217025279E-2,
-8.267716535433E-2));
#2362=CARTESIAN_POINT('',(1.615528154416E-2,-4.495066731504E-2,
-8.267716535433E-2));
#2363=CARTESIAN_POINT('',(1.731031638871E-2,-5.063477919262E-2,
-8.267716535433E-2));
#2365=CARTESIAN_POINT('',(3.460914813267E-3,-6.024663171440E-2,
-8.267716535433E-2));
#2366=CARTESIAN_POINT('',(2.454970136833E-3,-5.955968785671E-2,
-8.267716535433E-2));
#2367=CARTESIAN_POINT('',(4.977393393664E-4,-5.822508579119E-2,
-8.267716535433E-2));
#2368=CARTESIAN_POINT('',(-2.074305878807E-3,-5.609198560508E-2,
-8.267716535433E-2));
#2369=CARTESIAN_POINT('',(-3.750128731708E-3,-5.398447584527E-2,
-8.267716535433E-2));
#2370=CARTESIAN_POINT('',(-4.707134841827E-3,-5.199556075647E-2,
-8.267716535433E-2));
#2371=CARTESIAN_POINT('',(-5.160206439733E-3,-5.045911185632E-2,
-8.267716535433E-2));
#2372=CARTESIAN_POINT('',(-5.382244560030E-3,-4.908581908149E-2,
-8.267716535433E-2));
#2373=CARTESIAN_POINT('',(-5.448108272557E-3,-4.768404390184E-2,
-8.267716535433E-2));
#2374=CARTESIAN_POINT('',(-5.210139581382E-3,-4.614568943406E-2,
-8.267716535433E-2));
#2375=CARTESIAN_POINT('',(-4.453578867825E-3,-4.464863170573E-2,
-8.267716535433E-2));
#2376=CARTESIAN_POINT('',(-2.881080804892E-3,-4.307900879633E-2,
-8.267716535433E-2));
#2377=CARTESIAN_POINT('',(2.550315182213E-5,-4.186626909853E-2,
-8.267716535433E-2));
#2378=CARTESIAN_POINT('',(3.104814119198E-3,-4.158172574027E-2,
-8.267716535433E-2));
#2379=CARTESIAN_POINT('',(4.770627284247E-3,-4.157966108239E-2,
-8.267716535433E-2));
#2381=DIRECTION('',(4.583748316344E-1,8.887589739205E-1,0.E0));
#2382=VECTOR('',#2381,6.106613439140E-3);
#2383=CARTESIAN_POINT('',(6.617969062453E-4,-6.567393920869E-2,
-8.267716535433E-2));
#2384=LINE('',#2383,#2382);
#2385=CARTESIAN_POINT('',(-1.367011244397E-3,-6.126394633133E-2,
-8.267716535433E-2));
#2386=CARTESIAN_POINT('',(-1.113019760407E-3,-6.282438424618E-2,
-8.267716535433E-2));
#2387=CARTESIAN_POINT('',(-2.256114270808E-4,-6.424916172744E-2,
-8.267716535433E-2));
#2388=CARTESIAN_POINT('',(6.617969062453E-4,-6.567393920869E-2,
-8.267716535433E-2));
#2390=DIRECTION('',(1.E0,0.E0,0.E0));
#2391=VECTOR('',#2390,8.141715224026E-3);
#2392=CARTESIAN_POINT('',(-9.508726468423E-3,-6.126394633133E-2,
-8.267716535433E-2));
#2393=LINE('',#2392,#2391);
#2394=DIRECTION('',(1.913991053258E-1,-9.815122935962E-1,0.E0));
#2395=VECTOR('',#2394,4.099635160275E-2);
#2396=CARTESIAN_POINT('',(-1.735539148681E-2,-2.102552324064E-2,
-8.267716535433E-2));
#2397=LINE('',#2396,#2395);
#2398=DIRECTION('',(1.E0,0.E0,0.E0));
#2399=VECTOR('',#2398,1.667690652669E-2);
#2400=CARTESIAN_POINT('',(-3.403229801350E-2,-2.102552324064E-2,
-8.267716535433E-2));
#2401=LINE('',#2400,#2399);
#2402=DIRECTION('',(-1.913991053258E-1,9.815122935962E-1,0.E0));
#2403=VECTOR('',#2402,2.311541224583E-2);
#2404=CARTESIAN_POINT('',(-2.960802879041E-2,-4.371358453147E-2,
-8.267716535433E-2));
#2405=LINE('',#2404,#2403);
#2406=DIRECTION('',(1.E0,0.E0,0.E0));
#2407=VECTOR('',#2406,1.412679811974E-3);
#2408=CARTESIAN_POINT('',(-3.102070860239E-2,-4.371358453147E-2,
-8.267716535433E-2));
#2409=LINE('',#2408,#2407);
#2410=DIRECTION('',(5.340785964476E-1,-8.454348306147E-1,0.E0));
#2411=VECTOR('',#2410,2.683596708966E-2);
#2412=CARTESIAN_POINT('',(-4.535322423995E-2,-2.102552324064E-2,
-8.267716535433E-2));
#2413=LINE('',#2412,#2411);
#2414=DIRECTION('',(1.E0,0.E0,0.E0));
#2415=VECTOR('',#2414,1.814700415170E-2);
#2416=CARTESIAN_POINT('',(-6.350022839164E-2,-2.102552324064E-2,
-8.267716535433E-2));
#2417=LINE('',#2416,#2415);
#2418=DIRECTION('',(-6.115647615170E-1,7.911943771733E-1,0.E0));
#2419=VECTOR('',#2418,3.309403130702E-2);
#2420=CARTESIAN_POINT('',(-4.326108502773E-2,-4.720933472876E-2,
-8.267716535433E-2));
#2421=LINE('',#2420,#2419);
#2422=DIRECTION('',(2.726541989863E-1,9.621120973021E-1,0.E0));
#2423=VECTOR('',#2422,3.460769743112E-2);
#2424=CARTESIAN_POINT('',(-5.269701904957E-2,-8.050581908701E-2,
-8.267716535433E-2));
#2425=LINE('',#2424,#2423);
#2426=DIRECTION('',(-1.E0,0.E0,0.E0));
#2427=VECTOR('',#2426,1.872884657684E-2);
#2428=CARTESIAN_POINT('',(-3.396817247273E-2,-8.050581908701E-2,
-8.267716535433E-2));
#2429=LINE('',#2428,#2427);
#2430=DIRECTION('',(-2.164660993144E-1,-9.762901350765E-1,0.E0));
#2431=VECTOR('',#2430,2.016310383853E-2);
#2432=CARTESIAN_POINT('',(-2.960354403474E-2,-6.082077971693E-2,
-8.267716535433E-2));
#2433=LINE('',#2432,#2431);
#2434=DIRECTION('',(-5.926944085632E-1,8.054274256927E-1,0.E0));
#2435=VECTOR('',#2434,7.647479993714E-3);
#2436=CARTESIAN_POINT('',(-2.507092540286E-2,-6.698026984130E-2,
-8.267716535433E-2));
#2437=LINE('',#2436,#2435);
#2438=DIRECTION('',(-1.913991053258E-1,9.815122935962E-1,0.E0));
#2439=VECTOR('',#2438,1.378031567608E-2);
#2440=CARTESIAN_POINT('',(-2.243338531136E-2,-8.050581908701E-2,
-8.267716535433E-2));
#2441=LINE('',#2440,#2439);
#2442=DIRECTION('',(-1.E0,0.E0,0.E0));
#2443=VECTOR('',#2442,2.638471163771E-2);
#2444=CARTESIAN_POINT('',(3.951326326354E-3,-8.050581908701E-2,
-8.267716535433E-2));
#2445=LINE('',#2444,#2443);
#2446=DIRECTION('',(-4.545222165508E-1,-8.907354010377E-1,0.E0));
#2447=VECTOR('',#2446,3.226565088446E-3);
#2448=CARTESIAN_POINT('',(5.417871842200E-3,-7.763180333898E-2,
-8.267716535433E-2));
#2449=LINE('',#2448,#2447);
#2450=CARTESIAN_POINT('',(1.565398193702E-2,-8.050581908701E-2,
-8.267716535433E-2));
#2451=CARTESIAN_POINT('',(1.260784420151E-2,-8.051213604834E-2,
-8.267716535433E-2));
#2452=CARTESIAN_POINT('',(8.501364584872E-3,-7.955249148707E-2,
-8.267716535433E-2));
#2453=CARTESIAN_POINT('',(5.417871842200E-3,-7.763180333898E-2,
-8.267716535433E-2));
#2455=CARTESIAN_POINT('',(2.426153016716E-2,-6.807572407451E-2,
-8.267716535433E-2));
#2456=CARTESIAN_POINT('',(2.426547913345E-2,-6.808644669853E-2,
-8.267716535433E-2));
#2457=CARTESIAN_POINT('',(2.448284200351E-2,-6.867897246053E-2,
-8.267716535433E-2));
#2458=CARTESIAN_POINT('',(2.480274731376E-2,-6.978349278803E-2,
-8.267716535433E-2));
#2459=CARTESIAN_POINT('',(2.507073047611E-2,-7.154594360859E-2,
-8.267716535433E-2));
#2460=CARTESIAN_POINT('',(2.509625064581E-2,-7.391433994692E-2,
-8.267716535433E-2));
#2461=CARTESIAN_POINT('',(2.404134050574E-2,-7.809365517145E-2,
-8.267716535433E-2));
#2462=CARTESIAN_POINT('',(2.028614413414E-2,-8.049621309016E-2,
-8.267716535433E-2));
#2463=CARTESIAN_POINT('',(1.565398193702E-2,-8.050581908701E-2,
-8.267716535433E-2));
#2465=CARTESIAN_POINT('',(4.591766953023E-2,-8.050581908701E-2,
-8.267716535433E-2));
#2466=CARTESIAN_POINT('',(3.506937969687E-2,-8.040921174575E-2,
-8.267716535433E-2));
#2467=CARTESIAN_POINT('',(2.825532767993E-2,-7.606609331441E-2,
-8.267716535433E-2));
#2468=CARTESIAN_POINT('',(2.426153016716E-2,-6.807572407451E-2,
-8.267716535433E-2));
#2470=CARTESIAN_POINT('',(1.684501269890E-2,-3.748108302494E-2,
-8.267716535433E-2));
#2471=CARTESIAN_POINT('',(1.637393639967E-2,-3.516121956186E-2,
-8.267716535433E-2));
#2472=CARTESIAN_POINT('',(1.579005264217E-2,-3.166343535566E-2,
-8.267716535433E-2));
#2473=CARTESIAN_POINT('',(1.617278171049E-2,-2.739118579928E-2,
-8.267716535433E-2));
#2474=CARTESIAN_POINT('',(1.719550521292E-2,-2.450502074738E-2,
-8.267716535433E-2));
#2475=CARTESIAN_POINT('',(1.914570281419E-2,-2.205140597961E-2,
-8.267716535433E-2));
#2476=CARTESIAN_POINT('',(2.169661662949E-2,-2.046440059635E-2,
-8.267716535433E-2));
#2477=CARTESIAN_POINT('',(2.438288411376E-2,-1.952735103923E-2,
-8.267716535433E-2));
#2478=CARTESIAN_POINT('',(2.674935164332E-2,-1.900556205406E-2,
-8.267716535433E-2));
#2479=CARTESIAN_POINT('',(2.946614555837E-2,-1.867852426262E-2,
-8.267716535433E-2));
#2480=CARTESIAN_POINT('',(3.222747789509E-2,-1.857882868801E-2,
-8.267716535433E-2));
#2481=CARTESIAN_POINT('',(3.465358487507E-2,-1.862164953963E-2,
-8.267716535433E-2));
#2482=CARTESIAN_POINT('',(3.710826318551E-2,-1.876308894810E-2,
-8.267716535433E-2));
#2483=CARTESIAN_POINT('',(3.993950734427E-2,-1.911819443167E-2,
-8.267716535433E-2));
#2484=CARTESIAN_POINT('',(4.294742419185E-2,-1.981867348641E-2,
-8.267716535433E-2));
#2485=CARTESIAN_POINT('',(4.649173516597E-2,-2.110594819026E-2,
-8.267716535433E-2));
#2486=CARTESIAN_POINT('',(5.011484125985E-2,-2.335307159784E-2,
-8.267716535433E-2));
#2487=CARTESIAN_POINT('',(5.340774339988E-2,-2.699272094341E-2,
-8.267716535433E-2));
#2488=CARTESIAN_POINT('',(5.588026972854E-2,-3.149855333607E-2,
-8.267716535433E-2));
#2489=CARTESIAN_POINT('',(5.776683973651E-2,-3.679035280443E-2,
-8.267716535433E-2));
#2490=CARTESIAN_POINT('',(5.904811500691E-2,-4.179861367295E-2,
-8.267716535433E-2));
#2491=CARTESIAN_POINT('',(6.001209434235E-2,-4.610727634566E-2,
-8.267716535433E-2));
#2492=CARTESIAN_POINT('',(6.075168986371E-2,-4.956254032201E-2,
-8.267716535433E-2));
#2493=CARTESIAN_POINT('',(6.149618338503E-2,-5.304256480167E-2,
-8.267716535433E-2));
#2494=CARTESIAN_POINT('',(6.239633361431E-2,-5.744549261537E-2,
-8.267716535433E-2));
#2495=CARTESIAN_POINT('',(6.327184143509E-2,-6.251719392899E-2,
-8.267716535433E-2));
#2496=CARTESIAN_POINT('',(6.365156394892E-2,-6.781678433425E-2,
-8.267716535433E-2));
#2497=CARTESIAN_POINT('',(6.291486177223E-2,-7.377871137035E-2,
-8.267716535433E-2));
#2498=CARTESIAN_POINT('',(5.900357319780E-2,-7.897023112578E-2,
-8.267716535433E-2));
#2499=CARTESIAN_POINT('',(5.127939174423E-2,-8.055356686436E-2,
-8.267716535433E-2));
#2500=CARTESIAN_POINT('',(4.591766953023E-2,-8.050581908701E-2,
-8.267716535433E-2));
#2502=DIRECTION('',(-1.990007053323E-1,9.799993465698E-1,0.E0));
#2503=VECTOR('',#2502,4.421646753706E-3);
#2504=CARTESIAN_POINT('',(1.772492352162E-2,-4.181429395434E-2,
-8.267716535433E-2));
#2505=LINE('',#2504,#2503);
#2506=DIRECTION('',(-1.E0,0.E0,0.E0));
#2507=VECTOR('',#2506,1.625278943762E-2);
#2508=CARTESIAN_POINT('',(3.397771295924E-2,-4.181429395434E-2,
-8.267716535433E-2));
#2509=LINE('',#2508,#2507);
#2510=CARTESIAN_POINT('',(5.387521173687E-3,-4.732769257845E-2,
-8.267716535433E-2));
#2511=CARTESIAN_POINT('',(3.924325006897E-3,-4.732022197112E-2,
-8.267716535433E-2));
#2512=CARTESIAN_POINT('',(2.936572037266E-3,-4.809716230694E-2,
-8.267716535433E-2));
#2513=CARTESIAN_POINT('',(3.282599607808E-3,-4.976863746034E-2,
-8.267716535433E-2));
#2515=CARTESIAN_POINT('',(8.481929371469E-3,-4.957178706664E-2,
-8.267716535433E-2));
#2516=CARTESIAN_POINT('',(8.218908708667E-3,-4.830164822704E-2,
-8.267716535433E-2));
#2517=CARTESIAN_POINT('',(7.078700317350E-3,-4.733632719327E-2,
-8.267716535433E-2));
#2518=CARTESIAN_POINT('',(5.387521173687E-3,-4.732769257845E-2,
-8.267716535433E-2));
#2520=CARTESIAN_POINT('',(8.540406289884E-3,-5.039782824345E-2,
-8.267716535433E-2));
#2521=CARTESIAN_POINT('',(8.549806953843E-3,-5.012741862343E-2,
-8.267716535433E-2));
#2522=CARTESIAN_POINT('',(8.539727792902E-3,-4.985089829368E-2,
-8.267716535433E-2));
#2523=CARTESIAN_POINT('',(8.481929371469E-3,-4.957178706664E-2,
-8.267716535433E-2));
#2525=DIRECTION('',(4.583748316344E-1,8.887589739204E-1,0.E0));
#2526=VECTOR('',#2525,4.422221864578E-3);
#2527=CARTESIAN_POINT('',(6.513371087258E-3,-5.432811761026E-2,
-8.267716535433E-2));
#2528=LINE('',#2527,#2526);
#2529=CARTESIAN_POINT('',(3.282599607808E-3,-4.976863746034E-2,
-8.267716535433E-2));
#2530=CARTESIAN_POINT('',(3.654051903030E-3,-5.156292593616E-2,
-8.267716535433E-2));
#2531=CARTESIAN_POINT('',(5.486110278232E-3,-5.349422406947E-2,
-8.267716535433E-2));
#2532=CARTESIAN_POINT('',(6.513371087258E-3,-5.432811761026E-2,
-8.267716535433E-2));
#2534=DIRECTION('',(-4.545222165508E-1,-8.907354010377E-1,0.E0));
#2535=VECTOR('',#2534,7.239246509212E-3);
#2536=CARTESIAN_POINT('',(1.163967165110E-2,-6.543882982490E-2,
-8.267716535433E-2));
#2537=LINE('',#2536,#2535);
#2538=CARTESIAN_POINT('',(1.466723492556E-2,-6.937493667294E-2,
-8.267716535433E-2));
#2539=CARTESIAN_POINT('',(1.420795046593E-2,-6.729528064182E-2,
-8.267716535433E-2));
#2540=CARTESIAN_POINT('',(1.249472025032E-2,-6.581171891659E-2,
-8.267716535433E-2));
#2541=CARTESIAN_POINT('',(1.163967165110E-2,-6.543882982490E-2,
-8.267716535433E-2));
#2543=CARTESIAN_POINT('',(1.182561322544E-2,-7.260328312963E-2,
-8.267716535433E-2));
#2544=CARTESIAN_POINT('',(1.367288151656E-2,-7.258873026563E-2,
-8.267716535433E-2));
#2545=CARTESIAN_POINT('',(1.507452800321E-2,-7.121917391550E-2,
-8.267716535433E-2));
#2546=CARTESIAN_POINT('',(1.466723492556E-2,-6.937493667294E-2,
-8.267716535433E-2));
#2548=CARTESIAN_POINT('',(8.349273281580E-3,-7.188708296750E-2,
-8.267716535433E-2));
#2549=CARTESIAN_POINT('',(9.284637359507E-3,-7.232088999293E-2,
-8.267716535433E-2));
#2550=CARTESIAN_POINT('',(1.026504607512E-2,-7.261557734895E-2,
-8.267716535433E-2));
#2551=CARTESIAN_POINT('',(1.182561322544E-2,-7.260328312963E-2,
-8.267716535433E-2));
#2553=DIRECTION('',(1.913991053258E-1,-9.815122935962E-1,0.E0));
#2554=VECTOR('',#2553,1.355773809558E-2);
#2555=CARTESIAN_POINT('',(-8.689220428874E-3,-6.546644900827E-2,
-8.267716535433E-2));
#2556=LINE('',#2555,#2554);
#2557=CARTESIAN_POINT('',(-2.926701092468E-3,-7.263180333898E-2,
-8.267716535433E-2));
#2558=CARTESIAN_POINT('',(-5.183705231644E-3,-7.097579571301E-2,
-8.267716535433E-2));
#2559=CARTESIAN_POINT('',(-7.232790159502E-3,-6.834508655709E-2,
-8.267716535433E-2));
#2560=CARTESIAN_POINT('',(-8.689220428874E-3,-6.546644900827E-2,
-8.267716535433E-2));
#2562=DIRECTION('',(4.583748316344E-1,8.887589739205E-1,0.E0));
#2563=VECTOR('',#2562,6.910458812441E-3);
#2564=CARTESIAN_POINT('',(-6.094281487137E-3,-7.877353562244E-2,
-8.267716535433E-2));
#2565=LINE('',#2564,#2563);
#2566=DIRECTION('',(0.E0,0.E0,1.E0));
#2567=VECTOR('',#2566,1.968503937008E-3);
#2568=CARTESIAN_POINT('',(5.387521173687E-3,-4.732769257845E-2,
-8.464566929134E-2));
#2569=LINE('',#2568,#2567);
#2570=CARTESIAN_POINT('',(3.282599607808E-3,-4.976863746034E-2,
-8.464566929134E-2));
#2571=CARTESIAN_POINT('',(2.936572037266E-3,-4.809716230694E-2,
-8.464566929134E-2));
#2572=CARTESIAN_POINT('',(3.924325006897E-3,-4.732022197112E-2,
-8.464566929134E-2));
#2573=CARTESIAN_POINT('',(5.387521173687E-3,-4.732769257845E-2,
-8.464566929134E-2));
#2575=CARTESIAN_POINT('',(6.513371087258E-3,-5.432811761026E-2,
-8.464566929134E-2));
#2576=CARTESIAN_POINT('',(5.486110278232E-3,-5.349422406947E-2,
-8.464566929134E-2));
#2577=CARTESIAN_POINT('',(3.654051903030E-3,-5.156292593616E-2,
-8.464566929134E-2));
#2578=CARTESIAN_POINT('',(3.282599607808E-3,-4.976863746034E-2,
-8.464566929134E-2));
#2580=DIRECTION('',(4.583748316344E-1,8.887589739204E-1,0.E0));
#2581=VECTOR('',#2580,4.422221864578E-3);
#2582=CARTESIAN_POINT('',(6.513371087258E-3,-5.432811761026E-2,
-8.464566929134E-2));
#2583=LINE('',#2582,#2581);
#2584=CARTESIAN_POINT('',(8.481929371469E-3,-4.957178706664E-2,
-8.464566929134E-2));
#2585=CARTESIAN_POINT('',(8.539727792902E-3,-4.985089829368E-2,
-8.464566929134E-2));
#2586=CARTESIAN_POINT('',(8.549806953843E-3,-5.012741862343E-2,
-8.464566929134E-2));
#2587=CARTESIAN_POINT('',(8.540406289884E-3,-5.039782824345E-2,
-8.464566929134E-2));
#2589=CARTESIAN_POINT('',(5.387521173687E-3,-4.732769257845E-2,
-8.464566929134E-2));
#2590=CARTESIAN_POINT('',(7.078700317350E-3,-4.733632719327E-2,
-8.464566929134E-2));
#2591=CARTESIAN_POINT('',(8.218908708667E-3,-4.830164822704E-2,
-8.464566929134E-2));
#2592=CARTESIAN_POINT('',(8.481929371469E-3,-4.957178706664E-2,
-8.464566929134E-2));
#2594=DIRECTION('',(0.E0,0.E0,1.E0));
#2595=VECTOR('',#2594,1.968503937008E-3);
#2596=CARTESIAN_POINT('',(3.282599607808E-3,-4.976863746034E-2,
-8.464566929134E-2));
#2597=LINE('',#2596,#2595);
#2598=DIRECTION('',(0.E0,0.E0,1.E0));
#2599=VECTOR('',#2598,1.968503937008E-3);
#2600=CARTESIAN_POINT('',(6.513371087258E-3,-5.432811761026E-2,
-8.464566929134E-2));
#2601=LINE('',#2600,#2599);
#2602=DIRECTION('',(0.E0,0.E0,1.E0));
#2603=VECTOR('',#2602,1.968503937008E-3);
#2604=CARTESIAN_POINT('',(8.540406289884E-3,-5.039782824345E-2,
-8.464566929134E-2));
#2605=LINE('',#2604,#2603);
#2606=DIRECTION('',(0.E0,0.E0,1.E0));
#2607=VECTOR('',#2606,1.968503937008E-3);
#2608=CARTESIAN_POINT('',(8.481929371469E-3,-4.957178706664E-2,
-8.464566929134E-2));
#2609=LINE('',#2608,#2607);
#2610=DIRECTION('',(0.E0,0.E0,1.E0));
#2611=VECTOR('',#2610,1.968503937008E-3);
#2612=CARTESIAN_POINT('',(1.163967165110E-2,-6.543882982490E-2,
-8.464566929134E-2));
#2613=LINE('',#2612,#2611);
#2614=DIRECTION('',(-4.545222165508E-1,-8.907354010377E-1,0.E0));
#2615=VECTOR('',#2614,7.239246509212E-3);
#2616=CARTESIAN_POINT('',(1.163967165110E-2,-6.543882982490E-2,
-8.464566929134E-2));
#2617=LINE('',#2616,#2615);
#2618=CARTESIAN_POINT('',(1.182561322544E-2,-7.260328312963E-2,
-8.464566929134E-2));
#2619=CARTESIAN_POINT('',(1.026504607512E-2,-7.261557734895E-2,
-8.464566929134E-2));
#2620=CARTESIAN_POINT('',(9.284637359507E-3,-7.232088999293E-2,
-8.464566929134E-2));
#2621=CARTESIAN_POINT('',(8.349273281580E-3,-7.188708296750E-2,
-8.464566929134E-2));
#2623=CARTESIAN_POINT('',(1.466723492556E-2,-6.937493667294E-2,
-8.464566929134E-2));
#2624=CARTESIAN_POINT('',(1.507452800321E-2,-7.121917391550E-2,
-8.464566929134E-2));
#2625=CARTESIAN_POINT('',(1.367288151656E-2,-7.258873026563E-2,
-8.464566929134E-2));
#2626=CARTESIAN_POINT('',(1.182561322544E-2,-7.260328312963E-2,
-8.464566929134E-2));
#2628=CARTESIAN_POINT('',(1.163967165110E-2,-6.543882982490E-2,
-8.464566929134E-2));
#2629=CARTESIAN_POINT('',(1.249472025032E-2,-6.581171891659E-2,
-8.464566929134E-2));
#2630=CARTESIAN_POINT('',(1.420795046593E-2,-6.729528064182E-2,
-8.464566929134E-2));
#2631=CARTESIAN_POINT('',(1.466723492556E-2,-6.937493667294E-2,
-8.464566929134E-2));
#2633=DIRECTION('',(0.E0,0.E0,1.E0));
#2634=VECTOR('',#2633,1.968503937008E-3);
#2635=CARTESIAN_POINT('',(8.349273281580E-3,-7.188708296750E-2,
-8.464566929134E-2));
#2636=LINE('',#2635,#2634);
#2637=DIRECTION('',(0.E0,0.E0,1.E0));
#2638=VECTOR('',#2637,1.968503937008E-3);
#2639=CARTESIAN_POINT('',(1.182561322544E-2,-7.260328312963E-2,
-8.464566929134E-2));
#2640=LINE('',#2639,#2638);
#2641=DIRECTION('',(0.E0,0.E0,1.E0));
#2642=VECTOR('',#2641,1.968503937008E-3);
#2643=CARTESIAN_POINT('',(1.466723492556E-2,-6.937493667294E-2,
-8.464566929134E-2));
#2644=LINE('',#2643,#2642);
#2645=DIRECTION('',(0.E0,0.E0,1.E0));
#2646=VECTOR('',#2645,1.968503937008E-3);
#2647=CARTESIAN_POINT('',(-8.689220428874E-3,-6.546644900827E-2,
-8.464566929134E-2));
#2648=LINE('',#2647,#2646);
#2649=DIRECTION('',(1.913991053258E-1,-9.815122935962E-1,0.E0));
#2650=VECTOR('',#2649,1.355773809558E-2);
#2651=CARTESIAN_POINT('',(-8.689220428874E-3,-6.546644900827E-2,
-8.464566929134E-2));
#2652=LINE('',#2651,#2650);
#2653=DIRECTION('',(4.583748316344E-1,8.887589739205E-1,0.E0));
#2654=VECTOR('',#2653,6.910458812441E-3);
#2655=CARTESIAN_POINT('',(-6.094281487137E-3,-7.877353562244E-2,
-8.464566929134E-2));
#2656=LINE('',#2655,#2654);
#2657=CARTESIAN_POINT('',(-8.689220428874E-3,-6.546644900827E-2,
-8.464566929134E-2));
#2658=CARTESIAN_POINT('',(-7.232790159502E-3,-6.834508655709E-2,
-8.464566929134E-2));
#2659=CARTESIAN_POINT('',(-5.183705231644E-3,-7.097579571301E-2,
-8.464566929134E-2));
#2660=CARTESIAN_POINT('',(-2.926701092468E-3,-7.263180333898E-2,
-8.464566929134E-2));
#2662=DIRECTION('',(0.E0,0.E0,1.E0));
#2663=VECTOR('',#2662,1.968503937008E-3);
#2664=CARTESIAN_POINT('',(-6.094281487137E-3,-7.877353562244E-2,
-8.464566929134E-2));
#2665=LINE('',#2664,#2663);
#2666=DIRECTION('',(0.E0,0.E0,1.E0));
#2667=VECTOR('',#2666,1.968503937008E-3);
#2668=CARTESIAN_POINT('',(-2.926701092468E-3,-7.263180333898E-2,
-8.464566929134E-2));
#2669=LINE('',#2668,#2667);
#2670=DIRECTION('',(0.E0,0.E0,1.E0));
#2671=VECTOR('',#2670,1.181102362205E-2);
#2672=CARTESIAN_POINT('',(-9.842519685039E-3,-3.090551181102E-1,
-5.905511811024E-3));
#2673=LINE('',#2672,#2671);
#2674=DIRECTION('',(0.E0,-1.E0,0.E0));
#2675=VECTOR('',#2674,1.673228346457E-1);
#2676=CARTESIAN_POINT('',(-9.842519685039E-3,-1.417322834646E-1,
5.905511811024E-3));
#2677=LINE('',#2676,#2675);
#2678=CARTESIAN_POINT('',(0.E0,-3.090551181102E-1,5.905511811024E-3));
#2679=DIRECTION('',(0.E0,0.E0,1.E0));
#2680=DIRECTION('',(-1.E0,0.E0,0.E0));
#2681=AXIS2_PLACEMENT_3D('',#2678,#2679,#2680);
#2683=DIRECTION('',(0.E0,-1.E0,0.E0));
#2684=VECTOR('',#2683,1.673228346457E-1);
#2685=CARTESIAN_POINT('',(9.842519685039E-3,-1.417322834646E-1,
5.905511811024E-3));
#2686=LINE('',#2685,#2684);
#2687=DIRECTION('',(0.E0,0.E0,1.E0));
#2688=VECTOR('',#2687,1.181102362205E-2);
#2689=CARTESIAN_POINT('',(9.842519685039E-3,-3.090551181102E-1,
-5.905511811024E-3));
#2690=LINE('',#2689,#2688);
#2691=DIRECTION('',(0.E0,-1.E0,0.E0));
#2692=VECTOR('',#2691,1.673228346457E-1);
#2693=CARTESIAN_POINT('',(9.842519685039E-3,-1.417322834646E-1,
-5.905511811024E-3));
#2694=LINE('',#2693,#2692);
#2695=CARTESIAN_POINT('',(0.E0,-3.090551181102E-1,-5.905511811024E-3));
#2696=DIRECTION('',(0.E0,0.E0,-1.E0));
#2697=DIRECTION('',(1.E0,0.E0,0.E0));
#2698=AXIS2_PLACEMENT_3D('',#2695,#2696,#2697);
#2700=DIRECTION('',(0.E0,-1.E0,0.E0));
#2701=VECTOR('',#2700,1.673228346457E-1);
#2702=CARTESIAN_POINT('',(-9.842519685039E-3,-1.417322834646E-1,
-5.905511811024E-3));
#2703=LINE('',#2702,#2701);
#2704=DIRECTION('',(0.E0,0.E0,1.E0));
#2705=VECTOR('',#2704,1.181102362205E-2);
#2706=CARTESIAN_POINT('',(6.889763779528E-2,-3.090551181102E-1,
-5.905511811024E-3));
#2707=LINE('',#2706,#2705);
#2708=DIRECTION('',(0.E0,-1.E0,0.E0));
#2709=VECTOR('',#2708,1.673228346457E-1);
#2710=CARTESIAN_POINT('',(6.889763779528E-2,-1.417322834646E-1,
5.905511811024E-3));
#2711=LINE('',#2710,#2709);
#2712=CARTESIAN_POINT('',(7.874015748031E-2,-3.090551181102E-1,
5.905511811024E-3));
#2713=DIRECTION('',(0.E0,0.E0,1.E0));
#2714=DIRECTION('',(-1.E0,0.E0,0.E0));
#2715=AXIS2_PLACEMENT_3D('',#2712,#2713,#2714);
#2717=DIRECTION('',(0.E0,-1.E0,0.E0));
#2718=VECTOR('',#2717,1.673228346457E-1);
#2719=CARTESIAN_POINT('',(8.858267716535E-2,-1.417322834646E-1,
5.905511811024E-3));
#2720=LINE('',#2719,#2718);
#2721=DIRECTION('',(0.E0,0.E0,1.E0));
#2722=VECTOR('',#2721,1.181102362205E-2);
#2723=CARTESIAN_POINT('',(8.858267716535E-2,-3.090551181102E-1,
-5.905511811024E-3));
#2724=LINE('',#2723,#2722);
#2725=DIRECTION('',(0.E0,-1.E0,0.E0));
#2726=VECTOR('',#2725,1.673228346457E-1);
#2727=CARTESIAN_POINT('',(8.858267716535E-2,-1.417322834646E-1,
-5.905511811024E-3));
#2728=LINE('',#2727,#2726);
#2729=CARTESIAN_POINT('',(7.874015748031E-2,-3.090551181102E-1,
-5.905511811024E-3));
#2730=DIRECTION('',(0.E0,0.E0,-1.E0));
#2731=DIRECTION('',(1.E0,0.E0,0.E0));
#2732=AXIS2_PLACEMENT_3D('',#2729,#2730,#2731);
#2734=DIRECTION('',(0.E0,-1.E0,0.E0));
#2735=VECTOR('',#2734,1.673228346457E-1);
#2736=CARTESIAN_POINT('',(6.889763779528E-2,-1.417322834646E-1,
-5.905511811024E-3));
#2737=LINE('',#2736,#2735);
#2738=DIRECTION('',(0.E0,0.E0,1.E0));
#2739=VECTOR('',#2738,1.181102362205E-2);
#2740=CARTESIAN_POINT('',(1.476377952756E-1,-3.090551181102E-1,
-5.905511811024E-3));
#2741=LINE('',#2740,#2739);
#2742=DIRECTION('',(0.E0,-1.E0,0.E0));
#2743=VECTOR('',#2742,1.673228346457E-1);
#2744=CARTESIAN_POINT('',(1.476377952756E-1,-1.417322834646E-1,
5.905511811024E-3));
#2745=LINE('',#2744,#2743);
#2746=CARTESIAN_POINT('',(1.574803149606E-1,-3.090551181102E-1,
5.905511811024E-3));
#2747=DIRECTION('',(0.E0,0.E0,1.E0));
#2748=DIRECTION('',(-1.E0,1.127986593019E-14,0.E0));
#2749=AXIS2_PLACEMENT_3D('',#2746,#2747,#2748);
#2751=DIRECTION('',(0.E0,-1.E0,0.E0));
#2752=VECTOR('',#2751,1.673228346457E-1);
#2753=CARTESIAN_POINT('',(1.673228346457E-1,-1.417322834646E-1,
5.905511811024E-3));
#2754=LINE('',#2753,#2752);
#2755=DIRECTION('',(0.E0,0.E0,1.E0));
#2756=VECTOR('',#2755,1.181102362205E-2);
#2757=CARTESIAN_POINT('',(1.673228346457E-1,-3.090551181102E-1,
-5.905511811024E-3));
#2758=LINE('',#2757,#2756);
#2759=DIRECTION('',(0.E0,-1.E0,0.E0));
#2760=VECTOR('',#2759,1.673228346457E-1);
#2761=CARTESIAN_POINT('',(1.673228346457E-1,-1.417322834646E-1,
-5.905511811024E-3));
#2762=LINE('',#2761,#2760);
#2763=CARTESIAN_POINT('',(1.574803149606E-1,-3.090551181102E-1,
-5.905511811024E-3));
#2764=DIRECTION('',(0.E0,0.E0,-1.E0));
#2765=DIRECTION('',(1.E0,1.127986593019E-14,0.E0));
#2766=AXIS2_PLACEMENT_3D('',#2763,#2764,#2765);
#2768=DIRECTION('',(0.E0,-1.E0,0.E0));
#2769=VECTOR('',#2768,1.673228346457E-1);
#2770=CARTESIAN_POINT('',(1.476377952756E-1,-1.417322834646E-1,
-5.905511811024E-3));
#2771=LINE('',#2770,#2769);
#2772=DIRECTION('',(0.E0,0.E0,1.E0));
#2773=VECTOR('',#2772,1.181102362205E-2);
#2774=CARTESIAN_POINT('',(-1.673228346457E-1,-3.090551181102E-1,
-5.905511811024E-3));
#2775=LINE('',#2774,#2773);
#2776=DIRECTION('',(0.E0,-1.E0,0.E0));
#2777=VECTOR('',#2776,1.673228346457E-1);
#2778=CARTESIAN_POINT('',(-1.673228346457E-1,-1.417322834646E-1,
5.905511811024E-3));
#2779=LINE('',#2778,#2777);
#2780=CARTESIAN_POINT('',(-1.574803149606E-1,-3.090551181102E-1,
5.905511811024E-3));
#2781=DIRECTION('',(0.E0,0.E0,1.E0));
#2782=DIRECTION('',(-1.E0,1.127986593019E-14,0.E0));
#2783=AXIS2_PLACEMENT_3D('',#2780,#2781,#2782);
#2785=DIRECTION('',(0.E0,-1.E0,0.E0));
#2786=VECTOR('',#2785,1.673228346457E-1);
#2787=CARTESIAN_POINT('',(-1.476377952756E-1,-1.417322834646E-1,
5.905511811024E-3));
#2788=LINE('',#2787,#2786);
#2789=DIRECTION('',(0.E0,0.E0,1.E0));
#2790=VECTOR('',#2789,1.181102362205E-2);
#2791=CARTESIAN_POINT('',(-1.476377952756E-1,-3.090551181102E-1,
-5.905511811024E-3));
#2792=LINE('',#2791,#2790);
#2793=DIRECTION('',(0.E0,-1.E0,0.E0));
#2794=VECTOR('',#2793,1.673228346457E-1);
#2795=CARTESIAN_POINT('',(-1.476377952756E-1,-1.417322834646E-1,
-5.905511811024E-3));
#2796=LINE('',#2795,#2794);
#2797=CARTESIAN_POINT('',(-1.574803149606E-1,-3.090551181102E-1,
-5.905511811024E-3));
#2798=DIRECTION('',(0.E0,0.E0,-1.E0));
#2799=DIRECTION('',(1.E0,1.127986593019E-14,0.E0));
#2800=AXIS2_PLACEMENT_3D('',#2797,#2798,#2799);
#2802=DIRECTION('',(0.E0,-1.E0,0.E0));
#2803=VECTOR('',#2802,1.673228346457E-1);
#2804=CARTESIAN_POINT('',(-1.673228346457E-1,-1.417322834646E-1,
-5.905511811024E-3));
#2805=LINE('',#2804,#2803);
#2806=DIRECTION('',(0.E0,0.E0,-1.E0));
#2807=VECTOR('',#2806,1.574803149606E-2);
#2808=CARTESIAN_POINT('',(-8.661417322835E-2,-3.346456692913E-2,
8.464566929134E-2));
#2809=LINE('',#2808,#2807);
#2810=DIRECTION('',(0.E0,0.E0,-1.E0));
#2811=VECTOR('',#2810,1.574803149606E-2);
#2812=CARTESIAN_POINT('',(-7.086614173228E-2,-3.346456692913E-2,
8.464566929134E-2));
#2813=LINE('',#2812,#2811);
#2814=DIRECTION('',(0.E0,0.E0,-1.E0));
#2815=VECTOR('',#2814,1.574803149606E-2);
#2816=CARTESIAN_POINT('',(-7.086614173228E-2,-8.385826771654E-2,
8.464566929134E-2));
#2817=LINE('',#2816,#2815);
#2818=DIRECTION('',(0.E0,0.E0,-1.E0));
#2819=VECTOR('',#2818,1.574803149606E-2);
#2820=CARTESIAN_POINT('',(-8.661417322835E-2,-8.385826771654E-2,
8.464566929134E-2));
#2821=LINE('',#2820,#2819);
#2822=DIRECTION('',(0.E0,0.E0,-1.E0));
#2823=VECTOR('',#2822,1.574803149606E-2);
#2824=CARTESIAN_POINT('',(7.086614173228E-2,-3.346456692913E-2,
8.464566929134E-2));
#2825=LINE('',#2824,#2823);
#2826=DIRECTION('',(0.E0,0.E0,-1.E0));
#2827=VECTOR('',#2826,1.574803149606E-2);
#2828=CARTESIAN_POINT('',(8.661417322835E-2,-3.346456692913E-2,
8.464566929134E-2));
#2829=LINE('',#2828,#2827);
#2830=DIRECTION('',(0.E0,0.E0,-1.E0));
#2831=VECTOR('',#2830,1.574803149606E-2);
#2832=CARTESIAN_POINT('',(8.661417322835E-2,-8.385826771654E-2,
8.464566929134E-2));
#2833=LINE('',#2832,#2831);
#2834=DIRECTION('',(0.E0,0.E0,-1.E0));
#2835=VECTOR('',#2834,1.574803149606E-2);
#2836=CARTESIAN_POINT('',(7.086614173228E-2,-8.385826771654E-2,
8.464566929134E-2));
#2837=LINE('',#2836,#2835);
#2838=DIRECTION('',(0.E0,0.E0,-1.E0));
#2839=VECTOR('',#2838,1.574803149606E-2);
#2840=CARTESIAN_POINT('',(-1.377952755906E-2,-3.346456692913E-2,
8.464566929134E-2));
#2841=LINE('',#2840,#2839);
#2842=DIRECTION('',(0.E0,0.E0,-1.E0));
#2843=VECTOR('',#2842,1.574803149606E-2);
#2844=CARTESIAN_POINT('',(1.377952755906E-2,-3.346456692913E-2,
8.464566929134E-2));
#2845=LINE('',#2844,#2843);
#2846=DIRECTION('',(0.E0,0.E0,-1.E0));
#2847=VECTOR('',#2846,1.574803149606E-2);
#2848=CARTESIAN_POINT('',(1.377952755906E-2,-8.385826771654E-2,
8.464566929134E-2));
#2849=LINE('',#2848,#2847);
#2850=DIRECTION('',(0.E0,0.E0,-1.E0));
#2851=VECTOR('',#2850,1.574803149606E-2);
#2852=CARTESIAN_POINT('',(-1.377952755906E-2,-8.385826771654E-2,
8.464566929134E-2));
#2853=LINE('',#2852,#2851);
#2854=DIRECTION('',(0.E0,1.E0,0.E0));
#2855=VECTOR('',#2854,1.574803149606E-2);
#2856=CARTESIAN_POINT('',(1.870078740157E-1,-1.594488188976E-1,
4.769841796613E-2));
#2857=LINE('',#2856,#2855);
#2858=CARTESIAN_POINT('',(-2.480314960630E-1,-1.692913385827E-1,
-8.464566929134E-2));
#2859=CARTESIAN_POINT('',(-2.322834645669E-1,-1.692913385827E-1,
-8.464566929134E-2));
#2860=VERTEX_POINT('',#2858);
#2861=VERTEX_POINT('',#2859);
#2862=CARTESIAN_POINT('',(-2.480314960630E-1,-1.692913385827E-1,
8.464566929134E-2));
#2863=CARTESIAN_POINT('',(-2.322834645669E-1,-1.692913385827E-1,
8.464566929134E-2));
#2864=VERTEX_POINT('',#2862);
#2865=VERTEX_POINT('',#2863);
#2866=CARTESIAN_POINT('',(2.480314960630E-1,-1.692913385827E-1,
-8.464566929134E-2));
#2867=CARTESIAN_POINT('',(2.322834645669E-1,-1.692913385827E-1,
-8.464566929134E-2));
#2868=VERTEX_POINT('',#2866);
#2869=VERTEX_POINT('',#2867);
#2870=CARTESIAN_POINT('',(2.480314960630E-1,-1.692913385827E-1,
8.464566929134E-2));
#2871=CARTESIAN_POINT('',(2.322834645669E-1,-1.692913385827E-1,
8.464566929134E-2));
#2872=VERTEX_POINT('',#2870);
#2873=VERTEX_POINT('',#2871);
#2874=CARTESIAN_POINT('',(-2.300314960630E-1,-1.094488188976E-1,
8.464566929134E-2));
#2875=CARTESIAN_POINT('',(-2.300314960630E-1,-1.094488188976E-1,
6.889763779528E-2));
#2876=VERTEX_POINT('',#2874);
#2877=VERTEX_POINT('',#2875);
#2878=CARTESIAN_POINT('',(2.300314960630E-1,-1.094488188976E-1,
8.464566929134E-2));
#2879=CARTESIAN_POINT('',(2.300314960630E-1,-1.094488188976E-1,
6.889763779528E-2));
#2880=VERTEX_POINT('',#2878);
#2881=VERTEX_POINT('',#2879);
#2882=CARTESIAN_POINT('',(1.870078740157E-1,-1.094488188976E-1,
8.464566929134E-2));
#2883=CARTESIAN_POINT('',(1.870078740157E-1,-1.094488188976E-1,
6.889763779528E-2));
#2884=VERTEX_POINT('',#2882);
#2885=VERTEX_POINT('',#2883);
#2886=CARTESIAN_POINT('',(1.544881889764E-1,-1.594488188976E-1,
4.769841796613E-2));
#2887=CARTESIAN_POINT('',(1.544881889764E-1,-1.437007874016E-1,
4.769841796613E-2));
#2888=VERTEX_POINT('',#2886);
#2889=VERTEX_POINT('',#2887);
#2890=CARTESIAN_POINT('',(-1.545078740157E-1,-1.094488188976E-1,
8.464566929134E-2));
#2891=CARTESIAN_POINT('',(-1.545078740157E-1,-1.094488188976E-1,
6.889763779528E-2));
#2892=VERTEX_POINT('',#2890);
#2893=VERTEX_POINT('',#2891);
#2894=CARTESIAN_POINT('',(-1.870078740157E-1,-1.594488188976E-1,
4.769841796613E-2));
#2895=CARTESIAN_POINT('',(-1.870078740157E-1,-1.437007874016E-1,
4.769841796613E-2));
#2896=VERTEX_POINT('',#2894);
#2897=VERTEX_POINT('',#2895);
#2898=CARTESIAN_POINT('',(-1.870078740157E-1,-1.094488188976E-1,
8.464566929134E-2));
#2899=CARTESIAN_POINT('',(-1.870078740157E-1,-1.094488188976E-1,
6.889763779528E-2));
#2900=VERTEX_POINT('',#2898);
#2901=VERTEX_POINT('',#2899);
#2902=CARTESIAN_POINT('',(1.544881889764E-1,-1.094488188976E-1,
8.464566929134E-2));
#2903=CARTESIAN_POINT('',(1.544881889764E-1,-1.094488188976E-1,
6.889763779528E-2));
#2904=VERTEX_POINT('',#2902);
#2905=VERTEX_POINT('',#2903);
#2906=CARTESIAN_POINT('',(-2.300314960630E-1,1.574803149606E-2,
5.614173228346E-2));
#2907=CARTESIAN_POINT('',(-2.300314960630E-1,1.574803149606E-2,
6.889763779528E-2));
#2908=VERTEX_POINT('',#2906);
#2909=VERTEX_POINT('',#2907);
#2910=CARTESIAN_POINT('',(-2.480314960630E-1,-2.251968503937E-3,
5.614173228346E-2));
#2911=VERTEX_POINT('',#2910);
#2912=CARTESIAN_POINT('',(-2.300314960630E-1,1.574803149606E-2,
-5.614173228346E-2));
#2913=CARTESIAN_POINT('',(-2.480314960630E-1,-2.251968503937E-3,
-5.614173228346E-2));
#2914=VERTEX_POINT('',#2912);
#2915=VERTEX_POINT('',#2913);
#2916=CARTESIAN_POINT('',(-2.480314960630E-1,-1.574803149606E-2,
8.464566929134E-2));
#2917=CARTESIAN_POINT('',(-2.480314960630E-1,-1.574803149606E-2,
5.614173228346E-2));
#2918=VERTEX_POINT('',#2916);
#2919=VERTEX_POINT('',#2917);
#2920=CARTESIAN_POINT('',(-2.480314960630E-1,-1.574803149606E-2,
-5.614173228346E-2));
#2921=VERTEX_POINT('',#2920);
#2922=CARTESIAN_POINT('',(-2.480314960630E-1,-1.574803149606E-2,
-8.464566929134E-2));
#2923=VERTEX_POINT('',#2922);
#2924=CARTESIAN_POINT('',(-2.300314960630E-1,0.E0,8.464566929134E-2));
#2925=CARTESIAN_POINT('',(-2.300314960630E-1,-1.574803149606E-2,
8.464566929134E-2));
#2926=VERTEX_POINT('',#2924);
#2927=VERTEX_POINT('',#2925);
#2928=CARTESIAN_POINT('',(-2.300314960630E-1,0.E0,5.614173228346E-2));
#2929=CARTESIAN_POINT('',(-2.300314960630E-1,0.E0,6.889763779528E-2));
#2930=VERTEX_POINT('',#2928);
#2931=VERTEX_POINT('',#2929);
#2932=CARTESIAN_POINT('',(-2.322834645669E-1,-2.251968503937E-3,
5.614173228346E-2));
#2933=VERTEX_POINT('',#2932);
#2934=CARTESIAN_POINT('',(-2.300314960630E-1,0.E0,-5.614173228346E-2));
#2935=CARTESIAN_POINT('',(-2.322834645669E-1,-2.251968503937E-3,
-5.614173228346E-2));
#2936=VERTEX_POINT('',#2934);
#2937=VERTEX_POINT('',#2935);
#2938=CARTESIAN_POINT('',(-2.322834645669E-1,-1.574803149606E-2,
8.464566929134E-2));
#2939=CARTESIAN_POINT('',(-2.322834645669E-1,-1.574803149606E-2,
5.614173228346E-2));
#2940=VERTEX_POINT('',#2938);
#2941=VERTEX_POINT('',#2939);
#2942=CARTESIAN_POINT('',(-2.322834645669E-1,-1.574803149606E-2,
-5.614173228346E-2));
#2943=VERTEX_POINT('',#2942);
#2944=CARTESIAN_POINT('',(-2.322834645669E-1,-1.574803149606E-2,
-8.464566929134E-2));
#2945=VERTEX_POINT('',#2944);
#2946=CARTESIAN_POINT('',(-2.300314960630E-1,-1.574803149606E-2,
6.889763779528E-2));
#2947=VERTEX_POINT('',#2946);
#2948=CARTESIAN_POINT('',(2.480314960630E-1,-1.574803149606E-2,
8.464566929134E-2));
#2949=CARTESIAN_POINT('',(2.480314960630E-1,-1.574803149606E-2,
5.614173228346E-2));
#2950=VERTEX_POINT('',#2948);
#2951=VERTEX_POINT('',#2949);
#2952=CARTESIAN_POINT('',(2.480314960630E-1,-2.251968503937E-3,
5.614173228346E-2));
#2953=VERTEX_POINT('',#2952);
#2954=CARTESIAN_POINT('',(2.480314960630E-1,-2.251968503937E-3,
-5.614173228346E-2));
#2955=CARTESIAN_POINT('',(2.480314960630E-1,-1.574803149606E-2,
-5.614173228346E-2));
#2956=VERTEX_POINT('',#2954);
#2957=VERTEX_POINT('',#2955);
#2958=CARTESIAN_POINT('',(2.480314960630E-1,-1.574803149606E-2,
-8.464566929134E-2));
#2959=VERTEX_POINT('',#2958);
#2960=CARTESIAN_POINT('',(2.300314960630E-1,1.574803149606E-2,
5.614173228346E-2));
#2961=VERTEX_POINT('',#2960);
#2962=CARTESIAN_POINT('',(2.300314960630E-1,1.574803149606E-2,
6.889763779528E-2));
#2963=VERTEX_POINT('',#2962);
#2964=CARTESIAN_POINT('',(2.300314960630E-1,1.574803149606E-2,
-5.614173228346E-2));
#2965=VERTEX_POINT('',#2964);
#2966=CARTESIAN_POINT('',(2.300314960630E-1,0.E0,8.464566929134E-2));
#2967=CARTESIAN_POINT('',(2.300314960630E-1,-1.574803149606E-2,
8.464566929134E-2));
#2968=VERTEX_POINT('',#2966);
#2969=VERTEX_POINT('',#2967);
#2970=CARTESIAN_POINT('',(2.322834645669E-1,-1.574803149606E-2,
8.464566929134E-2));
#2971=CARTESIAN_POINT('',(2.322834645669E-1,-1.574803149606E-2,
5.614173228346E-2));
#2972=VERTEX_POINT('',#2970);
#2973=VERTEX_POINT('',#2971);
#2974=CARTESIAN_POINT('',(2.322834645669E-1,-2.251968503937E-3,
5.614173228346E-2));
#2975=VERTEX_POINT('',#2974);
#2976=CARTESIAN_POINT('',(2.322834645669E-1,-2.251968503937E-3,
-5.614173228346E-2));
#2977=CARTESIAN_POINT('',(2.322834645669E-1,-1.574803149606E-2,
-5.614173228346E-2));
#2978=VERTEX_POINT('',#2976);
#2979=VERTEX_POINT('',#2977);
#2980=CARTESIAN_POINT('',(2.322834645669E-1,-1.574803149606E-2,
-8.464566929134E-2));
#2981=VERTEX_POINT('',#2980);
#2982=CARTESIAN_POINT('',(2.300314960630E-1,0.E0,5.614173228346E-2));
#2983=VERTEX_POINT('',#2982);
#2984=CARTESIAN_POINT('',(2.300314960630E-1,0.E0,6.889763779528E-2));
#2985=VERTEX_POINT('',#2984);
#2986=CARTESIAN_POINT('',(2.300314960630E-1,0.E0,-5.614173228346E-2));
#2987=VERTEX_POINT('',#2986);
#2988=CARTESIAN_POINT('',(2.300314960630E-1,-1.574803149606E-2,
6.889763779528E-2));
#2989=VERTEX_POINT('',#2988);
#2990=CARTESIAN_POINT('',(2.480314960630E-1,-2.374768331700E-1,
2.219889496015E-2));
#2991=CARTESIAN_POINT('',(2.480314960630E-1,-2.711797096460E-1,
1.143073908642E-2));
#2992=VERTEX_POINT('',#2990);
#2993=VERTEX_POINT('',#2991);
#2994=CARTESIAN_POINT('',(2.480314960630E-1,-2.711797096460E-1,
-1.143073908642E-2));
#2995=VERTEX_POINT('',#2994);
#2996=CARTESIAN_POINT('',(2.480314960630E-1,-2.374768331700E-1,
-2.219889496015E-2));
#2997=VERTEX_POINT('',#2996);
#2998=CARTESIAN_POINT('',(2.322834645669E-1,-2.374768331700E-1,
2.219889496015E-2));
#2999=CARTESIAN_POINT('',(2.322834645669E-1,-2.711797096460E-1,
1.143073908642E-2));
#3000=VERTEX_POINT('',#2998);
#3001=VERTEX_POINT('',#2999);
#3002=CARTESIAN_POINT('',(2.322834645669E-1,-2.711797096460E-1,
-1.143073908642E-2));
#3003=VERTEX_POINT('',#3002);
#3004=CARTESIAN_POINT('',(2.322834645669E-1,-2.374768331700E-1,
-2.219889496015E-2));
#3005=VERTEX_POINT('',#3004);
#3006=CARTESIAN_POINT('',(2.480314960630E-1,-1.692913385827E-1,1.8E-2));
#3007=CARTESIAN_POINT('',(2.480314960630E-1,-2.254318739570E-1,
2.348013170167E-2));
#3008=VERTEX_POINT('',#3006);
#3009=VERTEX_POINT('',#3007);
#3010=CARTESIAN_POINT('',(2.480314960630E-1,-2.254318739570E-1,
-2.348013170167E-2));
#3011=VERTEX_POINT('',#3010);
#3012=CARTESIAN_POINT('',(2.480314960630E-1,-1.692913385827E-1,-1.8E-2));
#3013=VERTEX_POINT('',#3012);
#3014=CARTESIAN_POINT('',(2.322834645669E-1,-1.692913385827E-1,1.8E-2));
#3015=CARTESIAN_POINT('',(2.322834645669E-1,-2.254318739570E-1,
2.348013170167E-2));
#3016=VERTEX_POINT('',#3014);
#3017=VERTEX_POINT('',#3015);
#3018=CARTESIAN_POINT('',(2.322834645669E-1,-2.254318739570E-1,
-2.348013170167E-2));
#3019=VERTEX_POINT('',#3018);
#3020=CARTESIAN_POINT('',(2.322834645669E-1,-1.692913385827E-1,-1.8E-2));
#3021=VERTEX_POINT('',#3020);
#3022=CARTESIAN_POINT('',(-2.480314960630E-1,-2.374768331700E-1,
2.219889496015E-2));
#3023=CARTESIAN_POINT('',(-2.480314960630E-1,-2.711797096460E-1,
1.143073908642E-2));
#3024=VERTEX_POINT('',#3022);
#3025=VERTEX_POINT('',#3023);
#3026=CARTESIAN_POINT('',(-2.480314960630E-1,-2.711797096460E-1,
-1.143073908642E-2));
#3027=VERTEX_POINT('',#3026);
#3028=CARTESIAN_POINT('',(-2.480314960630E-1,-2.374768331700E-1,
-2.219889496015E-2));
#3029=VERTEX_POINT('',#3028);
#3030=CARTESIAN_POINT('',(-2.322834645669E-1,-2.374768331700E-1,
2.219889496015E-2));
#3031=CARTESIAN_POINT('',(-2.322834645669E-1,-2.711797096460E-1,
1.143073908642E-2));
#3032=VERTEX_POINT('',#3030);
#3033=VERTEX_POINT('',#3031);
#3034=CARTESIAN_POINT('',(-2.322834645669E-1,-2.711797096460E-1,
-1.143073908642E-2));
#3035=VERTEX_POINT('',#3034);
#3036=CARTESIAN_POINT('',(-2.322834645669E-1,-2.374768331700E-1,
-2.219889496015E-2));
#3037=VERTEX_POINT('',#3036);
#3038=CARTESIAN_POINT('',(-2.480314960630E-1,-1.692913385827E-1,1.8E-2));
#3039=CARTESIAN_POINT('',(-2.480314960630E-1,-2.254318739570E-1,
2.348013170167E-2));
#3040=VERTEX_POINT('',#3038);
#3041=VERTEX_POINT('',#3039);
#3042=CARTESIAN_POINT('',(-2.480314960630E-1,-2.254318739570E-1,
-2.348013170167E-2));
#3043=VERTEX_POINT('',#3042);
#3044=CARTESIAN_POINT('',(-2.480314960630E-1,-1.692913385827E-1,-1.8E-2));
#3045=VERTEX_POINT('',#3044);
#3046=CARTESIAN_POINT('',(-2.322834645669E-1,-1.692913385827E-1,1.8E-2));
#3047=CARTESIAN_POINT('',(-2.322834645669E-1,-2.254318739570E-1,
2.348013170167E-2));
#3048=VERTEX_POINT('',#3046);
#3049=VERTEX_POINT('',#3047);
#3050=CARTESIAN_POINT('',(-2.322834645669E-1,-2.254318739570E-1,
-2.348013170167E-2));
#3051=VERTEX_POINT('',#3050);
#3052=CARTESIAN_POINT('',(-2.322834645669E-1,-1.692913385827E-1,-1.8E-2));
#3053=VERTEX_POINT('',#3052);
#3054=CARTESIAN_POINT('',(2.480314960630E-1,-1.692913385827E-1,
-4.807129503366E-2));
#3055=CARTESIAN_POINT('',(2.480314960630E-1,-1.692913385827E-1,
-1.807129503366E-2));
#3056=VERTEX_POINT('',#3054);
#3057=VERTEX_POINT('',#3055);
#3058=CARTESIAN_POINT('',(2.480314960630E-1,-1.692913385827E-1,
1.807129503366E-2));
#3059=CARTESIAN_POINT('',(2.480314960630E-1,-1.692913385827E-1,
4.807129503366E-2));
#3060=VERTEX_POINT('',#3058);
#3061=VERTEX_POINT('',#3059);
#3062=CARTESIAN_POINT('',(2.322834645669E-1,-1.692913385827E-1,
-4.807129503366E-2));
#3063=CARTESIAN_POINT('',(2.322834645669E-1,-1.692913385827E-1,
-1.807129503366E-2));
#3064=VERTEX_POINT('',#3062);
#3065=VERTEX_POINT('',#3063);
#3066=CARTESIAN_POINT('',(2.322834645669E-1,-1.692913385827E-1,
1.807129503366E-2));
#3067=CARTESIAN_POINT('',(2.322834645669E-1,-1.692913385827E-1,
4.807129503366E-2));
#3068=VERTEX_POINT('',#3066);
#3069=VERTEX_POINT('',#3067);
#3070=CARTESIAN_POINT('',(1.200787401575E-1,1.574803149606E-2,
-4.330708661417E-2));
#3071=CARTESIAN_POINT('',(-1.200787401575E-1,1.574803149606E-2,
-4.330708661417E-2));
#3072=VERTEX_POINT('',#3070);
#3073=VERTEX_POINT('',#3071);
#3074=CARTESIAN_POINT('',(-1.200787401575E-1,1.574803149606E-2,
4.330708661417E-2));
#3075=VERTEX_POINT('',#3074);
#3076=CARTESIAN_POINT('',(1.200787401575E-1,1.574803149606E-2,
4.330708661417E-2));
#3077=VERTEX_POINT('',#3076);
#3078=CARTESIAN_POINT('',(-1.200787401575E-1,0.E0,-4.330708661417E-2));
#3079=CARTESIAN_POINT('',(-1.200787401575E-1,0.E0,4.330708661417E-2));
#3080=VERTEX_POINT('',#3078);
#3081=VERTEX_POINT('',#3079);
#3082=CARTESIAN_POINT('',(-2.480314960630E-1,-1.692913385827E-1,
-4.807129503366E-2));
#3083=CARTESIAN_POINT('',(-2.480314960630E-1,-1.692913385827E-1,
-1.807129503366E-2));
#3084=VERTEX_POINT('',#3082);
#3085=VERTEX_POINT('',#3083);
#3086=CARTESIAN_POINT('',(-2.480314960630E-1,-1.692913385827E-1,
1.807129503366E-2));
#3087=CARTESIAN_POINT('',(-2.480314960630E-1,-1.692913385827E-1,
4.807129503366E-2));
#3088=VERTEX_POINT('',#3086);
#3089=VERTEX_POINT('',#3087);
#3090=CARTESIAN_POINT('',(-2.322834645669E-1,-1.692913385827E-1,
-4.807129503366E-2));
#3091=CARTESIAN_POINT('',(-2.322834645669E-1,-1.692913385827E-1,
-1.807129503366E-2));
#3092=VERTEX_POINT('',#3090);
#3093=VERTEX_POINT('',#3091);
#3094=CARTESIAN_POINT('',(-2.322834645669E-1,-1.692913385827E-1,
1.807129503366E-2));
#3095=CARTESIAN_POINT('',(-2.322834645669E-1,-1.692913385827E-1,
4.807129503366E-2));
#3096=VERTEX_POINT('',#3094);
#3097=VERTEX_POINT('',#3095);
#3098=CARTESIAN_POINT('',(-1.545078740157E-1,-1.594488188976E-1,
4.769841796613E-2));
#3099=VERTEX_POINT('',#3098);
#3100=CARTESIAN_POINT('',(1.870078740157E-1,-1.594488188976E-1,
4.769841796613E-2));
#3101=VERTEX_POINT('',#3100);
#3102=CARTESIAN_POINT('',(-1.545078740157E-1,-1.437007874016E-1,
4.769841796613E-2));
#3103=VERTEX_POINT('',#3102);
#3104=CARTESIAN_POINT('',(1.870078740157E-1,-1.437007874016E-1,
4.769841796613E-2));
#3105=VERTEX_POINT('',#3104);
#3106=CARTESIAN_POINT('',(-2.300314960630E-1,0.E0,-8.464566929134E-2));
#3107=CARTESIAN_POINT('',(-2.300314960630E-1,-1.094488188976E-1,
-8.464566929134E-2));
#3108=VERTEX_POINT('',#3106);
#3109=VERTEX_POINT('',#3107);
#3110=CARTESIAN_POINT('',(2.300314960630E-1,-1.094488188976E-1,
-8.464566929134E-2));
#3111=CARTESIAN_POINT('',(2.300314960630E-1,0.E0,-8.464566929134E-2));
#3112=VERTEX_POINT('',#3110);
#3113=VERTEX_POINT('',#3111);
#3114=CARTESIAN_POINT('',(-2.300314960630E-1,0.E0,-6.889763779528E-2));
#3115=CARTESIAN_POINT('',(-2.300314960630E-1,-1.094488188976E-1,
-6.889763779528E-2));
#3116=VERTEX_POINT('',#3114);
#3117=VERTEX_POINT('',#3115);
#3118=CARTESIAN_POINT('',(2.300314960630E-1,-1.094488188976E-1,
-6.889763779528E-2));
#3119=CARTESIAN_POINT('',(2.300314960630E-1,0.E0,-6.889763779528E-2));
#3120=VERTEX_POINT('',#3118);
#3121=VERTEX_POINT('',#3119);
#3122=CARTESIAN_POINT('',(1.870078740157E-1,-1.094488188976E-1,
-8.464566929134E-2));
#3123=CARTESIAN_POINT('',(1.870078740157E-1,-1.094488188976E-1,
-6.889763779528E-2));
#3124=VERTEX_POINT('',#3122);
#3125=VERTEX_POINT('',#3123);
#3126=CARTESIAN_POINT('',(1.870078740157E-1,-1.594488188976E-1,
-4.769841796613E-2));
#3127=CARTESIAN_POINT('',(1.870078740157E-1,-1.437007874016E-1,
-4.769841796613E-2));
#3128=VERTEX_POINT('',#3126);
#3129=VERTEX_POINT('',#3127);
#3130=CARTESIAN_POINT('',(1.544881889764E-1,-1.094488188976E-1,
-8.464566929134E-2));
#3131=CARTESIAN_POINT('',(1.544881889764E-1,-1.094488188976E-1,
-6.889763779528E-2));
#3132=VERTEX_POINT('',#3130);
#3133=VERTEX_POINT('',#3131);
#3134=CARTESIAN_POINT('',(-1.545078740157E-1,-1.594488188976E-1,
-4.769841796613E-2));
#3135=CARTESIAN_POINT('',(-1.545078740157E-1,-1.437007874016E-1,
-4.769841796613E-2));
#3136=VERTEX_POINT('',#3134);
#3137=VERTEX_POINT('',#3135);
#3138=CARTESIAN_POINT('',(-1.870078740157E-1,-1.094488188976E-1,
-8.464566929134E-2));
#3139=CARTESIAN_POINT('',(-1.870078740157E-1,-1.094488188976E-1,
-6.889763779528E-2));
#3140=VERTEX_POINT('',#3138);
#3141=VERTEX_POINT('',#3139);
#3142=CARTESIAN_POINT('',(-1.545078740157E-1,-1.094488188976E-1,
-8.464566929134E-2));
#3143=CARTESIAN_POINT('',(-1.545078740157E-1,-1.094488188976E-1,
-6.889763779528E-2));
#3144=VERTEX_POINT('',#3142);
#3145=VERTEX_POINT('',#3143);
#3146=CARTESIAN_POINT('',(-1.870078740157E-1,-1.594488188976E-1,
-4.769841796613E-2));
#3147=VERTEX_POINT('',#3146);
#3148=CARTESIAN_POINT('',(1.544881889764E-1,-1.594488188976E-1,
-4.769841796613E-2));
#3149=VERTEX_POINT('',#3148);
#3150=CARTESIAN_POINT('',(-1.870078740157E-1,-1.437007874016E-1,
-4.769841796613E-2));
#3151=VERTEX_POINT('',#3150);
#3152=CARTESIAN_POINT('',(1.544881889764E-1,-1.437007874016E-1,
-4.769841796613E-2));
#3153=VERTEX_POINT('',#3152);
#3154=CARTESIAN_POINT('',(2.300314960630E-1,1.574803149606E-2,
-6.889763779528E-2));
#3155=VERTEX_POINT('',#3154);
#3156=CARTESIAN_POINT('',(-2.300314960630E-1,1.574803149606E-2,
-6.889763779528E-2));
#3157=VERTEX_POINT('',#3156);
#3158=CARTESIAN_POINT('',(-1.870078740157E-1,-1.417322834646E-1,
-8.464566929134E-2));
#3159=VERTEX_POINT('',#3158);
#3160=CARTESIAN_POINT('',(-1.545078740157E-1,-1.417322834646E-1,
-8.464566929134E-2));
#3161=VERTEX_POINT('',#3160);
#3162=CARTESIAN_POINT('',(1.544881889764E-1,-1.417322834646E-1,
-8.464566929134E-2));
#3163=VERTEX_POINT('',#3162);
#3164=CARTESIAN_POINT('',(1.870078740157E-1,-1.417322834646E-1,
-8.464566929134E-2));
#3165=VERTEX_POINT('',#3164);
#3166=CARTESIAN_POINT('',(-1.870078740157E-1,-1.417322834646E-1,
-6.889763779528E-2));
#3167=VERTEX_POINT('',#3166);
#3168=CARTESIAN_POINT('',(-1.545078740157E-1,-1.417322834646E-1,
-6.889763779528E-2));
#3169=VERTEX_POINT('',#3168);
#3170=CARTESIAN_POINT('',(1.544881889764E-1,-1.417322834646E-1,
-6.889763779528E-2));
#3171=VERTEX_POINT('',#3170);
#3172=CARTESIAN_POINT('',(1.870078740157E-1,-1.417322834646E-1,
-6.889763779528E-2));
#3173=VERTEX_POINT('',#3172);
#3174=CARTESIAN_POINT('',(-1.870078740157E-1,-1.594488188976E-1,
-6.692913385827E-2));
#3175=VERTEX_POINT('',#3174);
#3176=CARTESIAN_POINT('',(-1.545078740157E-1,-1.594488188976E-1,
-6.692913385827E-2));
#3177=VERTEX_POINT('',#3176);
#3178=CARTESIAN_POINT('',(1.544881889764E-1,-1.594488188976E-1,
-6.692913385827E-2));
#3179=VERTEX_POINT('',#3178);
#3180=CARTESIAN_POINT('',(1.870078740157E-1,-1.594488188976E-1,
-6.692913385827E-2));
#3181=VERTEX_POINT('',#3180);
#3182=CARTESIAN_POINT('',(-1.870078740157E-1,-1.437007874016E-1,
-6.692913385827E-2));
#3183=VERTEX_POINT('',#3182);
#3184=CARTESIAN_POINT('',(-1.545078740157E-1,-1.437007874016E-1,
-6.692913385827E-2));
#3185=VERTEX_POINT('',#3184);
#3186=CARTESIAN_POINT('',(1.544881889764E-1,-1.437007874016E-1,
-6.692913385827E-2));
#3187=VERTEX_POINT('',#3186);
#3188=CARTESIAN_POINT('',(1.870078740157E-1,-1.437007874016E-1,
-6.692913385827E-2));
#3189=VERTEX_POINT('',#3188);
#3190=CARTESIAN_POINT('',(-1.870078740157E-1,-1.417322834646E-1,
8.464566929134E-2));
#3191=VERTEX_POINT('',#3190);
#3192=CARTESIAN_POINT('',(-1.545078740157E-1,-1.417322834646E-1,
8.464566929134E-2));
#3193=VERTEX_POINT('',#3192);
#3194=CARTESIAN_POINT('',(1.544881889764E-1,-1.417322834646E-1,
8.464566929134E-2));
#3195=VERTEX_POINT('',#3194);
#3196=CARTESIAN_POINT('',(1.870078740157E-1,-1.417322834646E-1,
8.464566929134E-2));
#3197=VERTEX_POINT('',#3196);
#3198=CARTESIAN_POINT('',(-1.870078740157E-1,-1.417322834646E-1,
6.889763779528E-2));
#3199=VERTEX_POINT('',#3198);
#3200=CARTESIAN_POINT('',(-1.545078740157E-1,-1.417322834646E-1,
6.889763779528E-2));
#3201=VERTEX_POINT('',#3200);
#3202=CARTESIAN_POINT('',(1.544881889764E-1,-1.417322834646E-1,
6.889763779528E-2));
#3203=VERTEX_POINT('',#3202);
#3204=CARTESIAN_POINT('',(1.870078740157E-1,-1.417322834646E-1,
6.889763779528E-2));
#3205=VERTEX_POINT('',#3204);
#3206=CARTESIAN_POINT('',(-1.870078740157E-1,-1.594488188976E-1,
6.692913385827E-2));
#3207=VERTEX_POINT('',#3206);
#3208=CARTESIAN_POINT('',(-1.545078740157E-1,-1.594488188976E-1,
6.692913385827E-2));
#3209=VERTEX_POINT('',#3208);
#3210=CARTESIAN_POINT('',(1.544881889764E-1,-1.594488188976E-1,
6.692913385827E-2));
#3211=VERTEX_POINT('',#3210);
#3212=CARTESIAN_POINT('',(1.870078740157E-1,-1.594488188976E-1,
6.692913385827E-2));
#3213=VERTEX_POINT('',#3212);
#3214=CARTESIAN_POINT('',(-1.870078740157E-1,-1.437007874016E-1,
6.692913385827E-2));
#3215=VERTEX_POINT('',#3214);
#3216=CARTESIAN_POINT('',(-1.545078740157E-1,-1.437007874016E-1,
6.692913385827E-2));
#3217=VERTEX_POINT('',#3216);
#3218=CARTESIAN_POINT('',(1.544881889764E-1,-1.437007874016E-1,
6.692913385827E-2));
#3219=VERTEX_POINT('',#3218);
#3220=CARTESIAN_POINT('',(1.870078740157E-1,-1.437007874016E-1,
6.692913385827E-2));
#3221=VERTEX_POINT('',#3220);
#3222=CARTESIAN_POINT('',(3.299470322289E-2,-3.697336186977E-2,
-8.267716535433E-2));
#3223=CARTESIAN_POINT('',(3.397771295924E-2,-4.181429395434E-2,
-8.267716535433E-2));
#3224=VERTEX_POINT('',#3222);
#3225=VERTEX_POINT('',#3223);
#3226=CARTESIAN_POINT('',(1.772492352162E-2,-4.181429395434E-2,
-8.267716535433E-2));
#3227=VERTEX_POINT('',#3226);
#3228=CARTESIAN_POINT('',(1.684501269890E-2,-3.748108302494E-2,
-8.267716535433E-2));
#3229=VERTEX_POINT('',#3228);
#3230=VERTEX_POINT('',#2500);
#3231=VERTEX_POINT('',#2468);
#3232=VERTEX_POINT('',#2463);
#3233=VERTEX_POINT('',#2453);
#3234=CARTESIAN_POINT('',(3.951326326354E-3,-8.050581908701E-2,
-8.267716535433E-2));
#3235=VERTEX_POINT('',#3234);
#3236=CARTESIAN_POINT('',(-2.243338531136E-2,-8.050581908701E-2,
-8.267716535433E-2));
#3237=VERTEX_POINT('',#3236);
#3238=CARTESIAN_POINT('',(-2.507092540286E-2,-6.698026984130E-2,
-8.267716535433E-2));
#3239=VERTEX_POINT('',#3238);
#3240=CARTESIAN_POINT('',(-2.960354403474E-2,-6.082077971693E-2,
-8.267716535433E-2));
#3241=VERTEX_POINT('',#3240);
#3242=CARTESIAN_POINT('',(-3.396817247273E-2,-8.050581908701E-2,
-8.267716535433E-2));
#3243=VERTEX_POINT('',#3242);
#3244=CARTESIAN_POINT('',(-5.269701904957E-2,-8.050581908701E-2,
-8.267716535433E-2));
#3245=VERTEX_POINT('',#3244);
#3246=CARTESIAN_POINT('',(-4.326108502773E-2,-4.720933472876E-2,
-8.267716535433E-2));
#3247=VERTEX_POINT('',#3246);
#3248=CARTESIAN_POINT('',(-6.350022839164E-2,-2.102552324064E-2,
-8.267716535433E-2));
#3249=VERTEX_POINT('',#3248);
#3250=CARTESIAN_POINT('',(-4.535322423995E-2,-2.102552324064E-2,
-8.267716535433E-2));
#3251=VERTEX_POINT('',#3250);
#3252=CARTESIAN_POINT('',(-3.102070860239E-2,-4.371358453147E-2,
-8.267716535433E-2));
#3253=VERTEX_POINT('',#3252);
#3254=CARTESIAN_POINT('',(-2.960802879041E-2,-4.371358453147E-2,
-8.267716535433E-2));
#3255=VERTEX_POINT('',#3254);
#3256=CARTESIAN_POINT('',(-3.403229801350E-2,-2.102552324064E-2,
-8.267716535433E-2));
#3257=VERTEX_POINT('',#3256);
#3258=CARTESIAN_POINT('',(-1.735539148681E-2,-2.102552324064E-2,
-8.267716535433E-2));
#3259=VERTEX_POINT('',#3258);
#3260=CARTESIAN_POINT('',(-9.508726468423E-3,-6.126394633133E-2,
-8.267716535433E-2));
#3261=VERTEX_POINT('',#3260);
#3262=CARTESIAN_POINT('',(-1.367011244397E-3,-6.126394633133E-2,
-8.267716535433E-2));
#3263=VERTEX_POINT('',#3262);
#3264=VERTEX_POINT('',#2388);
#3265=CARTESIAN_POINT('',(3.460914813267E-3,-6.024663171440E-2,
-8.267716535433E-2));
#3266=VERTEX_POINT('',#3265);
#3267=VERTEX_POINT('',#2379);
#3268=VERTEX_POINT('',#2363);
#3269=VERTEX_POINT('',#2358);
#3270=VERTEX_POINT('',#2353);
#3271=VERTEX_POINT('',#2347);
#3272=CARTESIAN_POINT('',(2.035529523760E-2,-5.476782876014E-2,
-8.267716535433E-2));
#3273=VERTEX_POINT('',#3272);
#3274=CARTESIAN_POINT('',(3.660808467522E-2,-5.476782876014E-2,
-8.267716535433E-2));
#3275=VERTEX_POINT('',#3274);
#3276=CARTESIAN_POINT('',(3.754263940855E-2,-5.937013922160E-2,
-8.267716535433E-2));
#3277=VERTEX_POINT('',#3276);
#3278=VERTEX_POINT('',#2330);
#3279=VERTEX_POINT('',#2325);
#3280=VERTEX_POINT('',#2320);
#3281=VERTEX_POINT('',#2510);
#3282=VERTEX_POINT('',#2513);
#3283=VERTEX_POINT('',#2532);
#3284=CARTESIAN_POINT('',(8.540406289884E-3,-5.039782824345E-2,
-8.267716535433E-2));
#3285=VERTEX_POINT('',#3284);
#3286=VERTEX_POINT('',#2523);
#3287=CARTESIAN_POINT('',(1.163967165110E-2,-6.543882982490E-2,
-8.267716535433E-2));
#3288=CARTESIAN_POINT('',(8.349273281580E-3,-7.188708296750E-2,
-8.267716535433E-2));
#3289=VERTEX_POINT('',#3287);
#3290=VERTEX_POINT('',#3288);
#3291=VERTEX_POINT('',#2551);
#3292=VERTEX_POINT('',#2546);
#3293=CARTESIAN_POINT('',(-8.689220428874E-3,-6.546644900827E-2,
-8.267716535433E-2));
#3294=CARTESIAN_POINT('',(-6.094281487137E-3,-7.877353562244E-2,
-8.267716535433E-2));
#3295=VERTEX_POINT('',#3293);
#3296=VERTEX_POINT('',#3294);
#3297=CARTESIAN_POINT('',(-2.926701092468E-3,-7.263180333898E-2,
-8.267716535433E-2));
#3298=VERTEX_POINT('',#3297);
#3299=CARTESIAN_POINT('',(3.299470322289E-2,-3.697336186977E-2,
-8.464566929134E-2));
#3300=CARTESIAN_POINT('',(3.397771295924E-2,-4.181429395434E-2,
-8.464566929134E-2));
#3301=VERTEX_POINT('',#3299);
#3302=VERTEX_POINT('',#3300);
#3303=CARTESIAN_POINT('',(1.772492352162E-2,-4.181429395434E-2,
-8.464566929134E-2));
#3304=VERTEX_POINT('',#3303);
#3305=CARTESIAN_POINT('',(1.684501269890E-2,-3.748108302494E-2,
-8.464566929134E-2));
#3306=VERTEX_POINT('',#3305);
#3307=VERTEX_POINT('',#1120);
#3308=VERTEX_POINT('',#1152);
#3309=VERTEX_POINT('',#1157);
#3310=VERTEX_POINT('',#1167);
#3311=CARTESIAN_POINT('',(3.951326326354E-3,-8.050581908701E-2,
-8.464566929134E-2));
#3312=VERTEX_POINT('',#3311);
#3313=CARTESIAN_POINT('',(-2.243338531136E-2,-8.050581908701E-2,
-8.464566929134E-2));
#3314=VERTEX_POINT('',#3313);
#3315=CARTESIAN_POINT('',(-2.507092540286E-2,-6.698026984130E-2,
-8.464566929134E-2));
#3316=VERTEX_POINT('',#3315);
#3317=CARTESIAN_POINT('',(-2.960354403474E-2,-6.082077971693E-2,
-8.464566929134E-2));
#3318=VERTEX_POINT('',#3317);
#3319=CARTESIAN_POINT('',(-3.396817247273E-2,-8.050581908701E-2,
-8.464566929134E-2));
#3320=VERTEX_POINT('',#3319);
#3321=CARTESIAN_POINT('',(-5.269701904957E-2,-8.050581908701E-2,
-8.464566929134E-2));
#3322=VERTEX_POINT('',#3321);
#3323=CARTESIAN_POINT('',(-4.326108502773E-2,-4.720933472876E-2,
-8.464566929134E-2));
#3324=VERTEX_POINT('',#3323);
#3325=CARTESIAN_POINT('',(-6.350022839164E-2,-2.102552324064E-2,
-8.464566929134E-2));
#3326=VERTEX_POINT('',#3325);
#3327=CARTESIAN_POINT('',(-4.535322423995E-2,-2.102552324064E-2,
-8.464566929134E-2));
#3328=VERTEX_POINT('',#3327);
#3329=CARTESIAN_POINT('',(-3.102070860239E-2,-4.371358453147E-2,
-8.464566929134E-2));
#3330=VERTEX_POINT('',#3329);
#3331=CARTESIAN_POINT('',(-2.960802879041E-2,-4.371358453147E-2,
-8.464566929134E-2));
#3332=VERTEX_POINT('',#3331);
#3333=CARTESIAN_POINT('',(-3.403229801350E-2,-2.102552324064E-2,
-8.464566929134E-2));
#3334=VERTEX_POINT('',#3333);
#3335=CARTESIAN_POINT('',(-1.735539148681E-2,-2.102552324064E-2,
-8.464566929134E-2));
#3336=VERTEX_POINT('',#3335);
#3337=CARTESIAN_POINT('',(-9.508726468423E-3,-6.126394633133E-2,
-8.464566929134E-2));
#3338=VERTEX_POINT('',#3337);
#3339=CARTESIAN_POINT('',(-1.367011244397E-3,-6.126394633133E-2,
-8.464566929134E-2));
#3340=VERTEX_POINT('',#3339);
#3341=VERTEX_POINT('',#1232);
#3342=CARTESIAN_POINT('',(3.460914813267E-3,-6.024663171440E-2,
-8.464566929134E-2));
#3343=VERTEX_POINT('',#3342);
#3344=VERTEX_POINT('',#1241);
#3345=VERTEX_POINT('',#1257);
#3346=VERTEX_POINT('',#1262);
#3347=VERTEX_POINT('',#1267);
#3348=VERTEX_POINT('',#1273);
#3349=CARTESIAN_POINT('',(2.035529523760E-2,-5.476782876014E-2,
-8.464566929134E-2));
#3350=VERTEX_POINT('',#3349);
#3351=CARTESIAN_POINT('',(3.660808467522E-2,-5.476782876014E-2,
-8.464566929134E-2));
#3352=VERTEX_POINT('',#3351);
#3353=CARTESIAN_POINT('',(3.754263940854E-2,-5.937013922160E-2,
-8.464566929134E-2));
#3354=VERTEX_POINT('',#3353);
#3355=VERTEX_POINT('',#1290);
#3356=VERTEX_POINT('',#1295);
#3357=VERTEX_POINT('',#1300);
#3358=VERTEX_POINT('',#2570);
#3359=VERTEX_POINT('',#2573);
#3360=VERTEX_POINT('',#2575);
#3361=CARTESIAN_POINT('',(8.540406289884E-3,-5.039782824345E-2,
-8.464566929134E-2));
#3362=VERTEX_POINT('',#3361);
#3363=VERTEX_POINT('',#2584);
#3364=CARTESIAN_POINT('',(1.163967165110E-2,-6.543882982490E-2,
-8.464566929134E-2));
#3365=CARTESIAN_POINT('',(8.349273281580E-3,-7.188708296750E-2,
-8.464566929134E-2));
#3366=VERTEX_POINT('',#3364);
#3367=VERTEX_POINT('',#3365);
#3368=VERTEX_POINT('',#2618);
#3369=VERTEX_POINT('',#2623);
#3370=CARTESIAN_POINT('',(-8.689220428874E-3,-6.546644900827E-2,
-8.464566929134E-2));
#3371=CARTESIAN_POINT('',(-6.094281487137E-3,-7.877353562244E-2,
-8.464566929134E-2));
#3372=VERTEX_POINT('',#3370);
#3373=VERTEX_POINT('',#3371);
#3374=CARTESIAN_POINT('',(-2.926701092468E-3,-7.263180333898E-2,
-8.464566929134E-2));
#3375=VERTEX_POINT('',#3374);
#3376=CARTESIAN_POINT('',(-8.661417322835E-2,-8.385826771654E-2,
8.464566929134E-2));
#3377=CARTESIAN_POINT('',(-8.661417322835E-2,-3.346456692913E-2,
8.464566929134E-2));
#3378=VERTEX_POINT('',#3376);
#3379=VERTEX_POINT('',#3377);
#3380=CARTESIAN_POINT('',(-7.086614173228E-2,-3.346456692913E-2,
8.464566929134E-2));
#3381=VERTEX_POINT('',#3380);
#3382=CARTESIAN_POINT('',(-7.086614173228E-2,-8.385826771654E-2,
8.464566929134E-2));
#3383=VERTEX_POINT('',#3382);
#3384=CARTESIAN_POINT('',(7.086614173228E-2,-8.385826771654E-2,
8.464566929134E-2));
#3385=CARTESIAN_POINT('',(7.086614173228E-2,-3.346456692913E-2,
8.464566929134E-2));
#3386=VERTEX_POINT('',#3384);
#3387=VERTEX_POINT('',#3385);
#3388=CARTESIAN_POINT('',(8.661417322835E-2,-3.346456692913E-2,
8.464566929134E-2));
#3389=VERTEX_POINT('',#3388);
#3390=CARTESIAN_POINT('',(8.661417322835E-2,-8.385826771654E-2,
8.464566929134E-2));
#3391=VERTEX_POINT('',#3390);
#3392=CARTESIAN_POINT('',(-1.377952755906E-2,-8.385826771654E-2,
8.464566929134E-2));
#3393=CARTESIAN_POINT('',(-1.377952755906E-2,-3.346456692913E-2,
8.464566929134E-2));
#3394=VERTEX_POINT('',#3392);
#3395=VERTEX_POINT('',#3393);
#3396=CARTESIAN_POINT('',(1.377952755906E-2,-3.346456692913E-2,
8.464566929134E-2));
#3397=VERTEX_POINT('',#3396);
#3398=CARTESIAN_POINT('',(1.377952755906E-2,-8.385826771654E-2,
8.464566929134E-2));
#3399=VERTEX_POINT('',#3398);
#3400=CARTESIAN_POINT('',(-8.661417322835E-2,-8.385826771654E-2,
6.889763779528E-2));
#3401=CARTESIAN_POINT('',(-8.661417322835E-2,-3.346456692913E-2,
6.889763779528E-2));
#3402=VERTEX_POINT('',#3400);
#3403=VERTEX_POINT('',#3401);
#3404=CARTESIAN_POINT('',(-7.086614173228E-2,-3.346456692913E-2,
6.889763779528E-2));
#3405=VERTEX_POINT('',#3404);
#3406=CARTESIAN_POINT('',(-7.086614173228E-2,-8.385826771654E-2,
6.889763779528E-2));
#3407=VERTEX_POINT('',#3406);
#3408=CARTESIAN_POINT('',(7.086614173228E-2,-8.385826771654E-2,
6.889763779528E-2));
#3409=CARTESIAN_POINT('',(7.086614173228E-2,-3.346456692913E-2,
6.889763779528E-2));
#3410=VERTEX_POINT('',#3408);
#3411=VERTEX_POINT('',#3409);
#3412=CARTESIAN_POINT('',(8.661417322835E-2,-3.346456692913E-2,
6.889763779528E-2));
#3413=VERTEX_POINT('',#3412);
#3414=CARTESIAN_POINT('',(8.661417322835E-2,-8.385826771654E-2,
6.889763779528E-2));
#3415=VERTEX_POINT('',#3414);
#3416=CARTESIAN_POINT('',(-1.377952755906E-2,-8.385826771654E-2,
6.889763779528E-2));
#3417=CARTESIAN_POINT('',(-1.377952755906E-2,-3.346456692913E-2,
6.889763779528E-2));
#3418=VERTEX_POINT('',#3416);
#3419=VERTEX_POINT('',#3417);
#3420=CARTESIAN_POINT('',(1.377952755906E-2,-3.346456692913E-2,
6.889763779528E-2));
#3421=VERTEX_POINT('',#3420);
#3422=CARTESIAN_POINT('',(1.377952755906E-2,-8.385826771654E-2,
6.889763779528E-2));
#3423=VERTEX_POINT('',#3422);
#3424=CARTESIAN_POINT('',(-7.086614173228E-2,-1.968503937008E-2,
-5.905511811024E-2));
#3425=CARTESIAN_POINT('',(2.283464566929E-1,-1.968503937008E-2,
-5.905511811024E-2));
#3426=VERTEX_POINT('',#3424);
#3427=VERTEX_POINT('',#3425);
#3428=CARTESIAN_POINT('',(-7.086614173228E-2,-1.968503937008E-2,
5.905511811024E-2));
#3429=CARTESIAN_POINT('',(2.283464566929E-1,-1.968503937008E-2,
5.905511811024E-2));
#3430=VERTEX_POINT('',#3428);
#3431=VERTEX_POINT('',#3429);
#3432=CARTESIAN_POINT('',(1.181102362205E-1,1.732283464567E-1,
-3.937007874016E-2));
#3433=CARTESIAN_POINT('',(9.842519685039E-2,1.732283464567E-1,
-3.937007874016E-2));
#3434=VERTEX_POINT('',#3432);
#3435=VERTEX_POINT('',#3433);
#3436=CARTESIAN_POINT('',(7.874015748031E-2,1.535433070866E-1,
-3.937007874016E-2));
#3437=VERTEX_POINT('',#3436);
#3438=CARTESIAN_POINT('',(5.905511811024E-2,1.732283464567E-1,
-3.937007874016E-2));
#3439=VERTEX_POINT('',#3438);
#3440=CARTESIAN_POINT('',(3.937007874016E-2,1.732283464567E-1,
-3.937007874016E-2));
#3441=VERTEX_POINT('',#3440);
#3442=CARTESIAN_POINT('',(1.181102362205E-1,1.732283464567E-1,
3.937007874016E-2));
#3443=CARTESIAN_POINT('',(9.842519685039E-2,1.732283464567E-1,
3.937007874016E-2));
#3444=VERTEX_POINT('',#3442);
#3445=VERTEX_POINT('',#3443);
#3446=CARTESIAN_POINT('',(7.874015748031E-2,1.535433070866E-1,
3.937007874016E-2));
#3447=VERTEX_POINT('',#3446);
#3448=CARTESIAN_POINT('',(5.905511811024E-2,1.732283464567E-1,
3.937007874016E-2));
#3449=VERTEX_POINT('',#3448);
#3450=CARTESIAN_POINT('',(3.937007874016E-2,1.732283464567E-1,
3.937007874016E-2));
#3451=VERTEX_POINT('',#3450);
#3452=CARTESIAN_POINT('',(3.937007874016E-2,0.E0,-3.937007874016E-2));
#3453=CARTESIAN_POINT('',(1.181102362205E-1,0.E0,-3.937007874016E-2));
#3454=VERTEX_POINT('',#3452);
#3455=VERTEX_POINT('',#3453);
#3456=CARTESIAN_POINT('',(3.937007874016E-2,0.E0,3.937007874016E-2));
#3457=CARTESIAN_POINT('',(1.181102362205E-1,0.E0,3.937007874016E-2));
#3458=VERTEX_POINT('',#3456);
#3459=VERTEX_POINT('',#3457);
#3460=CARTESIAN_POINT('',(-7.086614173228E-2,0.E0,-5.905511811024E-2));
#3461=CARTESIAN_POINT('',(2.283464566929E-1,0.E0,-5.905511811024E-2));
#3462=VERTEX_POINT('',#3460);
#3463=VERTEX_POINT('',#3461);
#3464=CARTESIAN_POINT('',(-7.086614173228E-2,0.E0,5.905511811024E-2));
#3465=CARTESIAN_POINT('',(2.283464566929E-1,0.E0,5.905511811024E-2));
#3466=VERTEX_POINT('',#3464);
#3467=VERTEX_POINT('',#3465);
#3468=CARTESIAN_POINT('',(-7.086614173228E-2,0.E0,-4.330708661417E-2));
#3469=VERTEX_POINT('',#3468);
#3470=CARTESIAN_POINT('',(-7.086614173228E-2,0.E0,4.330708661417E-2));
#3471=VERTEX_POINT('',#3470);
#3472=CARTESIAN_POINT('',(1.200787401575E-1,0.E0,4.330708661417E-2));
#3473=CARTESIAN_POINT('',(1.200787401575E-1,0.E0,-4.330708661417E-2));
#3474=VERTEX_POINT('',#3472);
#3475=VERTEX_POINT('',#3473);
#3476=CARTESIAN_POINT('',(-2.299212598425E-1,-1.417322834646E-1,
-8.464566929134E-2));
#3477=CARTESIAN_POINT('',(-2.299212598425E-1,-1.417322834646E-1,
8.464566929134E-2));
#3478=VERTEX_POINT('',#3476);
#3479=VERTEX_POINT('',#3477);
#3480=CARTESIAN_POINT('',(2.299212598425E-1,-1.417322834646E-1,
-8.464566929134E-2));
#3481=CARTESIAN_POINT('',(2.299212598425E-1,-1.417322834646E-1,
8.464566929134E-2));
#3482=VERTEX_POINT('',#3480);
#3483=VERTEX_POINT('',#3481);
#3484=CARTESIAN_POINT('',(-1.515748031496E-1,-1.417322834646E-1,
8.464566929134E-2));
#3485=CARTESIAN_POINT('',(-1.515748031496E-1,-1.417322834646E-1,
6.496062992126E-2));
#3486=VERTEX_POINT('',#3484);
#3487=VERTEX_POINT('',#3485);
#3488=CARTESIAN_POINT('',(-1.889763779528E-1,-1.417322834646E-1,
6.496062992126E-2));
#3489=VERTEX_POINT('',#3488);
#3490=CARTESIAN_POINT('',(-1.889763779528E-1,-1.417322834646E-1,
8.464566929134E-2));
#3491=VERTEX_POINT('',#3490);
#3492=CARTESIAN_POINT('',(1.889763779528E-1,-1.417322834646E-1,
8.464566929134E-2));
#3493=CARTESIAN_POINT('',(1.889763779528E-1,-1.417322834646E-1,
6.496062992126E-2));
#3494=VERTEX_POINT('',#3492);
#3495=VERTEX_POINT('',#3493);
#3496=CARTESIAN_POINT('',(1.515748031496E-1,-1.417322834646E-1,
6.496062992126E-2));
#3497=VERTEX_POINT('',#3496);
#3498=CARTESIAN_POINT('',(1.515748031496E-1,-1.417322834646E-1,
8.464566929134E-2));
#3499=VERTEX_POINT('',#3498);
#3500=CARTESIAN_POINT('',(-1.889763779528E-1,-1.417322834646E-1,
-8.464566929134E-2));
#3501=CARTESIAN_POINT('',(-1.889763779528E-1,-1.417322834646E-1,
-6.496062992126E-2));
#3502=VERTEX_POINT('',#3500);
#3503=VERTEX_POINT('',#3501);
#3504=CARTESIAN_POINT('',(-1.515748031496E-1,-1.417322834646E-1,
-6.496062992126E-2));
#3505=VERTEX_POINT('',#3504);
#3506=CARTESIAN_POINT('',(-1.515748031496E-1,-1.417322834646E-1,
-8.464566929134E-2));
#3507=VERTEX_POINT('',#3506);
#3508=CARTESIAN_POINT('',(1.515748031496E-1,-1.417322834646E-1,
-8.464566929134E-2));
#3509=CARTESIAN_POINT('',(1.515748031496E-1,-1.417322834646E-1,
-6.496062992126E-2));
#3510=VERTEX_POINT('',#3508);
#3511=VERTEX_POINT('',#3509);
#3512=CARTESIAN_POINT('',(1.889763779528E-1,-1.417322834646E-1,
-6.496062992126E-2));
#3513=VERTEX_POINT('',#3512);
#3514=CARTESIAN_POINT('',(1.889763779528E-1,-1.417322834646E-1,
-8.464566929134E-2));
#3515=VERTEX_POINT('',#3514);
#3516=CARTESIAN_POINT('',(-1.515748031496E-1,-1.094488188976E-1,
6.496062992126E-2));
#3517=CARTESIAN_POINT('',(-1.889763779528E-1,-1.094488188976E-1,
6.496062992126E-2));
#3518=VERTEX_POINT('',#3516);
#3519=VERTEX_POINT('',#3517);
#3520=CARTESIAN_POINT('',(1.889763779528E-1,-1.094488188976E-1,
6.496062992126E-2));
#3521=CARTESIAN_POINT('',(1.515748031496E-1,-1.094488188976E-1,
6.496062992126E-2));
#3522=VERTEX_POINT('',#3520);
#3523=VERTEX_POINT('',#3521);
#3524=CARTESIAN_POINT('',(-1.889763779528E-1,-1.094488188976E-1,
-6.496062992126E-2));
#3525=CARTESIAN_POINT('',(-1.515748031496E-1,-1.094488188976E-1,
-6.496062992126E-2));
#3526=VERTEX_POINT('',#3524);
#3527=VERTEX_POINT('',#3525);
#3528=CARTESIAN_POINT('',(1.515748031496E-1,-1.094488188976E-1,
-6.496062992126E-2));
#3529=CARTESIAN_POINT('',(1.889763779528E-1,-1.094488188976E-1,
-6.496062992126E-2));
#3530=VERTEX_POINT('',#3528);
#3531=VERTEX_POINT('',#3529);
#3532=CARTESIAN_POINT('',(-9.842519685039E-3,-1.417322834646E-1,
5.905511811024E-3));
#3533=CARTESIAN_POINT('',(-9.842519685039E-3,-1.417322834646E-1,
-5.905511811024E-3));
#3534=VERTEX_POINT('',#3532);
#3535=VERTEX_POINT('',#3533);
#3536=CARTESIAN_POINT('',(9.842519685039E-3,-1.417322834646E-1,
-5.905511811024E-3));
#3537=VERTEX_POINT('',#3536);
#3538=CARTESIAN_POINT('',(9.842519685039E-3,-1.417322834646E-1,
5.905511811024E-3));
#3539=VERTEX_POINT('',#3538);
#3540=CARTESIAN_POINT('',(-9.842519685039E-3,-3.090551181102E-1,
5.905511811024E-3));
#3541=CARTESIAN_POINT('',(9.842519685039E-3,-3.090551181102E-1,
5.905511811024E-3));
#3542=VERTEX_POINT('',#3540);
#3543=VERTEX_POINT('',#3541);
#3544=CARTESIAN_POINT('',(9.842519685039E-3,-3.090551181102E-1,
-5.905511811024E-3));
#3545=VERTEX_POINT('',#3544);
#3546=CARTESIAN_POINT('',(-9.842519685039E-3,-3.090551181102E-1,
-5.905511811024E-3));
#3547=VERTEX_POINT('',#3546);
#3548=CARTESIAN_POINT('',(6.889763779528E-2,-1.417322834646E-1,
5.905511811024E-3));
#3549=CARTESIAN_POINT('',(6.889763779528E-2,-1.417322834646E-1,
-5.905511811024E-3));
#3550=VERTEX_POINT('',#3548);
#3551=VERTEX_POINT('',#3549);
#3552=CARTESIAN_POINT('',(8.858267716535E-2,-1.417322834646E-1,
-5.905511811024E-3));
#3553=VERTEX_POINT('',#3552);
#3554=CARTESIAN_POINT('',(8.858267716535E-2,-1.417322834646E-1,
5.905511811024E-3));
#3555=VERTEX_POINT('',#3554);
#3556=CARTESIAN_POINT('',(6.889763779528E-2,-3.090551181102E-1,
5.905511811024E-3));
#3557=CARTESIAN_POINT('',(8.858267716535E-2,-3.090551181102E-1,
5.905511811024E-3));
#3558=VERTEX_POINT('',#3556);
#3559=VERTEX_POINT('',#3557);
#3560=CARTESIAN_POINT('',(8.858267716535E-2,-3.090551181102E-1,
-5.905511811024E-3));
#3561=VERTEX_POINT('',#3560);
#3562=CARTESIAN_POINT('',(6.889763779528E-2,-3.090551181102E-1,
-5.905511811024E-3));
#3563=VERTEX_POINT('',#3562);
#3564=CARTESIAN_POINT('',(1.476377952756E-1,-1.417322834646E-1,
5.905511811024E-3));
#3565=CARTESIAN_POINT('',(1.476377952756E-1,-1.417322834646E-1,
-5.905511811024E-3));
#3566=VERTEX_POINT('',#3564);
#3567=VERTEX_POINT('',#3565);
#3568=CARTESIAN_POINT('',(1.673228346457E-1,-1.417322834646E-1,
-5.905511811024E-3));
#3569=VERTEX_POINT('',#3568);
#3570=CARTESIAN_POINT('',(1.673228346457E-1,-1.417322834646E-1,
5.905511811024E-3));
#3571=VERTEX_POINT('',#3570);
#3572=CARTESIAN_POINT('',(1.476377952756E-1,-3.090551181102E-1,
5.905511811024E-3));
#3573=CARTESIAN_POINT('',(1.673228346457E-1,-3.090551181102E-1,
5.905511811024E-3));
#3574=VERTEX_POINT('',#3572);
#3575=VERTEX_POINT('',#3573);
#3576=CARTESIAN_POINT('',(1.673228346457E-1,-3.090551181102E-1,
-5.905511811024E-3));
#3577=VERTEX_POINT('',#3576);
#3578=CARTESIAN_POINT('',(1.476377952756E-1,-3.090551181102E-1,
-5.905511811024E-3));
#3579=VERTEX_POINT('',#3578);
#3580=CARTESIAN_POINT('',(-1.673228346457E-1,-1.417322834646E-1,
5.905511811024E-3));
#3581=CARTESIAN_POINT('',(-1.673228346457E-1,-1.417322834646E-1,
-5.905511811024E-3));
#3582=VERTEX_POINT('',#3580);
#3583=VERTEX_POINT('',#3581);
#3584=CARTESIAN_POINT('',(-1.476377952756E-1,-1.417322834646E-1,
-5.905511811024E-3));
#3585=VERTEX_POINT('',#3584);
#3586=CARTESIAN_POINT('',(-1.476377952756E-1,-1.417322834646E-1,
5.905511811024E-3));
#3587=VERTEX_POINT('',#3586);
#3588=CARTESIAN_POINT('',(-1.673228346457E-1,-3.090551181102E-1,
5.905511811024E-3));
#3589=CARTESIAN_POINT('',(-1.476377952756E-1,-3.090551181102E-1,
5.905511811024E-3));
#3590=VERTEX_POINT('',#3588);
#3591=VERTEX_POINT('',#3589);
#3592=CARTESIAN_POINT('',(-1.476377952756E-1,-3.090551181102E-1,
-5.905511811024E-3));
#3593=VERTEX_POINT('',#3592);
#3594=CARTESIAN_POINT('',(-1.673228346457E-1,-3.090551181102E-1,
-5.905511811024E-3));
#3595=VERTEX_POINT('',#3594);
#3596=CARTESIAN_POINT('',(2.299212598425E-1,-1.094488188976E-1,
6.889763779528E-2));
#3597=CARTESIAN_POINT('',(1.889763779528E-1,-1.094488188976E-1,
6.889763779528E-2));
#3598=VERTEX_POINT('',#3596);
#3599=VERTEX_POINT('',#3597);
#3600=CARTESIAN_POINT('',(1.515748031496E-1,-1.094488188976E-1,
6.889763779528E-2));
#3601=CARTESIAN_POINT('',(-1.515748031496E-1,-1.094488188976E-1,
6.889763779528E-2));
#3602=VERTEX_POINT('',#3600);
#3603=VERTEX_POINT('',#3601);
#3604=CARTESIAN_POINT('',(-1.889763779528E-1,-1.094488188976E-1,
6.889763779528E-2));
#3605=CARTESIAN_POINT('',(-2.299212598425E-1,-1.094488188976E-1,
6.889763779528E-2));
#3606=VERTEX_POINT('',#3604);
#3607=VERTEX_POINT('',#3605);
#3608=CARTESIAN_POINT('',(2.299212598425E-1,-1.094488188976E-1,
8.464566929134E-2));
#3609=VERTEX_POINT('',#3608);
#3610=CARTESIAN_POINT('',(1.889763779528E-1,-1.094488188976E-1,
8.464566929134E-2));
#3611=VERTEX_POINT('',#3610);
#3612=CARTESIAN_POINT('',(-2.299212598425E-1,-1.094488188976E-1,
8.464566929134E-2));
#3613=VERTEX_POINT('',#3612);
#3614=CARTESIAN_POINT('',(-1.889763779528E-1,-1.094488188976E-1,
8.464566929134E-2));
#3615=VERTEX_POINT('',#3614);
#3616=CARTESIAN_POINT('',(-1.515748031496E-1,-1.094488188976E-1,
8.464566929134E-2));
#3617=VERTEX_POINT('',#3616);
#3618=CARTESIAN_POINT('',(1.515748031496E-1,-1.094488188976E-1,
8.464566929134E-2));
#3619=VERTEX_POINT('',#3618);
#3620=CARTESIAN_POINT('',(2.299212598425E-1,-1.094488188976E-1,
-6.889763779528E-2));
#3621=CARTESIAN_POINT('',(1.889763779528E-1,-1.094488188976E-1,
-6.889763779528E-2));
#3622=VERTEX_POINT('',#3620);
#3623=VERTEX_POINT('',#3621);
#3624=CARTESIAN_POINT('',(1.515748031496E-1,-1.094488188976E-1,
-6.889763779528E-2));
#3625=CARTESIAN_POINT('',(-1.515748031496E-1,-1.094488188976E-1,
-6.889763779528E-2));
#3626=VERTEX_POINT('',#3624);
#3627=VERTEX_POINT('',#3625);
#3628=CARTESIAN_POINT('',(-1.889763779528E-1,-1.094488188976E-1,
-6.889763779528E-2));
#3629=CARTESIAN_POINT('',(-2.299212598425E-1,-1.094488188976E-1,
-6.889763779528E-2));
#3630=VERTEX_POINT('',#3628);
#3631=VERTEX_POINT('',#3629);
#3632=CARTESIAN_POINT('',(-2.299212598425E-1,-1.094488188976E-1,
-8.464566929134E-2));
#3633=VERTEX_POINT('',#3632);
#3634=CARTESIAN_POINT('',(-1.889763779528E-1,-1.094488188976E-1,
-8.464566929134E-2));
#3635=VERTEX_POINT('',#3634);
#3636=CARTESIAN_POINT('',(-1.515748031496E-1,-1.094488188976E-1,
-8.464566929134E-2));
#3637=VERTEX_POINT('',#3636);
#3638=CARTESIAN_POINT('',(1.515748031496E-1,-1.094488188976E-1,
-8.464566929134E-2));
#3639=VERTEX_POINT('',#3638);
#3640=CARTESIAN_POINT('',(2.299212598425E-1,-1.094488188976E-1,
-8.464566929134E-2));
#3641=VERTEX_POINT('',#3640);
#3642=CARTESIAN_POINT('',(1.889763779528E-1,-1.094488188976E-1,
-8.464566929134E-2));
#3643=VERTEX_POINT('',#3642);
#3644=CARTESIAN_POINT('',(2.480314960630E-1,-1.692913385827E-1,
-8.464566929134E-2));
#3645=DIRECTION('',(1.E0,0.E0,0.E0));
#3646=DIRECTION('',(0.E0,1.E0,0.E0));
#3647=AXIS2_PLACEMENT_3D('',#3644,#3645,#3646);
#3648=PLANE('',#3647);
#3650=ORIENTED_EDGE('',*,*,#3649,.T.);
#3652=ORIENTED_EDGE('',*,*,#3651,.T.);
#3654=ORIENTED_EDGE('',*,*,#3653,.F.);
#3656=ORIENTED_EDGE('',*,*,#3655,.F.);
#3658=ORIENTED_EDGE('',*,*,#3657,.F.);
#3660=ORIENTED_EDGE('',*,*,#3659,.F.);
#3662=ORIENTED_EDGE('',*,*,#3661,.F.);
#3664=ORIENTED_EDGE('',*,*,#3663,.F.);
#3666=ORIENTED_EDGE('',*,*,#3665,.F.);
#3668=ORIENTED_EDGE('',*,*,#3667,.T.);
#3670=ORIENTED_EDGE('',*,*,#3669,.T.);
#3672=ORIENTED_EDGE('',*,*,#3671,.T.);
#3674=ORIENTED_EDGE('',*,*,#3673,.T.);
#3676=ORIENTED_EDGE('',*,*,#3675,.T.);
#3678=ORIENTED_EDGE('',*,*,#3677,.F.);
#3680=ORIENTED_EDGE('',*,*,#3679,.F.);
#3682=ORIENTED_EDGE('',*,*,#3681,.T.);
#3684=ORIENTED_EDGE('',*,*,#3683,.F.);
#3686=ORIENTED_EDGE('',*,*,#3685,.F.);
#3688=ORIENTED_EDGE('',*,*,#3687,.T.);
#3689=EDGE_LOOP('',(#3650,#3652,#3654,#3656,#3658,#3660,#3662,#3664,#3666,#3668,
#3670,#3672,#3674,#3676,#3678,#3680,#3682,#3684,#3686,#3688));
#3690=FACE_OUTER_BOUND('',#3689,.F.);
#3691=ADVANCED_FACE('',(#3690),#3648,.T.);
#3692=CARTESIAN_POINT('',(2.401574803150E-1,-1.692913385827E-1,
-3.307129503366E-2));
#3693=DIRECTION('',(1.E0,0.E0,0.E0));
#3694=DIRECTION('',(0.E0,0.E0,-1.E0));
#3695=AXIS2_PLACEMENT_3D('',#3692,#3693,#3694);
#3696=CYLINDRICAL_SURFACE('',#3695,1.5E-2);
#3697=ORIENTED_EDGE('',*,*,#3649,.F.);
#3699=ORIENTED_EDGE('',*,*,#3698,.T.);
#3701=ORIENTED_EDGE('',*,*,#3700,.T.);
#3703=ORIENTED_EDGE('',*,*,#3702,.F.);
#3704=EDGE_LOOP('',(#3697,#3699,#3701,#3703));
#3705=FACE_OUTER_BOUND('',#3704,.F.);
#3706=ADVANCED_FACE('',(#3705),#3696,.F.);
#3707=CARTESIAN_POINT('',(2.401574803150E-1,-1.692913385827E-1,
-5.132283464567E-2));
#3708=DIRECTION('',(0.E0,1.E0,0.E0));
#3709=DIRECTION('',(0.E0,0.E0,1.E0));
#3710=AXIS2_PLACEMENT_3D('',#3707,#3708,#3709);
#3711=PLANE('',#3710);
#3712=ORIENTED_EDGE('',*,*,#3698,.F.);
#3713=ORIENTED_EDGE('',*,*,#3687,.F.);
#3715=ORIENTED_EDGE('',*,*,#3714,.T.);
#3717=ORIENTED_EDGE('',*,*,#3716,.T.);
#3718=EDGE_LOOP('',(#3712,#3713,#3715,#3717));
#3719=FACE_OUTER_BOUND('',#3718,.F.);
#3720=ADVANCED_FACE('',(#3719),#3711,.F.);
#3721=CARTESIAN_POINT('',(2.401574803150E-1,-8.577165354331E-2,
-8.464566929134E-2));
#3722=DIRECTION('',(0.E0,0.E0,-1.E0));
#3723=DIRECTION('',(0.E0,1.E0,0.E0));
#3724=AXIS2_PLACEMENT_3D('',#3721,#3722,#3723);
#3725=PLANE('',#3724);
#3727=ORIENTED_EDGE('',*,*,#3726,.T.);
#3729=ORIENTED_EDGE('',*,*,#3728,.F.);
#3730=ORIENTED_EDGE('',*,*,#3714,.F.);
#3731=ORIENTED_EDGE('',*,*,#3685,.T.);
#3732=EDGE_LOOP('',(#3727,#3729,#3730,#3731));
#3733=FACE_OUTER_BOUND('',#3732,.F.);
#3734=ADVANCED_FACE('',(#3733),#3725,.T.);
#3735=CARTESIAN_POINT('',(2.401574803150E-1,-1.574803149606E-2,
-7.039370078740E-2));
#3736=DIRECTION('',(0.E0,1.E0,0.E0));
#3737=DIRECTION('',(0.E0,0.E0,1.E0));
#3738=AXIS2_PLACEMENT_3D('',#3735,#3736,#3737);
#3739=PLANE('',#3738);
#3740=ORIENTED_EDGE('',*,*,#3683,.T.);
#3742=ORIENTED_EDGE('',*,*,#3741,.T.);
#3744=ORIENTED_EDGE('',*,*,#3743,.F.);
#3745=ORIENTED_EDGE('',*,*,#3726,.F.);
#3746=EDGE_LOOP('',(#3740,#3742,#3744,#3745));
#3747=FACE_OUTER_BOUND('',#3746,.F.);
#3748=ADVANCED_FACE('',(#3747),#3739,.T.);
#3749=CARTESIAN_POINT('',(2.401574803150E-1,-9.E-3,-5.614173228346E-2));
#3750=DIRECTION('',(0.E0,0.E0,1.E0));
#3751=DIRECTION('',(0.E0,-1.E0,0.E0));
#3752=AXIS2_PLACEMENT_3D('',#3749,#3750,#3751);
#3753=PLANE('',#3752);
#3754=ORIENTED_EDGE('',*,*,#3681,.F.);
#3756=ORIENTED_EDGE('',*,*,#3755,.T.);
#3758=ORIENTED_EDGE('',*,*,#3757,.T.);
#3759=ORIENTED_EDGE('',*,*,#3741,.F.);
#3760=EDGE_LOOP('',(#3754,#3756,#3758,#3759));
#3761=FACE_OUTER_BOUND('',#3760,.F.);
#3762=ADVANCED_FACE('',(#3761),#3753,.F.);
#3763=CARTESIAN_POINT('',(2.371916481937E-1,4.908183626818E-3,
-5.614173228346E-2));
#3764=DIRECTION('',(0.E0,0.E0,-1.E0));
#3765=DIRECTION('',(0.E0,1.E0,0.E0));
#3766=AXIS2_PLACEMENT_3D('',#3763,#3764,#3765);
#3767=PLANE('',#3766);
#3769=ORIENTED_EDGE('',*,*,#3768,.T.);
#3771=ORIENTED_EDGE('',*,*,#3770,.T.);
#3773=ORIENTED_EDGE('',*,*,#3772,.F.);
#3774=ORIENTED_EDGE('',*,*,#3755,.F.);
#3775=EDGE_LOOP('',(#3769,#3771,#3773,#3774));
#3776=FACE_OUTER_BOUND('',#3775,.F.);
#3777=ADVANCED_FACE('',(#3776),#3767,.T.);
#3778=CARTESIAN_POINT('',(2.300314960630E-1,-2.251968503937E-3,
-8.464566929134E-2));
#3779=DIRECTION('',(0.E0,0.E0,1.E0));
#3780=DIRECTION('',(1.E0,0.E0,0.E0));
#3781=AXIS2_PLACEMENT_3D('',#3778,#3779,#3780);
#3782=CYLINDRICAL_SURFACE('',#3781,1.8E-2);
#3784=ORIENTED_EDGE('',*,*,#3783,.T.);
#3786=ORIENTED_EDGE('',*,*,#3785,.F.);
#3787=ORIENTED_EDGE('',*,*,#3768,.F.);
#3788=ORIENTED_EDGE('',*,*,#3679,.T.);
#3789=EDGE_LOOP('',(#3784,#3786,#3787,#3788));
#3790=FACE_OUTER_BOUND('',#3789,.F.);
#3791=ADVANCED_FACE('',(#3790),#3782,.T.);
#3792=CARTESIAN_POINT('',(2.371916481937E-1,4.908183626818E-3,
5.614173228346E-2));
#3793=DIRECTION('',(0.E0,0.E0,-1.E0));
#3794=DIRECTION('',(0.E0,1.E0,0.E0));
#3795=AXIS2_PLACEMENT_3D('',#3792,#3793,#3794);
#3796=PLANE('',#3795);
#3797=ORIENTED_EDGE('',*,*,#3783,.F.);
#3799=ORIENTED_EDGE('',*,*,#3798,.T.);
#3801=ORIENTED_EDGE('',*,*,#3800,.T.);
#3803=ORIENTED_EDGE('',*,*,#3802,.F.);
#3804=EDGE_LOOP('',(#3797,#3799,#3801,#3803));
#3805=FACE_OUTER_BOUND('',#3804,.F.);
#3806=ADVANCED_FACE('',(#3805),#3796,.F.);
#3807=CARTESIAN_POINT('',(2.401574803150E-1,-9.E-3,5.614173228346E-2));
#3808=DIRECTION('',(0.E0,0.E0,1.E0));
#3809=DIRECTION('',(0.E0,-1.E0,0.E0));
#3810=AXIS2_PLACEMENT_3D('',#3807,#3808,#3809);
#3811=PLANE('',#3810);
#3812=ORIENTED_EDGE('',*,*,#3677,.T.);
#3814=ORIENTED_EDGE('',*,*,#3813,.T.);
#3816=ORIENTED_EDGE('',*,*,#3815,.F.);
#3817=ORIENTED_EDGE('',*,*,#3798,.F.);
#3818=EDGE_LOOP('',(#3812,#3814,#3816,#3817));
#3819=FACE_OUTER_BOUND('',#3818,.F.);
#3820=ADVANCED_FACE('',(#3819),#3811,.T.);
#3821=CARTESIAN_POINT('',(2.401574803150E-1,-1.574803149606E-2,
7.039370078740E-2));
#3822=DIRECTION('',(0.E0,-1.E0,0.E0));
#3823=DIRECTION('',(0.E0,0.E0,-1.E0));
#3824=AXIS2_PLACEMENT_3D('',#3821,#3822,#3823);
#3825=PLANE('',#3824);
#3826=ORIENTED_EDGE('',*,*,#3675,.F.);
#3828=ORIENTED_EDGE('',*,*,#3827,.T.);
#3830=ORIENTED_EDGE('',*,*,#3829,.T.);
#3831=ORIENTED_EDGE('',*,*,#3813,.F.);
#3832=EDGE_LOOP('',(#3826,#3828,#3830,#3831));
#3833=FACE_OUTER_BOUND('',#3832,.F.);
#3834=ADVANCED_FACE('',(#3833),#3825,.F.);
#3835=CARTESIAN_POINT('',(2.401574803150E-1,-8.577165354331E-2,
8.464566929134E-2));
#3836=DIRECTION('',(0.E0,0.E0,-1.E0));
#3837=DIRECTION('',(0.E0,1.E0,0.E0));
#3838=AXIS2_PLACEMENT_3D('',#3835,#3836,#3837);
#3839=PLANE('',#3838);
#3840=ORIENTED_EDGE('',*,*,#3827,.F.);
#3841=ORIENTED_EDGE('',*,*,#3673,.F.);
#3843=ORIENTED_EDGE('',*,*,#3842,.T.);
#3845=ORIENTED_EDGE('',*,*,#3844,.T.);
#3846=EDGE_LOOP('',(#3840,#3841,#3843,#3845));
#3847=FACE_OUTER_BOUND('',#3846,.F.);
#3848=ADVANCED_FACE('',(#3847),#3839,.F.);
#3849=CARTESIAN_POINT('',(2.401574803150E-1,-1.692913385827E-1,
5.132283464567E-2));
#3850=DIRECTION('',(0.E0,1.E0,0.E0));
#3851=DIRECTION('',(0.E0,0.E0,1.E0));
#3852=AXIS2_PLACEMENT_3D('',#3849,#3850,#3851);
#3853=PLANE('',#3852);
#3855=ORIENTED_EDGE('',*,*,#3854,.T.);
#3857=ORIENTED_EDGE('',*,*,#3856,.T.);
#3858=ORIENTED_EDGE('',*,*,#3842,.F.);
#3859=ORIENTED_EDGE('',*,*,#3671,.F.);
#3860=EDGE_LOOP('',(#3855,#3857,#3858,#3859));
#3861=FACE_OUTER_BOUND('',#3860,.F.);
#3862=ADVANCED_FACE('',(#3861),#3853,.F.);
#3863=CARTESIAN_POINT('',(2.401574803150E-1,-1.692913385827E-1,
3.307129503366E-2));
#3864=DIRECTION('',(1.E0,0.E0,0.E0));
#3865=DIRECTION('',(0.E0,0.E0,-1.E0));
#3866=AXIS2_PLACEMENT_3D('',#3863,#3864,#3865);
#3867=CYLINDRICAL_SURFACE('',#3866,1.5E-2);
#3868=ORIENTED_EDGE('',*,*,#3669,.F.);
#3870=ORIENTED_EDGE('',*,*,#3869,.T.);
#3872=ORIENTED_EDGE('',*,*,#3871,.T.);
#3873=ORIENTED_EDGE('',*,*,#3854,.F.);
#3874=EDGE_LOOP('',(#3868,#3870,#3872,#3873));
#3875=FACE_OUTER_BOUND('',#3874,.F.);
#3876=ADVANCED_FACE('',(#3875),#3867,.F.);
#3877=CARTESIAN_POINT('',(2.401574803150E-1,-1.692913385827E-1,
5.132283464567E-2));
#3878=DIRECTION('',(0.E0,1.E0,0.E0));
#3879=DIRECTION('',(0.E0,0.E0,1.E0));
#3880=AXIS2_PLACEMENT_3D('',#3877,#3878,#3879);
#3881=PLANE('',#3880);
#3882=ORIENTED_EDGE('',*,*,#3869,.F.);
#3883=ORIENTED_EDGE('',*,*,#3667,.F.);
#3885=ORIENTED_EDGE('',*,*,#3884,.T.);
#3887=ORIENTED_EDGE('',*,*,#3886,.T.);
#3888=EDGE_LOOP('',(#3882,#3883,#3885,#3887));
#3889=FACE_OUTER_BOUND('',#3888,.F.);
#3890=ADVANCED_FACE('',(#3889),#3881,.F.);
#3891=CARTESIAN_POINT('',(2.401574803150E-1,-1.973616062698E-1,
2.074006585083E-2));
#3892=DIRECTION('',(0.E0,9.715275786381E-2,9.952694819191E-1));
#3893=DIRECTION('',(0.E0,-9.952694819191E-1,9.715275786381E-2));
#3894=AXIS2_PLACEMENT_3D('',#3891,#3892,#3893);
#3895=PLANE('',#3894);
#3896=ORIENTED_EDGE('',*,*,#3665,.T.);
#3898=ORIENTED_EDGE('',*,*,#3897,.T.);
#3900=ORIENTED_EDGE('',*,*,#3899,.F.);
#3901=ORIENTED_EDGE('',*,*,#3884,.F.);
#3902=EDGE_LOOP('',(#3896,#3898,#3900,#3901));
#3903=FACE_OUTER_BOUND('',#3902,.F.);
#3904=ADVANCED_FACE('',(#3903),#3895,.T.);
#3905=CARTESIAN_POINT('',(2.401574803150E-1,-2.283464566929E-1,
-6.377952755906E-3));
#3906=DIRECTION('',(1.E0,0.E0,0.E0));
#3907=DIRECTION('',(0.E0,9.715275786381E-2,9.952694819191E-1));
#3908=AXIS2_PLACEMENT_3D('',#3905,#3906,#3907);
#3909=CYLINDRICAL_SURFACE('',#3908,3.E-2);
#3910=ORIENTED_EDGE('',*,*,#3663,.T.);
#3912=ORIENTED_EDGE('',*,*,#3911,.T.);
#3914=ORIENTED_EDGE('',*,*,#3913,.F.);
#3915=ORIENTED_EDGE('',*,*,#3897,.F.);
#3916=EDGE_LOOP('',(#3910,#3912,#3914,#3915));
#3917=FACE_OUTER_BOUND('',#3916,.F.);
#3918=ADVANCED_FACE('',(#3917),#3909,.T.);
#3919=CARTESIAN_POINT('',(2.401574803150E-1,-2.543282714080E-1,
1.681481702329E-2));
#3920=DIRECTION('',(0.E0,-3.043458825696E-1,9.525615905352E-1));
#3921=DIRECTION('',(0.E0,-9.525615905352E-1,-3.043458825696E-1));
#3922=AXIS2_PLACEMENT_3D('',#3919,#3920,#3921);
#3923=PLANE('',#3922);
#3924=ORIENTED_EDGE('',*,*,#3661,.T.);
#3926=ORIENTED_EDGE('',*,*,#3925,.T.);
#3928=ORIENTED_EDGE('',*,*,#3927,.F.);
#3929=ORIENTED_EDGE('',*,*,#3911,.F.);
#3930=EDGE_LOOP('',(#3924,#3926,#3928,#3929));
#3931=FACE_OUTER_BOUND('',#3930,.F.);
#3932=ADVANCED_FACE('',(#3931),#3923,.T.);
#3933=CARTESIAN_POINT('',(2.401574803150E-1,-2.675275590551E-1,0.E0));
#3934=DIRECTION('',(1.E0,0.E0,0.E0));
#3935=DIRECTION('',(0.E0,-3.043458825696E-1,9.525615905352E-1));
#3936=AXIS2_PLACEMENT_3D('',#3933,#3934,#3935);
#3937=CYLINDRICAL_SURFACE('',#3936,1.2E-2);
#3938=ORIENTED_EDGE('',*,*,#3659,.T.);
#3940=ORIENTED_EDGE('',*,*,#3939,.T.);
#3942=ORIENTED_EDGE('',*,*,#3941,.F.);
#3943=ORIENTED_EDGE('',*,*,#3925,.F.);
#3944=EDGE_LOOP('',(#3938,#3940,#3942,#3943));
#3945=FACE_OUTER_BOUND('',#3944,.F.);
#3946=ADVANCED_FACE('',(#3945),#3937,.T.);
#3947=CARTESIAN_POINT('',(2.401574803150E-1,-2.543282714080E-1,
-1.681481702329E-2));
#3948=DIRECTION('',(0.E0,-3.043458825696E-1,-9.525615905352E-1));
#3949=DIRECTION('',(0.E0,9.525615905352E-1,-3.043458825696E-1));
#3950=AXIS2_PLACEMENT_3D('',#3947,#3948,#3949);
#3951=PLANE('',#3950);
#3952=ORIENTED_EDGE('',*,*,#3657,.T.);
#3954=ORIENTED_EDGE('',*,*,#3953,.T.);
#3956=ORIENTED_EDGE('',*,*,#3955,.F.);
#3957=ORIENTED_EDGE('',*,*,#3939,.F.);
#3958=EDGE_LOOP('',(#3952,#3954,#3956,#3957));
#3959=FACE_OUTER_BOUND('',#3958,.F.);
#3960=ADVANCED_FACE('',(#3959),#3951,.T.);
#3961=CARTESIAN_POINT('',(2.401574803150E-1,-2.283464566929E-1,
6.377952755906E-3));
#3962=DIRECTION('',(1.E0,0.E0,0.E0));
#3963=DIRECTION('',(0.E0,-3.043458825696E-1,-9.525615905352E-1));
#3964=AXIS2_PLACEMENT_3D('',#3961,#3962,#3963);
#3965=CYLINDRICAL_SURFACE('',#3964,3.E-2);
#3966=ORIENTED_EDGE('',*,*,#3655,.T.);
#3968=ORIENTED_EDGE('',*,*,#3967,.T.);
#3970=ORIENTED_EDGE('',*,*,#3969,.F.);
#3971=ORIENTED_EDGE('',*,*,#3953,.F.);
#3972=EDGE_LOOP('',(#3966,#3968,#3970,#3971));
#3973=FACE_OUTER_BOUND('',#3972,.F.);
#3974=ADVANCED_FACE('',(#3973),#3965,.T.);
#3975=CARTESIAN_POINT('',(2.401574803150E-1,-1.973616062698E-1,
-2.074006585083E-2));
#3976=DIRECTION('',(0.E0,9.715275786381E-2,-9.952694819191E-1));
#3977=DIRECTION('',(0.E0,9.952694819191E-1,9.715275786381E-2));
#3978=AXIS2_PLACEMENT_3D('',#3975,#3976,#3977);
#3979=PLANE('',#3978);
#3980=ORIENTED_EDGE('',*,*,#3653,.T.);
#3982=ORIENTED_EDGE('',*,*,#3981,.T.);
#3984=ORIENTED_EDGE('',*,*,#3983,.F.);
#3985=ORIENTED_EDGE('',*,*,#3967,.F.);
#3986=EDGE_LOOP('',(#3980,#3982,#3984,#3985));
#3987=FACE_OUTER_BOUND('',#3986,.F.);
#3988=ADVANCED_FACE('',(#3987),#3979,.T.);
#3989=CARTESIAN_POINT('',(2.401574803150E-1,-1.692913385827E-1,
-5.132283464567E-2));
#3990=DIRECTION('',(0.E0,1.E0,0.E0));
#3991=DIRECTION('',(0.E0,0.E0,1.E0));
#3992=AXIS2_PLACEMENT_3D('',#3989,#3990,#3991);
#3993=PLANE('',#3992);
#3994=ORIENTED_EDGE('',*,*,#3702,.T.);
#3996=ORIENTED_EDGE('',*,*,#3995,.T.);
#3997=ORIENTED_EDGE('',*,*,#3981,.F.);
#3998=ORIENTED_EDGE('',*,*,#3651,.F.);
#3999=EDGE_LOOP('',(#3994,#3996,#3997,#3998));
#4000=FACE_OUTER_BOUND('',#3999,.F.);
#4001=ADVANCED_FACE('',(#4000),#3993,.F.);
#4002=CARTESIAN_POINT('',(2.322834645669E-1,-1.692913385827E-1,
-8.464566929134E-2));
#4003=DIRECTION('',(1.E0,0.E0,0.E0));
#4004=DIRECTION('',(0.E0,1.E0,0.E0));
#4005=AXIS2_PLACEMENT_3D('',#4002,#4003,#4004);
#4006=PLANE('',#4005);
#4007=ORIENTED_EDGE('',*,*,#3700,.F.);
#4008=ORIENTED_EDGE('',*,*,#3716,.F.);
#4009=ORIENTED_EDGE('',*,*,#3728,.T.);
#4010=ORIENTED_EDGE('',*,*,#3743,.T.);
#4011=ORIENTED_EDGE('',*,*,#3757,.F.);
#4013=ORIENTED_EDGE('',*,*,#4012,.T.);
#4014=ORIENTED_EDGE('',*,*,#3815,.T.);
#4015=ORIENTED_EDGE('',*,*,#3829,.F.);
#4016=ORIENTED_EDGE('',*,*,#3844,.F.);
#4017=ORIENTED_EDGE('',*,*,#3856,.F.);
#4018=ORIENTED_EDGE('',*,*,#3871,.F.);
#4019=ORIENTED_EDGE('',*,*,#3886,.F.);
#4020=ORIENTED_EDGE('',*,*,#3899,.T.);
#4021=ORIENTED_EDGE('',*,*,#3913,.T.);
#4022=ORIENTED_EDGE('',*,*,#3927,.T.);
#4023=ORIENTED_EDGE('',*,*,#3941,.T.);
#4024=ORIENTED_EDGE('',*,*,#3955,.T.);
#4025=ORIENTED_EDGE('',*,*,#3969,.T.);
#4026=ORIENTED_EDGE('',*,*,#3983,.T.);
#4027=ORIENTED_EDGE('',*,*,#3995,.F.);
#4028=EDGE_LOOP('',(#4007,#4008,#4009,#4010,#4011,#4013,#4014,#4015,#4016,#4017,
#4018,#4019,#4020,#4021,#4022,#4023,#4024,#4025,#4026,#4027));
#4029=FACE_OUTER_BOUND('',#4028,.F.);
#4030=ADVANCED_FACE('',(#4029),#4006,.F.);
#4031=CARTESIAN_POINT('',(2.300314960630E-1,-2.251968503937E-3,
-8.464566929134E-2));
#4032=DIRECTION('',(0.E0,0.E0,1.E0));
#4033=DIRECTION('',(1.E0,0.E0,0.E0));
#4034=AXIS2_PLACEMENT_3D('',#4031,#4032,#4033);
#4035=CYLINDRICAL_SURFACE('',#4034,2.251968503937E-3);
#4036=ORIENTED_EDGE('',*,*,#3800,.F.);
#4037=ORIENTED_EDGE('',*,*,#4012,.F.);
#4038=ORIENTED_EDGE('',*,*,#3772,.T.);
#4040=ORIENTED_EDGE('',*,*,#4039,.T.);
#4041=EDGE_LOOP('',(#4036,#4037,#4038,#4040));
#4042=FACE_OUTER_BOUND('',#4041,.F.);
#4043=ADVANCED_FACE('',(#4042),#4035,.F.);
#4044=CARTESIAN_POINT('',(2.300314960630E-1,0.E0,-8.464566929134E-2));
#4045=DIRECTION('',(0.E0,1.E0,0.E0));
#4046=DIRECTION('',(-1.E0,0.E0,0.E0));
#4047=AXIS2_PLACEMENT_3D('',#4044,#4045,#4046);
#4048=PLANE('',#4047);
#4050=ORIENTED_EDGE('',*,*,#4049,.F.);
#4052=ORIENTED_EDGE('',*,*,#4051,.F.);
#4053=ORIENTED_EDGE('',*,*,#4039,.F.);
#4055=ORIENTED_EDGE('',*,*,#4054,.F.);
#4057=ORIENTED_EDGE('',*,*,#4056,.T.);
#4059=ORIENTED_EDGE('',*,*,#4058,.T.);
#4061=ORIENTED_EDGE('',*,*,#4060,.T.);
#4063=ORIENTED_EDGE('',*,*,#4062,.T.);
#4064=EDGE_LOOP('',(#4050,#4052,#4053,#4055,#4057,#4059,#4061,#4063));
#4065=FACE_OUTER_BOUND('',#4064,.F.);
#4067=ORIENTED_EDGE('',*,*,#4066,.T.);
#4069=ORIENTED_EDGE('',*,*,#4068,.T.);
#4071=ORIENTED_EDGE('',*,*,#4070,.F.);
#4073=ORIENTED_EDGE('',*,*,#4072,.F.);
#4075=ORIENTED_EDGE('',*,*,#4074,.F.);
#4077=ORIENTED_EDGE('',*,*,#4076,.F.);
#4079=ORIENTED_EDGE('',*,*,#4078,.F.);
#4081=ORIENTED_EDGE('',*,*,#4080,.F.);
#4082=EDGE_LOOP('',(#4067,#4069,#4071,#4073,#4075,#4077,#4079,#4081));
#4083=FACE_BOUND('',#4082,.F.);
#4084=ADVANCED_FACE('',(#4065,#4083),#4048,.F.);
#4085=CARTESIAN_POINT('',(1.207205291339E-1,1.574803149606E-2,
6.889763779528E-2));
#4086=DIRECTION('',(0.E0,0.E0,1.E0));
#4087=DIRECTION('',(-1.E0,0.E0,0.E0));
#4088=AXIS2_PLACEMENT_3D('',#4085,#4086,#4087);
#4089=PLANE('',#4088);
#4091=ORIENTED_EDGE('',*,*,#4090,.T.);
#4093=ORIENTED_EDGE('',*,*,#4092,.T.);
#4095=ORIENTED_EDGE('',*,*,#4094,.F.);
#4096=ORIENTED_EDGE('',*,*,#4049,.T.);
#4098=ORIENTED_EDGE('',*,*,#4097,.T.);
#4100=ORIENTED_EDGE('',*,*,#4099,.T.);
#4102=ORIENTED_EDGE('',*,*,#4101,.T.);
#4104=ORIENTED_EDGE('',*,*,#4103,.F.);
#4106=ORIENTED_EDGE('',*,*,#4105,.T.);
#4108=ORIENTED_EDGE('',*,*,#4107,.T.);
#4110=ORIENTED_EDGE('',*,*,#4109,.F.);
#4112=ORIENTED_EDGE('',*,*,#4111,.T.);
#4114=ORIENTED_EDGE('',*,*,#4113,.T.);
#4116=ORIENTED_EDGE('',*,*,#4115,.F.);
#4118=ORIENTED_EDGE('',*,*,#4117,.T.);
#4120=ORIENTED_EDGE('',*,*,#4119,.T.);
#4122=ORIENTED_EDGE('',*,*,#4121,.F.);
#4124=ORIENTED_EDGE('',*,*,#4123,.T.);
#4126=ORIENTED_EDGE('',*,*,#4125,.T.);
#4128=ORIENTED_EDGE('',*,*,#4127,.F.);
#4129=EDGE_LOOP('',(#4091,#4093,#4095,#4096,#4098,#4100,#4102,#4104,#4106,#4108,
#4110,#4112,#4114,#4116,#4118,#4120,#4122,#4124,#4126,#4128));
#4130=FACE_OUTER_BOUND('',#4129,.F.);
#4132=ORIENTED_EDGE('',*,*,#4131,.T.);
#4134=ORIENTED_EDGE('',*,*,#4133,.T.);
#4136=ORIENTED_EDGE('',*,*,#4135,.T.);
#4138=ORIENTED_EDGE('',*,*,#4137,.T.);
#4139=EDGE_LOOP('',(#4132,#4134,#4136,#4138));
#4140=FACE_BOUND('',#4139,.F.);
#4142=ORIENTED_EDGE('',*,*,#4141,.T.);
#4144=ORIENTED_EDGE('',*,*,#4143,.T.);
#4146=ORIENTED_EDGE('',*,*,#4145,.T.);
#4148=ORIENTED_EDGE('',*,*,#4147,.T.);
#4149=EDGE_LOOP('',(#4142,#4144,#4146,#4148));
#4150=FACE_BOUND('',#4149,.F.);
#4152=ORIENTED_EDGE('',*,*,#4151,.T.);
#4154=ORIENTED_EDGE('',*,*,#4153,.T.);
#4156=ORIENTED_EDGE('',*,*,#4155,.T.);
#4158=ORIENTED_EDGE('',*,*,#4157,.T.);
#4159=EDGE_LOOP('',(#4152,#4154,#4156,#4158));
#4160=FACE_BOUND('',#4159,.F.);
#4161=ADVANCED_FACE('',(#4130,#4140,#4150,#4160),#4089,.F.);
#4162=CARTESIAN_POINT('',(2.085196850394E-1,-1.094488188976E-1,
7.677165354331E-2));
#4163=DIRECTION('',(0.E0,-1.E0,0.E0));
#4164=DIRECTION('',(1.E0,0.E0,0.E0));
#4165=AXIS2_PLACEMENT_3D('',#4162,#4163,#4164);
#4166=PLANE('',#4165);
#4168=ORIENTED_EDGE('',*,*,#4167,.T.);
#4170=ORIENTED_EDGE('',*,*,#4169,.T.);
#4172=ORIENTED_EDGE('',*,*,#4171,.T.);
#4173=ORIENTED_EDGE('',*,*,#4090,.F.);
#4174=EDGE_LOOP('',(#4168,#4170,#4172,#4173));
#4175=FACE_OUTER_BOUND('',#4174,.F.);
#4176=ADVANCED_FACE('',(#4175),#4166,.T.);
#4177=CARTESIAN_POINT('',(2.299212598425E-1,-1.417322834646E-1,
-8.464566929134E-2));
#4178=DIRECTION('',(1.E0,0.E0,0.E0));
#4179=DIRECTION('',(0.E0,1.E0,0.E0));
#4180=AXIS2_PLACEMENT_3D('',#4177,#4178,#4179);
#4181=PLANE('',#4180);
#4182=ORIENTED_EDGE('',*,*,#4167,.F.);
#4184=ORIENTED_EDGE('',*,*,#4183,.F.);
#4186=ORIENTED_EDGE('',*,*,#4185,.T.);
#4188=ORIENTED_EDGE('',*,*,#4187,.F.);
#4190=ORIENTED_EDGE('',*,*,#4189,.T.);
#4192=ORIENTED_EDGE('',*,*,#4191,.T.);
#4193=EDGE_LOOP('',(#4182,#4184,#4186,#4188,#4190,#4192));
#4194=FACE_OUTER_BOUND('',#4193,.F.);
#4195=ADVANCED_FACE('',(#4194),#4181,.T.);
#4196=CARTESIAN_POINT('',(2.299212598425E-1,-1.094488188976E-1,
-8.464566929134E-2));
#4197=DIRECTION('',(0.E0,1.E0,0.E0));
#4198=DIRECTION('',(-1.E0,0.E0,0.E0));
#4199=AXIS2_PLACEMENT_3D('',#4196,#4197,#4198);
#4200=PLANE('',#4199);
#4201=ORIENTED_EDGE('',*,*,#4127,.T.);
#4203=ORIENTED_EDGE('',*,*,#4202,.T.);
#4205=ORIENTED_EDGE('',*,*,#4204,.T.);
#4207=ORIENTED_EDGE('',*,*,#4206,.F.);
#4208=ORIENTED_EDGE('',*,*,#4115,.T.);
#4210=ORIENTED_EDGE('',*,*,#4209,.T.);
#4212=ORIENTED_EDGE('',*,*,#4211,.T.);
#4214=ORIENTED_EDGE('',*,*,#4213,.F.);
#4215=ORIENTED_EDGE('',*,*,#4103,.T.);
#4217=ORIENTED_EDGE('',*,*,#4216,.F.);
#4219=ORIENTED_EDGE('',*,*,#4218,.F.);
#4221=ORIENTED_EDGE('',*,*,#4220,.T.);
#4223=ORIENTED_EDGE('',*,*,#4222,.T.);
#4225=ORIENTED_EDGE('',*,*,#4224,.F.);
#4227=ORIENTED_EDGE('',*,*,#4226,.F.);
#4229=ORIENTED_EDGE('',*,*,#4228,.T.);
#4231=ORIENTED_EDGE('',*,*,#4230,.T.);
#4233=ORIENTED_EDGE('',*,*,#4232,.F.);
#4235=ORIENTED_EDGE('',*,*,#4234,.F.);
#4236=ORIENTED_EDGE('',*,*,#4183,.T.);
#4237=EDGE_LOOP('',(#4201,#4203,#4205,#4207,#4208,#4210,#4212,#4214,#4215,#4217,
#4219,#4221,#4223,#4225,#4227,#4229,#4231,#4233,#4235,#4236));
#4238=FACE_OUTER_BOUND('',#4237,.F.);
#4239=ADVANCED_FACE('',(#4238),#4200,.T.);
#4240=CARTESIAN_POINT('',(1.889763779528E-1,-1.417322834646E-1,
8.464566929134E-2));
#4241=DIRECTION('',(1.E0,0.E0,0.E0));
#4242=DIRECTION('',(0.E0,0.E0,-1.E0));
#4243=AXIS2_PLACEMENT_3D('',#4240,#4241,#4242);
#4244=PLANE('',#4243);
#4246=ORIENTED_EDGE('',*,*,#4245,.T.);
#4248=ORIENTED_EDGE('',*,*,#4247,.F.);
#4250=ORIENTED_EDGE('',*,*,#4249,.T.);
#4252=ORIENTED_EDGE('',*,*,#4251,.T.);
#4253=ORIENTED_EDGE('',*,*,#4202,.F.);
#4254=EDGE_LOOP('',(#4246,#4248,#4250,#4252,#4253));
#4255=FACE_OUTER_BOUND('',#4254,.F.);
#4256=ADVANCED_FACE('',(#4255),#4244,.F.);
#4257=CARTESIAN_POINT('',(2.085196850394E-1,-1.094488188976E-1,
7.677165354331E-2));
#4258=DIRECTION('',(0.E0,-1.E0,0.E0));
#4259=DIRECTION('',(1.E0,0.E0,0.E0));
#4260=AXIS2_PLACEMENT_3D('',#4257,#4258,#4259);
#4261=PLANE('',#4260);
#4262=ORIENTED_EDGE('',*,*,#4245,.F.);
#4263=ORIENTED_EDGE('',*,*,#4125,.F.);
#4265=ORIENTED_EDGE('',*,*,#4264,.F.);
#4267=ORIENTED_EDGE('',*,*,#4266,.T.);
#4268=EDGE_LOOP('',(#4262,#4263,#4265,#4267));
#4269=FACE_OUTER_BOUND('',#4268,.F.);
#4270=ADVANCED_FACE('',(#4269),#4261,.T.);
#4271=CARTESIAN_POINT('',(1.870078740157E-1,-1.406889763780E-1,
7.677165354331E-2));
#4272=DIRECTION('',(1.E0,0.E0,0.E0));
#4273=DIRECTION('',(0.E0,1.E0,0.E0));
#4274=AXIS2_PLACEMENT_3D('',#4271,#4272,#4273);
#4275=PLANE('',#4274);
#4277=ORIENTED_EDGE('',*,*,#4276,.T.);
#4279=ORIENTED_EDGE('',*,*,#4278,.T.);
#4280=ORIENTED_EDGE('',*,*,#4264,.T.);
#4281=ORIENTED_EDGE('',*,*,#4123,.F.);
#4282=EDGE_LOOP('',(#4277,#4279,#4280,#4281));
#4283=FACE_OUTER_BOUND('',#4282,.F.);
#4284=ADVANCED_FACE('',(#4283),#4275,.T.);
#4285=CARTESIAN_POINT('',(1.870078740157E-1,-1.406889763780E-1,
7.677165354331E-2));
#4286=DIRECTION('',(1.E0,0.E0,0.E0));
#4287=DIRECTION('',(0.E0,1.E0,0.E0));
#4288=AXIS2_PLACEMENT_3D('',#4285,#4286,#4287);
#4289=PLANE('',#4288);
#4291=ORIENTED_EDGE('',*,*,#4290,.T.);
#4293=ORIENTED_EDGE('',*,*,#4292,.T.);
#4294=ORIENTED_EDGE('',*,*,#4276,.F.);
#4296=ORIENTED_EDGE('',*,*,#4295,.F.);
#4297=EDGE_LOOP('',(#4291,#4293,#4294,#4296));
#4298=FACE_OUTER_BOUND('',#4297,.F.);
#4299=ADVANCED_FACE('',(#4298),#4289,.T.);
#4300=CARTESIAN_POINT('',(1.870078740157E-1,-1.515748031496E-1,
7.893857544645E-2));
#4301=DIRECTION('',(1.E0,0.E0,0.E0));
#4302=DIRECTION('',(0.E0,0.E0,1.E0));
#4303=AXIS2_PLACEMENT_3D('',#4300,#4301,#4302);
#4304=PLANE('',#4303);
#4305=ORIENTED_EDGE('',*,*,#4290,.F.);
#4307=ORIENTED_EDGE('',*,*,#4306,.F.);
#4309=ORIENTED_EDGE('',*,*,#4308,.F.);
#4311=ORIENTED_EDGE('',*,*,#4310,.T.);
#4312=EDGE_LOOP('',(#4305,#4307,#4309,#4311));
#4313=FACE_OUTER_BOUND('',#4312,.F.);
#4314=ADVANCED_FACE('',(#4313),#4304,.T.);
#4315=CARTESIAN_POINT('',(1.207205291339E-1,-1.437007874016E-1,
2.353755833205E-1));
#4316=DIRECTION('',(0.E0,-1.E0,0.E0));
#4317=DIRECTION('',(-1.E0,0.E0,0.E0));
#4318=AXIS2_PLACEMENT_3D('',#4315,#4316,#4317);
#4319=PLANE('',#4318);
#4321=ORIENTED_EDGE('',*,*,#4320,.T.);
#4323=ORIENTED_EDGE('',*,*,#4322,.T.);
#4325=ORIENTED_EDGE('',*,*,#4324,.T.);
#4326=ORIENTED_EDGE('',*,*,#4306,.T.);
#4327=EDGE_LOOP('',(#4321,#4323,#4325,#4326));
#4328=FACE_OUTER_BOUND('',#4327,.F.);
#4329=ADVANCED_FACE('',(#4328),#4319,.F.);
#4330=CARTESIAN_POINT('',(-1.870078740157E-1,-1.417322834646E-1,
6.692913385827E-2));
#4331=DIRECTION('',(1.E0,0.E0,0.E0));
#4332=DIRECTION('',(0.E0,0.E0,1.E0));
#4333=AXIS2_PLACEMENT_3D('',#4330,#4331,#4332);
#4334=CYLINDRICAL_SURFACE('',#4333,1.968503937008E-3);
#4335=ORIENTED_EDGE('',*,*,#4320,.F.);
#4336=ORIENTED_EDGE('',*,*,#4295,.T.);
#4337=ORIENTED_EDGE('',*,*,#4121,.T.);
#4339=ORIENTED_EDGE('',*,*,#4338,.T.);
#4340=EDGE_LOOP('',(#4335,#4336,#4337,#4339));
#4341=FACE_OUTER_BOUND('',#4340,.F.);
#4342=ADVANCED_FACE('',(#4341),#4334,.F.);
#4343=CARTESIAN_POINT('',(1.544881889764E-1,-1.406889763780E-1,
7.677165354331E-2));
#4344=DIRECTION('',(-1.E0,0.E0,0.E0));
#4345=DIRECTION('',(0.E0,-1.E0,0.E0));
#4346=AXIS2_PLACEMENT_3D('',#4343,#4344,#4345);
#4347=PLANE('',#4346);
#4349=ORIENTED_EDGE('',*,*,#4348,.F.);
#4350=ORIENTED_EDGE('',*,*,#4338,.F.);
#4352=ORIENTED_EDGE('',*,*,#4351,.T.);
#4354=ORIENTED_EDGE('',*,*,#4353,.T.);
#4355=EDGE_LOOP('',(#4349,#4350,#4352,#4354));
#4356=FACE_OUTER_BOUND('',#4355,.F.);
#4357=ADVANCED_FACE('',(#4356),#4347,.T.);
#4358=CARTESIAN_POINT('',(1.544881889764E-1,-1.515748031496E-1,
7.893857544645E-2));
#4359=DIRECTION('',(-1.E0,0.E0,0.E0));
#4360=DIRECTION('',(0.E0,0.E0,-1.E0));
#4361=AXIS2_PLACEMENT_3D('',#4358,#4359,#4360);
#4362=PLANE('',#4361);
#4363=ORIENTED_EDGE('',*,*,#4348,.T.);
#4365=ORIENTED_EDGE('',*,*,#4364,.T.);
#4367=ORIENTED_EDGE('',*,*,#4366,.T.);
#4368=ORIENTED_EDGE('',*,*,#4322,.F.);
#4369=EDGE_LOOP('',(#4363,#4365,#4367,#4368));
#4370=FACE_OUTER_BOUND('',#4369,.F.);
#4371=ADVANCED_FACE('',(#4370),#4362,.T.);
#4372=CARTESIAN_POINT('',(1.207205291339E-1,-1.594488188976E-1,
2.353755833205E-1));
#4373=DIRECTION('',(0.E0,-1.E0,0.E0));
#4374=DIRECTION('',(-1.E0,0.E0,0.E0));
#4375=AXIS2_PLACEMENT_3D('',#4372,#4373,#4374);
#4376=PLANE('',#4375);
#4378=ORIENTED_EDGE('',*,*,#4377,.F.);
#4379=ORIENTED_EDGE('',*,*,#4310,.F.);
#4381=ORIENTED_EDGE('',*,*,#4380,.F.);
#4382=ORIENTED_EDGE('',*,*,#4364,.F.);
#4383=EDGE_LOOP('',(#4378,#4379,#4381,#4382));
#4384=FACE_OUTER_BOUND('',#4383,.F.);
#4385=ADVANCED_FACE('',(#4384),#4376,.T.);
#4386=CARTESIAN_POINT('',(-1.870078740157E-1,-1.417322834646E-1,
6.692913385827E-2));
#4387=DIRECTION('',(1.E0,0.E0,0.E0));
#4388=DIRECTION('',(0.E0,0.E0,1.E0));
#4389=AXIS2_PLACEMENT_3D('',#4386,#4387,#4388);
#4390=CYLINDRICAL_SURFACE('',#4389,1.771653543307E-2);
#4391=ORIENTED_EDGE('',*,*,#4377,.T.);
#4392=ORIENTED_EDGE('',*,*,#4353,.F.);
#4394=ORIENTED_EDGE('',*,*,#4393,.F.);
#4395=ORIENTED_EDGE('',*,*,#4292,.F.);
#4396=EDGE_LOOP('',(#4391,#4392,#4394,#4395));
#4397=FACE_OUTER_BOUND('',#4396,.F.);
#4398=ADVANCED_FACE('',(#4397),#4390,.T.);
#4399=CARTESIAN_POINT('',(1.207205291339E-1,1.574803149606E-2,
8.464566929134E-2));
#4400=DIRECTION('',(0.E0,0.E0,1.E0));
#4401=DIRECTION('',(-1.E0,0.E0,0.E0));
#4402=AXIS2_PLACEMENT_3D('',#4399,#4400,#4401);
#4403=PLANE('',#4402);
#4405=ORIENTED_EDGE('',*,*,#4404,.F.);
#4407=ORIENTED_EDGE('',*,*,#4406,.F.);
#4409=ORIENTED_EDGE('',*,*,#4408,.F.);
#4411=ORIENTED_EDGE('',*,*,#4410,.F.);
#4413=ORIENTED_EDGE('',*,*,#4412,.F.);
#4415=ORIENTED_EDGE('',*,*,#4414,.F.);
#4417=ORIENTED_EDGE('',*,*,#4416,.F.);
#4419=ORIENTED_EDGE('',*,*,#4418,.F.);
#4421=ORIENTED_EDGE('',*,*,#4420,.T.);
#4423=ORIENTED_EDGE('',*,*,#4422,.F.);
#4424=ORIENTED_EDGE('',*,*,#4169,.F.);
#4425=ORIENTED_EDGE('',*,*,#4191,.F.);
#4427=ORIENTED_EDGE('',*,*,#4426,.F.);
#4428=ORIENTED_EDGE('',*,*,#4247,.T.);
#4429=ORIENTED_EDGE('',*,*,#4266,.F.);
#4430=ORIENTED_EDGE('',*,*,#4278,.F.);
#4431=ORIENTED_EDGE('',*,*,#4393,.T.);
#4433=ORIENTED_EDGE('',*,*,#4432,.F.);
#4435=ORIENTED_EDGE('',*,*,#4434,.F.);
#4437=ORIENTED_EDGE('',*,*,#4436,.F.);
#4439=ORIENTED_EDGE('',*,*,#4438,.F.);
#4441=ORIENTED_EDGE('',*,*,#4440,.T.);
#4443=ORIENTED_EDGE('',*,*,#4442,.F.);
#4445=ORIENTED_EDGE('',*,*,#4444,.F.);
#4447=ORIENTED_EDGE('',*,*,#4446,.T.);
#4449=ORIENTED_EDGE('',*,*,#4448,.F.);
#4450=EDGE_LOOP('',(#4405,#4407,#4409,#4411,#4413,#4415,#4417,#4419,#4421,#4423,
#4424,#4425,#4427,#4428,#4429,#4430,#4431,#4433,#4435,#4437,#4439,#4441,#4443,
#4445,#4447,#4449));
#4451=FACE_OUTER_BOUND('',#4450,.F.);
#4453=ORIENTED_EDGE('',*,*,#4452,.F.);
#4455=ORIENTED_EDGE('',*,*,#4454,.F.);
#4457=ORIENTED_EDGE('',*,*,#4456,.F.);
#4459=ORIENTED_EDGE('',*,*,#4458,.F.);
#4460=EDGE_LOOP('',(#4453,#4455,#4457,#4459));
#4461=FACE_BOUND('',#4460,.F.);
#4463=ORIENTED_EDGE('',*,*,#4462,.F.);
#4465=ORIENTED_EDGE('',*,*,#4464,.F.);
#4467=ORIENTED_EDGE('',*,*,#4466,.F.);
#4469=ORIENTED_EDGE('',*,*,#4468,.F.);
#4470=EDGE_LOOP('',(#4463,#4465,#4467,#4469));
#4471=FACE_BOUND('',#4470,.F.);
#4473=ORIENTED_EDGE('',*,*,#4472,.F.);
#4475=ORIENTED_EDGE('',*,*,#4474,.F.);
#4477=ORIENTED_EDGE('',*,*,#4476,.F.);
#4479=ORIENTED_EDGE('',*,*,#4478,.F.);
#4480=EDGE_LOOP('',(#4473,#4475,#4477,#4479));
#4481=FACE_BOUND('',#4480,.F.);
#4482=ADVANCED_FACE('',(#4451,#4461,#4471,#4481),#4403,.T.);
#4483=CARTESIAN_POINT('',(-2.085196850394E-1,-1.094488188976E-1,
7.677165354331E-2));
#4484=DIRECTION('',(0.E0,-1.E0,0.E0));
#4485=DIRECTION('',(1.E0,0.E0,0.E0));
#4486=AXIS2_PLACEMENT_3D('',#4483,#4484,#4485);
#4487=PLANE('',#4486);
#4489=ORIENTED_EDGE('',*,*,#4488,.T.);
#4490=ORIENTED_EDGE('',*,*,#4404,.T.);
#4492=ORIENTED_EDGE('',*,*,#4491,.T.);
#4493=ORIENTED_EDGE('',*,*,#4105,.F.);
#4494=EDGE_LOOP('',(#4489,#4490,#4492,#4493));
#4495=FACE_OUTER_BOUND('',#4494,.F.);
#4496=ADVANCED_FACE('',(#4495),#4487,.T.);
#4497=CARTESIAN_POINT('',(-1.889763779528E-1,-1.417322834646E-1,
6.496062992126E-2));
#4498=DIRECTION('',(-1.E0,0.E0,0.E0));
#4499=DIRECTION('',(0.E0,0.E0,1.E0));
#4500=AXIS2_PLACEMENT_3D('',#4497,#4498,#4499);
#4501=PLANE('',#4500);
#4502=ORIENTED_EDGE('',*,*,#4488,.F.);
#4503=ORIENTED_EDGE('',*,*,#4213,.T.);
#4505=ORIENTED_EDGE('',*,*,#4504,.F.);
#4507=ORIENTED_EDGE('',*,*,#4506,.F.);
#4508=ORIENTED_EDGE('',*,*,#4406,.T.);
#4509=EDGE_LOOP('',(#4502,#4503,#4505,#4507,#4508));
#4510=FACE_OUTER_BOUND('',#4509,.F.);
#4511=ADVANCED_FACE('',(#4510),#4501,.F.);
#4512=CARTESIAN_POINT('',(-1.515748031496E-1,-1.417322834646E-1,
6.496062992126E-2));
#4513=DIRECTION('',(0.E0,0.E0,-1.E0));
#4514=DIRECTION('',(-1.E0,0.E0,0.E0));
#4515=AXIS2_PLACEMENT_3D('',#4512,#4513,#4514);
#4516=PLANE('',#4515);
#4518=ORIENTED_EDGE('',*,*,#4517,.T.);
#4519=ORIENTED_EDGE('',*,*,#4504,.T.);
#4520=ORIENTED_EDGE('',*,*,#4211,.F.);
#4522=ORIENTED_EDGE('',*,*,#4521,.F.);
#4523=EDGE_LOOP('',(#4518,#4519,#4520,#4522));
#4524=FACE_OUTER_BOUND('',#4523,.F.);
#4525=ADVANCED_FACE('',(#4524),#4516,.F.);
#4526=CARTESIAN_POINT('',(-2.299212598425E-1,-1.417322834646E-1,
-8.464566929134E-2));
#4527=DIRECTION('',(0.E0,-1.E0,0.E0));
#4528=DIRECTION('',(1.E0,0.E0,0.E0));
#4529=AXIS2_PLACEMENT_3D('',#4526,#4527,#4528);
#4530=PLANE('',#4529);
#4532=ORIENTED_EDGE('',*,*,#4531,.F.);
#4533=ORIENTED_EDGE('',*,*,#4438,.T.);
#4535=ORIENTED_EDGE('',*,*,#4534,.T.);
#4537=ORIENTED_EDGE('',*,*,#4536,.F.);
#4538=ORIENTED_EDGE('',*,*,#4249,.F.);
#4539=ORIENTED_EDGE('',*,*,#4426,.T.);
#4540=ORIENTED_EDGE('',*,*,#4189,.F.);
#4542=ORIENTED_EDGE('',*,*,#4541,.F.);
#4544=ORIENTED_EDGE('',*,*,#4543,.T.);
#4546=ORIENTED_EDGE('',*,*,#4545,.F.);
#4548=ORIENTED_EDGE('',*,*,#4547,.F.);
#4550=ORIENTED_EDGE('',*,*,#4549,.F.);
#4552=ORIENTED_EDGE('',*,*,#4551,.T.);
#4554=ORIENTED_EDGE('',*,*,#4553,.F.);
#4556=ORIENTED_EDGE('',*,*,#4555,.F.);
#4558=ORIENTED_EDGE('',*,*,#4557,.F.);
#4560=ORIENTED_EDGE('',*,*,#4559,.T.);
#4561=ORIENTED_EDGE('',*,*,#4408,.T.);
#4562=ORIENTED_EDGE('',*,*,#4506,.T.);
#4563=ORIENTED_EDGE('',*,*,#4517,.F.);
#4564=EDGE_LOOP('',(#4532,#4533,#4535,#4537,#4538,#4539,#4540,#4542,#4544,#4546,
#4548,#4550,#4552,#4554,#4556,#4558,#4560,#4561,#4562,#4563));
#4565=FACE_OUTER_BOUND('',#4564,.F.);
#4567=ORIENTED_EDGE('',*,*,#4566,.T.);
#4569=ORIENTED_EDGE('',*,*,#4568,.T.);
#4571=ORIENTED_EDGE('',*,*,#4570,.T.);
#4573=ORIENTED_EDGE('',*,*,#4572,.T.);
#4574=EDGE_LOOP('',(#4567,#4569,#4571,#4573));
#4575=FACE_BOUND('',#4574,.F.);
#4577=ORIENTED_EDGE('',*,*,#4576,.T.);
#4579=ORIENTED_EDGE('',*,*,#4578,.T.);
#4581=ORIENTED_EDGE('',*,*,#4580,.T.);
#4583=ORIENTED_EDGE('',*,*,#4582,.T.);
#4584=EDGE_LOOP('',(#4577,#4579,#4581,#4583));
#4585=FACE_BOUND('',#4584,.F.);
#4587=ORIENTED_EDGE('',*,*,#4586,.T.);
#4589=ORIENTED_EDGE('',*,*,#4588,.F.);
#4591=ORIENTED_EDGE('',*,*,#4590,.T.);
#4593=ORIENTED_EDGE('',*,*,#4592,.T.);
#4594=EDGE_LOOP('',(#4587,#4589,#4591,#4593));
#4595=FACE_BOUND('',#4594,.F.);
#4597=ORIENTED_EDGE('',*,*,#4596,.T.);
#4599=ORIENTED_EDGE('',*,*,#4598,.T.);
#4601=ORIENTED_EDGE('',*,*,#4600,.T.);
#4603=ORIENTED_EDGE('',*,*,#4602,.T.);
#4604=EDGE_LOOP('',(#4597,#4599,#4601,#4603));
#4605=FACE_BOUND('',#4604,.F.);
#4606=ADVANCED_FACE('',(#4565,#4575,#4585,#4595,#4605),#4530,.T.);
#4607=CARTESIAN_POINT('',(-1.515748031496E-1,-1.417322834646E-1,
8.464566929134E-2));
#4608=DIRECTION('',(1.E0,0.E0,0.E0));
#4609=DIRECTION('',(0.E0,0.E0,-1.E0));
#4610=AXIS2_PLACEMENT_3D('',#4607,#4608,#4609);
#4611=PLANE('',#4610);
#4613=ORIENTED_EDGE('',*,*,#4612,.T.);
#4614=ORIENTED_EDGE('',*,*,#4440,.F.);
#4615=ORIENTED_EDGE('',*,*,#4531,.T.);
#4616=ORIENTED_EDGE('',*,*,#4521,.T.);
#4617=ORIENTED_EDGE('',*,*,#4209,.F.);
#4618=EDGE_LOOP('',(#4613,#4614,#4615,#4616,#4617));
#4619=FACE_OUTER_BOUND('',#4618,.F.);
#4620=ADVANCED_FACE('',(#4619),#4611,.F.);
#4621=CARTESIAN_POINT('',(-9.842519684912E-6,-1.094488188976E-1,
7.677165354331E-2));
#4622=DIRECTION('',(0.E0,-1.E0,0.E0));
#4623=DIRECTION('',(1.E0,0.E0,0.E0));
#4624=AXIS2_PLACEMENT_3D('',#4621,#4622,#4623);
#4625=PLANE('',#4624);
#4626=ORIENTED_EDGE('',*,*,#4612,.F.);
#4627=ORIENTED_EDGE('',*,*,#4113,.F.);
#4629=ORIENTED_EDGE('',*,*,#4628,.F.);
#4630=ORIENTED_EDGE('',*,*,#4442,.T.);
#4631=EDGE_LOOP('',(#4626,#4627,#4629,#4630));
#4632=FACE_OUTER_BOUND('',#4631,.F.);
#4633=ADVANCED_FACE('',(#4632),#4625,.T.);
#4634=CARTESIAN_POINT('',(-1.545078740157E-1,-1.406889763780E-1,
7.677165354331E-2));
#4635=DIRECTION('',(1.E0,0.E0,0.E0));
#4636=DIRECTION('',(0.E0,1.E0,0.E0));
#4637=AXIS2_PLACEMENT_3D('',#4634,#4635,#4636);
#4638=PLANE('',#4637);
#4640=ORIENTED_EDGE('',*,*,#4639,.T.);
#4641=ORIENTED_EDGE('',*,*,#4444,.T.);
#4642=ORIENTED_EDGE('',*,*,#4628,.T.);
#4643=ORIENTED_EDGE('',*,*,#4111,.F.);
#4644=EDGE_LOOP('',(#4640,#4641,#4642,#4643));
#4645=FACE_OUTER_BOUND('',#4644,.F.);
#4646=ADVANCED_FACE('',(#4645),#4638,.T.);
#4647=CARTESIAN_POINT('',(-1.545078740157E-1,-1.406889763780E-1,
7.677165354331E-2));
#4648=DIRECTION('',(1.E0,0.E0,0.E0));
#4649=DIRECTION('',(0.E0,1.E0,0.E0));
#4650=AXIS2_PLACEMENT_3D('',#4647,#4648,#4649);
#4651=PLANE('',#4650);
#4653=ORIENTED_EDGE('',*,*,#4652,.T.);
#4655=ORIENTED_EDGE('',*,*,#4654,.T.);
#4656=ORIENTED_EDGE('',*,*,#4639,.F.);
#4658=ORIENTED_EDGE('',*,*,#4657,.F.);
#4659=EDGE_LOOP('',(#4653,#4655,#4656,#4658));
#4660=FACE_OUTER_BOUND('',#4659,.F.);
#4661=ADVANCED_FACE('',(#4660),#4651,.T.);
#4662=CARTESIAN_POINT('',(-1.545078740157E-1,-1.515748031496E-1,
7.893857544645E-2));
#4663=DIRECTION('',(1.E0,0.E0,0.E0));
#4664=DIRECTION('',(0.E0,0.E0,1.E0));
#4665=AXIS2_PLACEMENT_3D('',#4662,#4663,#4664);
#4666=PLANE('',#4665);
#4667=ORIENTED_EDGE('',*,*,#4652,.F.);
#4669=ORIENTED_EDGE('',*,*,#4668,.F.);
#4671=ORIENTED_EDGE('',*,*,#4670,.F.);
#4673=ORIENTED_EDGE('',*,*,#4672,.T.);
#4674=EDGE_LOOP('',(#4667,#4669,#4671,#4673));
#4675=FACE_OUTER_BOUND('',#4674,.F.);
#4676=ADVANCED_FACE('',(#4675),#4666,.T.);
#4677=CARTESIAN_POINT('',(1.207205291339E-1,-1.437007874016E-1,
2.353755833205E-1));
#4678=DIRECTION('',(0.E0,-1.E0,0.E0));
#4679=DIRECTION('',(-1.E0,0.E0,0.E0));
#4680=AXIS2_PLACEMENT_3D('',#4677,#4678,#4679);
#4681=PLANE('',#4680);
#4683=ORIENTED_EDGE('',*,*,#4682,.T.);
#4685=ORIENTED_EDGE('',*,*,#4684,.T.);
#4687=ORIENTED_EDGE('',*,*,#4686,.T.);
#4688=ORIENTED_EDGE('',*,*,#4668,.T.);
#4689=EDGE_LOOP('',(#4683,#4685,#4687,#4688));
#4690=FACE_OUTER_BOUND('',#4689,.F.);
#4691=ADVANCED_FACE('',(#4690),#4681,.F.);
#4692=CARTESIAN_POINT('',(-1.870078740157E-1,-1.417322834646E-1,
6.692913385827E-2));
#4693=DIRECTION('',(1.E0,0.E0,0.E0));
#4694=DIRECTION('',(0.E0,0.E0,1.E0));
#4695=AXIS2_PLACEMENT_3D('',#4692,#4693,#4694);
#4696=CYLINDRICAL_SURFACE('',#4695,1.968503937008E-3);
#4697=ORIENTED_EDGE('',*,*,#4682,.F.);
#4698=ORIENTED_EDGE('',*,*,#4657,.T.);
#4699=ORIENTED_EDGE('',*,*,#4109,.T.);
#4701=ORIENTED_EDGE('',*,*,#4700,.T.);
#4702=EDGE_LOOP('',(#4697,#4698,#4699,#4701));
#4703=FACE_OUTER_BOUND('',#4702,.F.);
#4704=ADVANCED_FACE('',(#4703),#4696,.F.);
#4705=CARTESIAN_POINT('',(-1.870078740157E-1,-1.406889763780E-1,
7.677165354331E-2));
#4706=DIRECTION('',(-1.E0,0.E0,0.E0));
#4707=DIRECTION('',(0.E0,-1.E0,0.E0));
#4708=AXIS2_PLACEMENT_3D('',#4705,#4706,#4707);
#4709=PLANE('',#4708);
#4711=ORIENTED_EDGE('',*,*,#4710,.F.);
#4712=ORIENTED_EDGE('',*,*,#4700,.F.);
#4714=ORIENTED_EDGE('',*,*,#4713,.T.);
#4716=ORIENTED_EDGE('',*,*,#4715,.T.);
#4717=EDGE_LOOP('',(#4711,#4712,#4714,#4716));
#4718=FACE_OUTER_BOUND('',#4717,.F.);
#4719=ADVANCED_FACE('',(#4718),#4709,.T.);
#4720=CARTESIAN_POINT('',(-1.870078740157E-1,-1.515748031496E-1,
7.893857544645E-2));
#4721=DIRECTION('',(-1.E0,0.E0,0.E0));
#4722=DIRECTION('',(0.E0,0.E0,-1.E0));
#4723=AXIS2_PLACEMENT_3D('',#4720,#4721,#4722);
#4724=PLANE('',#4723);
#4725=ORIENTED_EDGE('',*,*,#4710,.T.);
#4727=ORIENTED_EDGE('',*,*,#4726,.T.);
#4729=ORIENTED_EDGE('',*,*,#4728,.T.);
#4730=ORIENTED_EDGE('',*,*,#4684,.F.);
#4731=EDGE_LOOP('',(#4725,#4727,#4729,#4730));
#4732=FACE_OUTER_BOUND('',#4731,.F.);
#4733=ADVANCED_FACE('',(#4732),#4724,.T.);
#4734=CARTESIAN_POINT('',(1.207205291339E-1,-1.594488188976E-1,
2.353755833205E-1));
#4735=DIRECTION('',(0.E0,-1.E0,0.E0));
#4736=DIRECTION('',(-1.E0,0.E0,0.E0));
#4737=AXIS2_PLACEMENT_3D('',#4734,#4735,#4736);
#4738=PLANE('',#4737);
#4740=ORIENTED_EDGE('',*,*,#4739,.F.);
#4741=ORIENTED_EDGE('',*,*,#4672,.F.);
#4743=ORIENTED_EDGE('',*,*,#4742,.F.);
#4744=ORIENTED_EDGE('',*,*,#4726,.F.);
#4745=EDGE_LOOP('',(#4740,#4741,#4743,#4744));
#4746=FACE_OUTER_BOUND('',#4745,.F.);
#4747=ADVANCED_FACE('',(#4746),#4738,.T.);
#4748=CARTESIAN_POINT('',(-1.870078740157E-1,-1.417322834646E-1,
6.692913385827E-2));
#4749=DIRECTION('',(1.E0,0.E0,0.E0));
#4750=DIRECTION('',(0.E0,0.E0,1.E0));
#4751=AXIS2_PLACEMENT_3D('',#4748,#4749,#4750);
#4752=CYLINDRICAL_SURFACE('',#4751,1.771653543307E-2);
#4753=ORIENTED_EDGE('',*,*,#4739,.T.);
#4754=ORIENTED_EDGE('',*,*,#4715,.F.);
#4755=ORIENTED_EDGE('',*,*,#4446,.F.);
#4756=ORIENTED_EDGE('',*,*,#4654,.F.);
#4757=EDGE_LOOP('',(#4753,#4754,#4755,#4756));
#4758=FACE_OUTER_BOUND('',#4757,.F.);
#4759=ADVANCED_FACE('',(#4758),#4752,.T.);
#4760=CARTESIAN_POINT('',(-1.707578740157E-1,-1.515748031496E-1,
4.769841796613E-2));
#4761=DIRECTION('',(0.E0,-1.E0,0.E0));
#4762=DIRECTION('',(-1.E0,0.E0,0.E0));
#4763=AXIS2_PLACEMENT_3D('',#4760,#4761,#4762);
#4764=CYLINDRICAL_SURFACE('',#4763,1.625E-2);
#4765=ORIENTED_EDGE('',*,*,#4742,.T.);
#4766=ORIENTED_EDGE('',*,*,#4670,.T.);
#4767=ORIENTED_EDGE('',*,*,#4686,.F.);
#4768=ORIENTED_EDGE('',*,*,#4728,.F.);
#4769=EDGE_LOOP('',(#4765,#4766,#4767,#4768));
#4770=FACE_OUTER_BOUND('',#4769,.F.);
#4771=ADVANCED_FACE('',(#4770),#4764,.T.);
#4772=CARTESIAN_POINT('',(-1.870078740157E-1,-1.406889763780E-1,
7.677165354331E-2));
#4773=DIRECTION('',(-1.E0,0.E0,0.E0));
#4774=DIRECTION('',(0.E0,-1.E0,0.E0));
#4775=AXIS2_PLACEMENT_3D('',#4772,#4773,#4774);
#4776=PLANE('',#4775);
#4777=ORIENTED_EDGE('',*,*,#4713,.F.);
#4778=ORIENTED_EDGE('',*,*,#4107,.F.);
#4779=ORIENTED_EDGE('',*,*,#4491,.F.);
#4780=ORIENTED_EDGE('',*,*,#4448,.T.);
#4781=EDGE_LOOP('',(#4777,#4778,#4779,#4780));
#4782=FACE_OUTER_BOUND('',#4781,.F.);
#4783=ADVANCED_FACE('',(#4782),#4776,.T.);
#4784=CARTESIAN_POINT('',(1.515748031496E-1,-1.417322834646E-1,
6.496062992126E-2));
#4785=DIRECTION('',(-1.E0,0.E0,0.E0));
#4786=DIRECTION('',(0.E0,0.E0,1.E0));
#4787=AXIS2_PLACEMENT_3D('',#4784,#4785,#4786);
#4788=PLANE('',#4787);
#4790=ORIENTED_EDGE('',*,*,#4789,.F.);
#4791=ORIENTED_EDGE('',*,*,#4206,.T.);
#4793=ORIENTED_EDGE('',*,*,#4792,.F.);
#4794=ORIENTED_EDGE('',*,*,#4534,.F.);
#4795=ORIENTED_EDGE('',*,*,#4436,.T.);
#4796=EDGE_LOOP('',(#4790,#4791,#4793,#4794,#4795));
#4797=FACE_OUTER_BOUND('',#4796,.F.);
#4798=ADVANCED_FACE('',(#4797),#4788,.F.);
#4799=CARTESIAN_POINT('',(-9.842519684912E-6,-1.094488188976E-1,
7.677165354331E-2));
#4800=DIRECTION('',(0.E0,-1.E0,0.E0));
#4801=DIRECTION('',(1.E0,0.E0,0.E0));
#4802=AXIS2_PLACEMENT_3D('',#4799,#4800,#4801);
#4803=PLANE('',#4802);
#4804=ORIENTED_EDGE('',*,*,#4789,.T.);
#4805=ORIENTED_EDGE('',*,*,#4434,.T.);
#4807=ORIENTED_EDGE('',*,*,#4806,.T.);
#4808=ORIENTED_EDGE('',*,*,#4117,.F.);
#4809=EDGE_LOOP('',(#4804,#4805,#4807,#4808));
#4810=FACE_OUTER_BOUND('',#4809,.F.);
#4811=ADVANCED_FACE('',(#4810),#4803,.T.);
#4812=CARTESIAN_POINT('',(1.544881889764E-1,-1.406889763780E-1,
7.677165354331E-2));
#4813=DIRECTION('',(-1.E0,0.E0,0.E0));
#4814=DIRECTION('',(0.E0,-1.E0,0.E0));
#4815=AXIS2_PLACEMENT_3D('',#4812,#4813,#4814);
#4816=PLANE('',#4815);
#4817=ORIENTED_EDGE('',*,*,#4351,.F.);
#4818=ORIENTED_EDGE('',*,*,#4119,.F.);
#4819=ORIENTED_EDGE('',*,*,#4806,.F.);
#4820=ORIENTED_EDGE('',*,*,#4432,.T.);
#4821=EDGE_LOOP('',(#4817,#4818,#4819,#4820));
#4822=FACE_OUTER_BOUND('',#4821,.F.);
#4823=ADVANCED_FACE('',(#4822),#4816,.T.);
#4824=CARTESIAN_POINT('',(1.889763779528E-1,-1.417322834646E-1,
6.496062992126E-2));
#4825=DIRECTION('',(0.E0,0.E0,-1.E0));
#4826=DIRECTION('',(-1.E0,0.E0,0.E0));
#4827=AXIS2_PLACEMENT_3D('',#4824,#4825,#4826);
#4828=PLANE('',#4827);
#4829=ORIENTED_EDGE('',*,*,#4536,.T.);
#4830=ORIENTED_EDGE('',*,*,#4792,.T.);
#4831=ORIENTED_EDGE('',*,*,#4204,.F.);
#4832=ORIENTED_EDGE('',*,*,#4251,.F.);
#4833=EDGE_LOOP('',(#4829,#4830,#4831,#4832));
#4834=FACE_OUTER_BOUND('',#4833,.F.);
#4835=ADVANCED_FACE('',(#4834),#4828,.F.);
#4836=CARTESIAN_POINT('',(1.207205291339E-1,1.574803149606E-2,
-8.464566929134E-2));
#4837=DIRECTION('',(0.E0,0.E0,1.E0));
#4838=DIRECTION('',(-1.E0,0.E0,0.E0));
#4839=AXIS2_PLACEMENT_3D('',#4836,#4837,#4838);
#4840=PLANE('',#4839);
#4842=ORIENTED_EDGE('',*,*,#4841,.T.);
#4844=ORIENTED_EDGE('',*,*,#4843,.T.);
#4845=ORIENTED_EDGE('',*,*,#4557,.T.);
#4847=ORIENTED_EDGE('',*,*,#4846,.T.);
#4849=ORIENTED_EDGE('',*,*,#4848,.T.);
#4851=ORIENTED_EDGE('',*,*,#4850,.T.);
#4853=ORIENTED_EDGE('',*,*,#4852,.F.);
#4855=ORIENTED_EDGE('',*,*,#4854,.T.);
#4857=ORIENTED_EDGE('',*,*,#4856,.T.);
#4859=ORIENTED_EDGE('',*,*,#4858,.F.);
#4860=ORIENTED_EDGE('',*,*,#4549,.T.);
#4862=ORIENTED_EDGE('',*,*,#4861,.T.);
#4864=ORIENTED_EDGE('',*,*,#4863,.T.);
#4866=ORIENTED_EDGE('',*,*,#4865,.T.);
#4868=ORIENTED_EDGE('',*,*,#4867,.F.);
#4870=ORIENTED_EDGE('',*,*,#4869,.T.);
#4872=ORIENTED_EDGE('',*,*,#4871,.T.);
#4874=ORIENTED_EDGE('',*,*,#4873,.F.);
#4875=ORIENTED_EDGE('',*,*,#4541,.T.);
#4876=ORIENTED_EDGE('',*,*,#4187,.T.);
#4878=ORIENTED_EDGE('',*,*,#4877,.T.);
#4880=ORIENTED_EDGE('',*,*,#4879,.T.);
#4882=ORIENTED_EDGE('',*,*,#4881,.T.);
#4884=ORIENTED_EDGE('',*,*,#4883,.T.);
#4885=EDGE_LOOP('',(#4842,#4844,#4845,#4847,#4849,#4851,#4853,#4855,#4857,#4859,
#4860,#4862,#4864,#4866,#4868,#4870,#4872,#4874,#4875,#4876,#4878,#4880,#4882,
#4884));
#4886=FACE_OUTER_BOUND('',#4885,.F.);
#4888=ORIENTED_EDGE('',*,*,#4887,.T.);
#4890=ORIENTED_EDGE('',*,*,#4889,.T.);
#4892=ORIENTED_EDGE('',*,*,#4891,.T.);
#4894=ORIENTED_EDGE('',*,*,#4893,.F.);
#4896=ORIENTED_EDGE('',*,*,#4895,.F.);
#4898=ORIENTED_EDGE('',*,*,#4897,.F.);
#4900=ORIENTED_EDGE('',*,*,#4899,.F.);
#4902=ORIENTED_EDGE('',*,*,#4901,.T.);
#4904=ORIENTED_EDGE('',*,*,#4903,.T.);
#4906=ORIENTED_EDGE('',*,*,#4905,.T.);
#4908=ORIENTED_EDGE('',*,*,#4907,.T.);
#4910=ORIENTED_EDGE('',*,*,#4909,.T.);
#4912=ORIENTED_EDGE('',*,*,#4911,.T.);
#4914=ORIENTED_EDGE('',*,*,#4913,.T.);
#4916=ORIENTED_EDGE('',*,*,#4915,.T.);
#4918=ORIENTED_EDGE('',*,*,#4917,.T.);
#4920=ORIENTED_EDGE('',*,*,#4919,.T.);
#4922=ORIENTED_EDGE('',*,*,#4921,.T.);
#4924=ORIENTED_EDGE('',*,*,#4923,.T.);
#4926=ORIENTED_EDGE('',*,*,#4925,.T.);
#4928=ORIENTED_EDGE('',*,*,#4927,.T.);
#4930=ORIENTED_EDGE('',*,*,#4929,.T.);
#4932=ORIENTED_EDGE('',*,*,#4931,.F.);
#4934=ORIENTED_EDGE('',*,*,#4933,.T.);
#4936=ORIENTED_EDGE('',*,*,#4935,.F.);
#4938=ORIENTED_EDGE('',*,*,#4937,.F.);
#4940=ORIENTED_EDGE('',*,*,#4939,.F.);
#4942=ORIENTED_EDGE('',*,*,#4941,.F.);
#4944=ORIENTED_EDGE('',*,*,#4943,.F.);
#4946=ORIENTED_EDGE('',*,*,#4945,.T.);
#4948=ORIENTED_EDGE('',*,*,#4947,.T.);
#4950=ORIENTED_EDGE('',*,*,#4949,.T.);
#4952=ORIENTED_EDGE('',*,*,#4951,.F.);
#4954=ORIENTED_EDGE('',*,*,#4953,.F.);
#4956=ORIENTED_EDGE('',*,*,#4955,.F.);
#4958=ORIENTED_EDGE('',*,*,#4957,.F.);
#4959=EDGE_LOOP('',(#4888,#4890,#4892,#4894,#4896,#4898,#4900,#4902,#4904,#4906,
#4908,#4910,#4912,#4914,#4916,#4918,#4920,#4922,#4924,#4926,#4928,#4930,#4932,
#4934,#4936,#4938,#4940,#4942,#4944,#4946,#4948,#4950,#4952,#4954,#4956,#4958));
#4960=FACE_BOUND('',#4959,.F.);
#4961=ADVANCED_FACE('',(#4886,#4960),#4840,.F.);
#4962=CARTESIAN_POINT('',(-2.085196850394E-1,-1.094488188976E-1,
-7.677165354331E-2));
#4963=DIRECTION('',(0.E0,1.E0,0.E0));
#4964=DIRECTION('',(1.E0,0.E0,0.E0));
#4965=AXIS2_PLACEMENT_3D('',#4962,#4963,#4964);
#4966=PLANE('',#4965);
#4968=ORIENTED_EDGE('',*,*,#4967,.T.);
#4969=ORIENTED_EDGE('',*,*,#4841,.F.);
#4971=ORIENTED_EDGE('',*,*,#4970,.T.);
#4973=ORIENTED_EDGE('',*,*,#4972,.T.);
#4974=EDGE_LOOP('',(#4968,#4969,#4971,#4973));
#4975=FACE_OUTER_BOUND('',#4974,.F.);
#4976=ADVANCED_FACE('',(#4975),#4966,.F.);
#4977=CARTESIAN_POINT('',(-2.299212598425E-1,-1.094488188976E-1,
-8.464566929134E-2));
#4978=DIRECTION('',(-1.E0,0.E0,0.E0));
#4979=DIRECTION('',(0.E0,-1.E0,0.E0));
#4980=AXIS2_PLACEMENT_3D('',#4977,#4978,#4979);
#4981=PLANE('',#4980);
#4983=ORIENTED_EDGE('',*,*,#4982,.T.);
#4984=ORIENTED_EDGE('',*,*,#4410,.T.);
#4985=ORIENTED_EDGE('',*,*,#4559,.F.);
#4986=ORIENTED_EDGE('',*,*,#4843,.F.);
#4987=ORIENTED_EDGE('',*,*,#4967,.F.);
#4988=ORIENTED_EDGE('',*,*,#4216,.T.);
#4989=EDGE_LOOP('',(#4983,#4984,#4985,#4986,#4987,#4988));
#4990=FACE_OUTER_BOUND('',#4989,.F.);
#4991=ADVANCED_FACE('',(#4990),#4981,.T.);
#4992=CARTESIAN_POINT('',(-2.085196850394E-1,-1.094488188976E-1,
7.677165354331E-2));
#4993=DIRECTION('',(0.E0,-1.E0,0.E0));
#4994=DIRECTION('',(1.E0,0.E0,0.E0));
#4995=AXIS2_PLACEMENT_3D('',#4992,#4993,#4994);
#4996=PLANE('',#4995);
#4997=ORIENTED_EDGE('',*,*,#4982,.F.);
#4998=ORIENTED_EDGE('',*,*,#4101,.F.);
#5000=ORIENTED_EDGE('',*,*,#4999,.F.);
#5001=ORIENTED_EDGE('',*,*,#4412,.T.);
#5002=EDGE_LOOP('',(#4997,#4998,#5000,#5001));
#5003=FACE_OUTER_BOUND('',#5002,.F.);
#5004=ADVANCED_FACE('',(#5003),#4996,.T.);
#5005=CARTESIAN_POINT('',(-2.300314960630E-1,-5.472440944882E-2,
7.677165354331E-2));
#5006=DIRECTION('',(-1.E0,0.E0,0.E0));
#5007=DIRECTION('',(0.E0,-1.E0,0.E0));
#5008=AXIS2_PLACEMENT_3D('',#5005,#5006,#5007);
#5009=PLANE('',#5008);
#5011=ORIENTED_EDGE('',*,*,#5010,.F.);
#5012=ORIENTED_EDGE('',*,*,#4414,.T.);
#5013=ORIENTED_EDGE('',*,*,#4999,.T.);
#5014=ORIENTED_EDGE('',*,*,#4099,.F.);
#5015=EDGE_LOOP('',(#5011,#5012,#5013,#5014));
#5016=FACE_OUTER_BOUND('',#5015,.F.);
#5017=ADVANCED_FACE('',(#5016),#5009,.T.);
#5018=CARTESIAN_POINT('',(-2.300314960630E-1,-7.874015748031E-3,
7.677165354331E-2));
#5019=DIRECTION('',(-1.E0,0.E0,0.E0));
#5020=DIRECTION('',(0.E0,-1.E0,0.E0));
#5021=AXIS2_PLACEMENT_3D('',#5018,#5019,#5020);
#5022=PLANE('',#5021);
#5023=ORIENTED_EDGE('',*,*,#4416,.T.);
#5024=ORIENTED_EDGE('',*,*,#5010,.T.);
#5025=ORIENTED_EDGE('',*,*,#4097,.F.);
#5027=ORIENTED_EDGE('',*,*,#5026,.F.);
#5028=EDGE_LOOP('',(#5023,#5024,#5025,#5027));
#5029=FACE_OUTER_BOUND('',#5028,.F.);
#5030=ADVANCED_FACE('',(#5029),#5022,.T.);
#5031=CARTESIAN_POINT('',(-2.300314960630E-1,5.567769930603E-3,
7.446540772588E-2));
#5032=DIRECTION('',(1.E0,0.E0,0.E0));
#5033=DIRECTION('',(0.E0,1.E0,0.E0));
#5034=AXIS2_PLACEMENT_3D('',#5031,#5032,#5033);
#5035=PLANE('',#5034);
#5037=ORIENTED_EDGE('',*,*,#5036,.F.);
#5039=ORIENTED_EDGE('',*,*,#5038,.F.);
#5040=ORIENTED_EDGE('',*,*,#5026,.T.);
#5041=EDGE_LOOP('',(#5037,#5039,#5040));
#5042=FACE_OUTER_BOUND('',#5041,.F.);
#5043=ADVANCED_FACE('',(#5042),#5035,.F.);
#5044=CARTESIAN_POINT('',(-2.300314960630E-1,7.874015748031E-3,
6.251968503937E-2));
#5045=DIRECTION('',(-1.E0,0.E0,0.E0));
#5046=DIRECTION('',(0.E0,0.E0,1.E0));
#5047=AXIS2_PLACEMENT_3D('',#5044,#5045,#5046);
#5048=PLANE('',#5047);
#5050=ORIENTED_EDGE('',*,*,#5049,.T.);
#5051=ORIENTED_EDGE('',*,*,#5036,.T.);
#5052=ORIENTED_EDGE('',*,*,#4062,.F.);
#5054=ORIENTED_EDGE('',*,*,#5053,.F.);
#5055=EDGE_LOOP('',(#5050,#5051,#5052,#5054));
#5056=FACE_OUTER_BOUND('',#5055,.F.);
#5057=ADVANCED_FACE('',(#5056),#5048,.T.);
#5058=CARTESIAN_POINT('',(2.300314960630E-1,1.574803149606E-2,
-8.464566929134E-2));
#5059=DIRECTION('',(0.E0,1.E0,0.E0));
#5060=DIRECTION('',(-1.E0,0.E0,0.E0));
#5061=AXIS2_PLACEMENT_3D('',#5058,#5059,#5060);
#5062=PLANE('',#5061);
#5064=ORIENTED_EDGE('',*,*,#5063,.T.);
#5066=ORIENTED_EDGE('',*,*,#5065,.T.);
#5067=ORIENTED_EDGE('',*,*,#5049,.F.);
#5069=ORIENTED_EDGE('',*,*,#5068,.F.);
#5071=ORIENTED_EDGE('',*,*,#5070,.F.);
#5073=ORIENTED_EDGE('',*,*,#5072,.F.);
#5075=ORIENTED_EDGE('',*,*,#5074,.T.);
#5076=ORIENTED_EDGE('',*,*,#3785,.T.);
#5077=EDGE_LOOP('',(#5064,#5066,#5067,#5069,#5071,#5073,#5075,#5076));
#5078=FACE_OUTER_BOUND('',#5077,.F.);
#5080=ORIENTED_EDGE('',*,*,#5079,.T.);
#5082=ORIENTED_EDGE('',*,*,#5081,.T.);
#5084=ORIENTED_EDGE('',*,*,#5083,.T.);
#5086=ORIENTED_EDGE('',*,*,#5085,.T.);
#5087=EDGE_LOOP('',(#5080,#5082,#5084,#5086));
#5088=FACE_BOUND('',#5087,.F.);
#5089=ADVANCED_FACE('',(#5078,#5088),#5062,.T.);
#5090=CARTESIAN_POINT('',(2.300314960630E-1,7.874015748031E-3,
6.251968503937E-2));
#5091=DIRECTION('',(-1.E0,0.E0,0.E0));
#5092=DIRECTION('',(0.E0,0.E0,1.E0));
#5093=AXIS2_PLACEMENT_3D('',#5090,#5091,#5092);
#5094=PLANE('',#5093);
#5095=ORIENTED_EDGE('',*,*,#5063,.F.);
#5096=ORIENTED_EDGE('',*,*,#3802,.T.);
#5097=ORIENTED_EDGE('',*,*,#4051,.T.);
#5099=ORIENTED_EDGE('',*,*,#5098,.F.);
#5100=EDGE_LOOP('',(#5095,#5096,#5097,#5099));
#5101=FACE_OUTER_BOUND('',#5100,.F.);
#5102=ADVANCED_FACE('',(#5101),#5094,.F.);
#5103=CARTESIAN_POINT('',(2.300314960630E-1,5.567769930603E-3,
7.446540772588E-2));
#5104=DIRECTION('',(1.E0,0.E0,0.E0));
#5105=DIRECTION('',(0.E0,1.E0,0.E0));
#5106=AXIS2_PLACEMENT_3D('',#5103,#5104,#5105);
#5107=PLANE('',#5106);
#5109=ORIENTED_EDGE('',*,*,#5108,.F.);
#5111=ORIENTED_EDGE('',*,*,#5110,.T.);
#5112=ORIENTED_EDGE('',*,*,#5098,.T.);
#5113=EDGE_LOOP('',(#5109,#5111,#5112));
#5114=FACE_OUTER_BOUND('',#5113,.F.);
#5115=ADVANCED_FACE('',(#5114),#5107,.T.);
#5116=CARTESIAN_POINT('',(2.300314960630E-1,-7.874015748031E-3,
7.677165354331E-2));
#5117=DIRECTION('',(-1.E0,0.E0,0.E0));
#5118=DIRECTION('',(0.E0,-1.E0,0.E0));
#5119=AXIS2_PLACEMENT_3D('',#5116,#5117,#5118);
#5120=PLANE('',#5119);
#5121=ORIENTED_EDGE('',*,*,#4420,.F.);
#5122=ORIENTED_EDGE('',*,*,#5108,.T.);
#5123=ORIENTED_EDGE('',*,*,#4094,.T.);
#5125=ORIENTED_EDGE('',*,*,#5124,.F.);
#5126=EDGE_LOOP('',(#5121,#5122,#5123,#5125));
#5127=FACE_OUTER_BOUND('',#5126,.F.);
#5128=ADVANCED_FACE('',(#5127),#5120,.F.);
#5129=CARTESIAN_POINT('',(2.300314960630E-1,-5.472440944882E-2,
7.677165354331E-2));
#5130=DIRECTION('',(1.E0,0.E0,0.E0));
#5131=DIRECTION('',(0.E0,1.E0,0.E0));
#5132=AXIS2_PLACEMENT_3D('',#5129,#5130,#5131);
#5133=PLANE('',#5132);
#5134=ORIENTED_EDGE('',*,*,#5124,.T.);
#5135=ORIENTED_EDGE('',*,*,#4092,.F.);
#5136=ORIENTED_EDGE('',*,*,#4171,.F.);
#5137=ORIENTED_EDGE('',*,*,#4422,.T.);
#5138=EDGE_LOOP('',(#5134,#5135,#5136,#5137));
#5139=FACE_OUTER_BOUND('',#5138,.F.);
#5140=ADVANCED_FACE('',(#5139),#5133,.T.);
#5141=CARTESIAN_POINT('',(2.300314960630E-1,0.E0,6.889763779528E-2));
#5142=DIRECTION('',(-1.E0,0.E0,0.E0));
#5143=DIRECTION('',(0.E0,0.E0,1.E0));
#5144=AXIS2_PLACEMENT_3D('',#5141,#5142,#5143);
#5145=CYLINDRICAL_SURFACE('',#5144,1.574803149606E-2);
#5146=ORIENTED_EDGE('',*,*,#5110,.F.);
#5147=ORIENTED_EDGE('',*,*,#4418,.T.);
#5148=ORIENTED_EDGE('',*,*,#5038,.T.);
#5149=ORIENTED_EDGE('',*,*,#5065,.F.);
#5150=EDGE_LOOP('',(#5146,#5147,#5148,#5149));
#5151=FACE_OUTER_BOUND('',#5150,.F.);
#5152=ADVANCED_FACE('',(#5151),#5145,.T.);
#5153=CARTESIAN_POINT('',(-2.300314960630E-1,-2.251968503937E-3,
-8.464566929134E-2));
#5154=DIRECTION('',(0.E0,0.E0,1.E0));
#5155=DIRECTION('',(1.E0,0.E0,0.E0));
#5156=AXIS2_PLACEMENT_3D('',#5153,#5154,#5155);
#5157=CYLINDRICAL_SURFACE('',#5156,1.8E-2);
#5159=ORIENTED_EDGE('',*,*,#5158,.T.);
#5161=ORIENTED_EDGE('',*,*,#5160,.F.);
#5163=ORIENTED_EDGE('',*,*,#5162,.F.);
#5164=ORIENTED_EDGE('',*,*,#5068,.T.);
#5165=EDGE_LOOP('',(#5159,#5161,#5163,#5164));
#5166=FACE_OUTER_BOUND('',#5165,.F.);
#5167=ADVANCED_FACE('',(#5166),#5157,.T.);
#5168=CARTESIAN_POINT('',(-2.371916481937E-1,4.908183626818E-3,
5.614173228346E-2));
#5169=DIRECTION('',(0.E0,0.E0,-1.E0));
#5170=DIRECTION('',(-1.E0,0.E0,0.E0));
#5171=AXIS2_PLACEMENT_3D('',#5168,#5169,#5170);
#5172=PLANE('',#5171);
#5173=ORIENTED_EDGE('',*,*,#5158,.F.);
#5174=ORIENTED_EDGE('',*,*,#5053,.T.);
#5176=ORIENTED_EDGE('',*,*,#5175,.T.);
#5178=ORIENTED_EDGE('',*,*,#5177,.F.);
#5179=EDGE_LOOP('',(#5173,#5174,#5176,#5178));
#5180=FACE_OUTER_BOUND('',#5179,.F.);
#5181=ADVANCED_FACE('',(#5180),#5172,.F.);
#5182=CARTESIAN_POINT('',(-2.300314960630E-1,-2.251968503937E-3,
-8.464566929134E-2));
#5183=DIRECTION('',(0.E0,0.E0,1.E0));
#5184=DIRECTION('',(1.E0,0.E0,0.E0));
#5185=AXIS2_PLACEMENT_3D('',#5182,#5183,#5184);
#5186=CYLINDRICAL_SURFACE('',#5185,2.251968503937E-3);
#5187=ORIENTED_EDGE('',*,*,#5175,.F.);
#5188=ORIENTED_EDGE('',*,*,#4060,.F.);
#5190=ORIENTED_EDGE('',*,*,#5189,.T.);
#5192=ORIENTED_EDGE('',*,*,#5191,.T.);
#5193=EDGE_LOOP('',(#5187,#5188,#5190,#5192));
#5194=FACE_OUTER_BOUND('',#5193,.F.);
#5195=ADVANCED_FACE('',(#5194),#5186,.F.);
#5196=CARTESIAN_POINT('',(-2.371916481937E-1,4.908183626818E-3,
-5.614173228346E-2));
#5197=DIRECTION('',(0.E0,0.E0,-1.E0));
#5198=DIRECTION('',(-1.E0,0.E0,0.E0));
#5199=AXIS2_PLACEMENT_3D('',#5196,#5197,#5198);
#5200=PLANE('',#5199);
#5201=ORIENTED_EDGE('',*,*,#5162,.T.);
#5203=ORIENTED_EDGE('',*,*,#5202,.T.);
#5204=ORIENTED_EDGE('',*,*,#5189,.F.);
#5206=ORIENTED_EDGE('',*,*,#5205,.F.);
#5207=EDGE_LOOP('',(#5201,#5203,#5204,#5206));
#5208=FACE_OUTER_BOUND('',#5207,.F.);
#5209=ADVANCED_FACE('',(#5208),#5200,.T.);
#5210=CARTESIAN_POINT('',(-2.401574803150E-1,-9.E-3,-5.614173228346E-2));
#5211=DIRECTION('',(0.E0,0.E0,-1.E0));
#5212=DIRECTION('',(0.E0,-1.E0,0.E0));
#5213=AXIS2_PLACEMENT_3D('',#5210,#5211,#5212);
#5214=PLANE('',#5213);
#5216=ORIENTED_EDGE('',*,*,#5215,.T.);
#5218=ORIENTED_EDGE('',*,*,#5217,.T.);
#5220=ORIENTED_EDGE('',*,*,#5219,.F.);
#5221=ORIENTED_EDGE('',*,*,#5202,.F.);
#5222=EDGE_LOOP('',(#5216,#5218,#5220,#5221));
#5223=FACE_OUTER_BOUND('',#5222,.F.);
#5224=ADVANCED_FACE('',(#5223),#5214,.T.);
#5225=CARTESIAN_POINT('',(-2.480314960630E-1,-2.251968503937E-3,
-8.464566929134E-2));
#5226=DIRECTION('',(-1.E0,0.E0,0.E0));
#5227=DIRECTION('',(0.E0,-1.E0,0.E0));
#5228=AXIS2_PLACEMENT_3D('',#5225,#5226,#5227);
#5229=PLANE('',#5228);
#5231=ORIENTED_EDGE('',*,*,#5230,.F.);
#5233=ORIENTED_EDGE('',*,*,#5232,.F.);
#5235=ORIENTED_EDGE('',*,*,#5234,.F.);
#5237=ORIENTED_EDGE('',*,*,#5236,.T.);
#5238=ORIENTED_EDGE('',*,*,#5215,.F.);
#5239=ORIENTED_EDGE('',*,*,#5160,.T.);
#5241=ORIENTED_EDGE('',*,*,#5240,.T.);
#5243=ORIENTED_EDGE('',*,*,#5242,.F.);
#5245=ORIENTED_EDGE('',*,*,#5244,.T.);
#5247=ORIENTED_EDGE('',*,*,#5246,.F.);
#5249=ORIENTED_EDGE('',*,*,#5248,.F.);
#5251=ORIENTED_EDGE('',*,*,#5250,.F.);
#5253=ORIENTED_EDGE('',*,*,#5252,.T.);
#5255=ORIENTED_EDGE('',*,*,#5254,.T.);
#5257=ORIENTED_EDGE('',*,*,#5256,.T.);
#5259=ORIENTED_EDGE('',*,*,#5258,.T.);
#5261=ORIENTED_EDGE('',*,*,#5260,.T.);
#5263=ORIENTED_EDGE('',*,*,#5262,.T.);
#5265=ORIENTED_EDGE('',*,*,#5264,.T.);
#5267=ORIENTED_EDGE('',*,*,#5266,.F.);
#5268=EDGE_LOOP('',(#5231,#5233,#5235,#5237,#5238,#5239,#5241,#5243,#5245,#5247,
#5249,#5251,#5253,#5255,#5257,#5259,#5261,#5263,#5265,#5267));
#5269=FACE_OUTER_BOUND('',#5268,.F.);
#5270=ADVANCED_FACE('',(#5269),#5229,.T.);
#5271=CARTESIAN_POINT('',(-2.401574803150E-1,-1.692913385827E-1,
-3.307129503366E-2));
#5272=DIRECTION('',(1.E0,0.E0,0.E0));
#5273=DIRECTION('',(0.E0,0.E0,-1.E0));
#5274=AXIS2_PLACEMENT_3D('',#5271,#5272,#5273);
#5275=CYLINDRICAL_SURFACE('',#5274,1.5E-2);
#5276=ORIENTED_EDGE('',*,*,#5230,.T.);
#5278=ORIENTED_EDGE('',*,*,#5277,.T.);
#5280=ORIENTED_EDGE('',*,*,#5279,.F.);
#5282=ORIENTED_EDGE('',*,*,#5281,.F.);
#5283=EDGE_LOOP('',(#5276,#5278,#5280,#5282));
#5284=FACE_OUTER_BOUND('',#5283,.F.);
#5285=ADVANCED_FACE('',(#5284),#5275,.F.);
#5286=CARTESIAN_POINT('',(-2.401574803150E-1,-1.692913385827E-1,
-5.132283464567E-2));
#5287=DIRECTION('',(0.E0,-1.E0,0.E0));
#5288=DIRECTION('',(0.E0,0.E0,1.E0));
#5289=AXIS2_PLACEMENT_3D('',#5286,#5287,#5288);
#5290=PLANE('',#5289);
#5291=ORIENTED_EDGE('',*,*,#5277,.F.);
#5292=ORIENTED_EDGE('',*,*,#5266,.T.);
#5294=ORIENTED_EDGE('',*,*,#5293,.T.);
#5296=ORIENTED_EDGE('',*,*,#5295,.F.);
#5297=EDGE_LOOP('',(#5291,#5292,#5294,#5296));
#5298=FACE_OUTER_BOUND('',#5297,.F.);
#5299=ADVANCED_FACE('',(#5298),#5290,.T.);
#5300=CARTESIAN_POINT('',(-2.401574803150E-1,-1.973616062698E-1,
-2.074006585083E-2));
#5301=DIRECTION('',(0.E0,-9.715275786381E-2,9.952694819191E-1));
#5302=DIRECTION('',(0.E0,9.952694819191E-1,9.715275786381E-2));
#5303=AXIS2_PLACEMENT_3D('',#5300,#5301,#5302);
#5304=PLANE('',#5303);
#5305=ORIENTED_EDGE('',*,*,#5264,.F.);
#5307=ORIENTED_EDGE('',*,*,#5306,.T.);
#5309=ORIENTED_EDGE('',*,*,#5308,.T.);
#5310=ORIENTED_EDGE('',*,*,#5293,.F.);
#5311=EDGE_LOOP('',(#5305,#5307,#5309,#5310));
#5312=FACE_OUTER_BOUND('',#5311,.F.);
#5313=ADVANCED_FACE('',(#5312),#5304,.F.);
#5314=CARTESIAN_POINT('',(-2.401574803150E-1,-2.283464566929E-1,
6.377952755906E-3));
#5315=DIRECTION('',(1.E0,0.E0,0.E0));
#5316=DIRECTION('',(0.E0,-3.043458825696E-1,-9.525615905352E-1));
#5317=AXIS2_PLACEMENT_3D('',#5314,#5315,#5316);
#5318=CYLINDRICAL_SURFACE('',#5317,3.E-2);
#5319=ORIENTED_EDGE('',*,*,#5262,.F.);
#5321=ORIENTED_EDGE('',*,*,#5320,.T.);
#5323=ORIENTED_EDGE('',*,*,#5322,.T.);
#5324=ORIENTED_EDGE('',*,*,#5306,.F.);
#5325=EDGE_LOOP('',(#5319,#5321,#5323,#5324));
#5326=FACE_OUTER_BOUND('',#5325,.F.);
#5327=ADVANCED_FACE('',(#5326),#5318,.T.);
#5328=CARTESIAN_POINT('',(-2.401574803150E-1,-2.543282714080E-1,
-1.681481702329E-2));
#5329=DIRECTION('',(0.E0,3.043458825696E-1,9.525615905352E-1));
#5330=DIRECTION('',(0.E0,9.525615905352E-1,-3.043458825696E-1));
#5331=AXIS2_PLACEMENT_3D('',#5328,#5329,#5330);
#5332=PLANE('',#5331);
#5333=ORIENTED_EDGE('',*,*,#5260,.F.);
#5335=ORIENTED_EDGE('',*,*,#5334,.T.);
#5337=ORIENTED_EDGE('',*,*,#5336,.T.);
#5338=ORIENTED_EDGE('',*,*,#5320,.F.);
#5339=EDGE_LOOP('',(#5333,#5335,#5337,#5338));
#5340=FACE_OUTER_BOUND('',#5339,.F.);
#5341=ADVANCED_FACE('',(#5340),#5332,.F.);
#5342=CARTESIAN_POINT('',(-2.401574803150E-1,-2.675275590551E-1,0.E0));
#5343=DIRECTION('',(1.E0,0.E0,0.E0));
#5344=DIRECTION('',(0.E0,-3.043458825696E-1,9.525615905352E-1));
#5345=AXIS2_PLACEMENT_3D('',#5342,#5343,#5344);
#5346=CYLINDRICAL_SURFACE('',#5345,1.2E-2);
#5347=ORIENTED_EDGE('',*,*,#5258,.F.);
#5349=ORIENTED_EDGE('',*,*,#5348,.T.);
#5351=ORIENTED_EDGE('',*,*,#5350,.T.);
#5352=ORIENTED_EDGE('',*,*,#5334,.F.);
#5353=EDGE_LOOP('',(#5347,#5349,#5351,#5352));
#5354=FACE_OUTER_BOUND('',#5353,.F.);
#5355=ADVANCED_FACE('',(#5354),#5346,.T.);
#5356=CARTESIAN_POINT('',(-2.401574803150E-1,-2.543282714080E-1,
1.681481702329E-2));
#5357=DIRECTION('',(0.E0,3.043458825696E-1,-9.525615905352E-1));
#5358=DIRECTION('',(0.E0,-9.525615905352E-1,-3.043458825696E-1));
#5359=AXIS2_PLACEMENT_3D('',#5356,#5357,#5358);
#5360=PLANE('',#5359);
#5361=ORIENTED_EDGE('',*,*,#5256,.F.);
#5363=ORIENTED_EDGE('',*,*,#5362,.T.);
#5365=ORIENTED_EDGE('',*,*,#5364,.T.);
#5366=ORIENTED_EDGE('',*,*,#5348,.F.);
#5367=EDGE_LOOP('',(#5361,#5363,#5365,#5366));
#5368=FACE_OUTER_BOUND('',#5367,.F.);
#5369=ADVANCED_FACE('',(#5368),#5360,.F.);
#5370=CARTESIAN_POINT('',(-2.401574803150E-1,-2.283464566929E-1,
-6.377952755906E-3));
#5371=DIRECTION('',(1.E0,0.E0,0.E0));
#5372=DIRECTION('',(0.E0,9.715275786381E-2,9.952694819191E-1));
#5373=AXIS2_PLACEMENT_3D('',#5370,#5371,#5372);
#5374=CYLINDRICAL_SURFACE('',#5373,3.E-2);
#5375=ORIENTED_EDGE('',*,*,#5254,.F.);
#5377=ORIENTED_EDGE('',*,*,#5376,.T.);
#5379=ORIENTED_EDGE('',*,*,#5378,.T.);
#5380=ORIENTED_EDGE('',*,*,#5362,.F.);
#5381=EDGE_LOOP('',(#5375,#5377,#5379,#5380));
#5382=FACE_OUTER_BOUND('',#5381,.F.);
#5383=ADVANCED_FACE('',(#5382),#5374,.T.);
#5384=CARTESIAN_POINT('',(-2.401574803150E-1,-1.973616062698E-1,
2.074006585083E-2));
#5385=DIRECTION('',(0.E0,-9.715275786381E-2,-9.952694819191E-1));
#5386=DIRECTION('',(0.E0,-9.952694819191E-1,9.715275786381E-2));
#5387=AXIS2_PLACEMENT_3D('',#5384,#5385,#5386);
#5388=PLANE('',#5387);
#5389=ORIENTED_EDGE('',*,*,#5252,.F.);
#5391=ORIENTED_EDGE('',*,*,#5390,.T.);
#5393=ORIENTED_EDGE('',*,*,#5392,.T.);
#5394=ORIENTED_EDGE('',*,*,#5376,.F.);
#5395=EDGE_LOOP('',(#5389,#5391,#5393,#5394));
#5396=FACE_OUTER_BOUND('',#5395,.F.);
#5397=ADVANCED_FACE('',(#5396),#5388,.F.);
#5398=CARTESIAN_POINT('',(-2.401574803150E-1,-1.692913385827E-1,
5.132283464567E-2));
#5399=DIRECTION('',(0.E0,-1.E0,0.E0));
#5400=DIRECTION('',(0.E0,0.E0,1.E0));
#5401=AXIS2_PLACEMENT_3D('',#5398,#5399,#5400);
#5402=PLANE('',#5401);
#5404=ORIENTED_EDGE('',*,*,#5403,.T.);
#5406=ORIENTED_EDGE('',*,*,#5405,.F.);
#5407=ORIENTED_EDGE('',*,*,#5390,.F.);
#5408=ORIENTED_EDGE('',*,*,#5250,.T.);
#5409=EDGE_LOOP('',(#5404,#5406,#5407,#5408));
#5410=FACE_OUTER_BOUND('',#5409,.F.);
#5411=ADVANCED_FACE('',(#5410),#5402,.T.);
#5412=CARTESIAN_POINT('',(-2.401574803150E-1,-1.692913385827E-1,
3.307129503366E-2));
#5413=DIRECTION('',(1.E0,0.E0,0.E0));
#5414=DIRECTION('',(0.E0,0.E0,-1.E0));
#5415=AXIS2_PLACEMENT_3D('',#5412,#5413,#5414);
#5416=CYLINDRICAL_SURFACE('',#5415,1.5E-2);
#5417=ORIENTED_EDGE('',*,*,#5248,.T.);
#5419=ORIENTED_EDGE('',*,*,#5418,.T.);
#5421=ORIENTED_EDGE('',*,*,#5420,.F.);
#5422=ORIENTED_EDGE('',*,*,#5403,.F.);
#5423=EDGE_LOOP('',(#5417,#5419,#5421,#5422));
#5424=FACE_OUTER_BOUND('',#5423,.F.);
#5425=ADVANCED_FACE('',(#5424),#5416,.F.);
#5426=CARTESIAN_POINT('',(-2.401574803150E-1,-1.692913385827E-1,
5.132283464567E-2));
#5427=DIRECTION('',(0.E0,-1.E0,0.E0));
#5428=DIRECTION('',(0.E0,0.E0,1.E0));
#5429=AXIS2_PLACEMENT_3D('',#5426,#5427,#5428);
#5430=PLANE('',#5429);
#5431=ORIENTED_EDGE('',*,*,#5418,.F.);
#5432=ORIENTED_EDGE('',*,*,#5246,.T.);
#5434=ORIENTED_EDGE('',*,*,#5433,.T.);
#5436=ORIENTED_EDGE('',*,*,#5435,.F.);
#5437=EDGE_LOOP('',(#5431,#5432,#5434,#5436));
#5438=FACE_OUTER_BOUND('',#5437,.F.);
#5439=ADVANCED_FACE('',(#5438),#5430,.T.);
#5440=CARTESIAN_POINT('',(-2.401574803150E-1,-8.577165354331E-2,
8.464566929134E-2));
#5441=DIRECTION('',(0.E0,0.E0,-1.E0));
#5442=DIRECTION('',(0.E0,-1.E0,0.E0));
#5443=AXIS2_PLACEMENT_3D('',#5440,#5441,#5442);
#5444=PLANE('',#5443);
#5446=ORIENTED_EDGE('',*,*,#5445,.T.);
#5448=ORIENTED_EDGE('',*,*,#5447,.T.);
#5449=ORIENTED_EDGE('',*,*,#5433,.F.);
#5450=ORIENTED_EDGE('',*,*,#5244,.F.);
#5451=EDGE_LOOP('',(#5446,#5448,#5449,#5450));
#5452=FACE_OUTER_BOUND('',#5451,.F.);
#5453=ADVANCED_FACE('',(#5452),#5444,.F.);
#5454=CARTESIAN_POINT('',(-2.401574803150E-1,-1.574803149606E-2,
7.039370078740E-2));
#5455=DIRECTION('',(0.E0,1.E0,0.E0));
#5456=DIRECTION('',(0.E0,0.E0,-1.E0));
#5457=AXIS2_PLACEMENT_3D('',#5454,#5455,#5456);
#5458=PLANE('',#5457);
#5459=ORIENTED_EDGE('',*,*,#5242,.T.);
#5461=ORIENTED_EDGE('',*,*,#5460,.T.);
#5463=ORIENTED_EDGE('',*,*,#5462,.F.);
#5464=ORIENTED_EDGE('',*,*,#5445,.F.);
#5465=EDGE_LOOP('',(#5459,#5461,#5463,#5464));
#5466=FACE_OUTER_BOUND('',#5465,.F.);
#5467=ADVANCED_FACE('',(#5466),#5458,.T.);
#5468=CARTESIAN_POINT('',(-2.401574803150E-1,-9.E-3,5.614173228346E-2));
#5469=DIRECTION('',(0.E0,0.E0,-1.E0));
#5470=DIRECTION('',(0.E0,-1.E0,0.E0));
#5471=AXIS2_PLACEMENT_3D('',#5468,#5469,#5470);
#5472=PLANE('',#5471);
#5473=ORIENTED_EDGE('',*,*,#5240,.F.);
#5474=ORIENTED_EDGE('',*,*,#5177,.T.);
#5476=ORIENTED_EDGE('',*,*,#5475,.T.);
#5477=ORIENTED_EDGE('',*,*,#5460,.F.);
#5478=EDGE_LOOP('',(#5473,#5474,#5476,#5477));
#5479=FACE_OUTER_BOUND('',#5478,.F.);
#5480=ADVANCED_FACE('',(#5479),#5472,.F.);
#5481=CARTESIAN_POINT('',(-2.322834645669E-1,-2.251968503937E-3,
-8.464566929134E-2));
#5482=DIRECTION('',(-1.E0,0.E0,0.E0));
#5483=DIRECTION('',(0.E0,-1.E0,0.E0));
#5484=AXIS2_PLACEMENT_3D('',#5481,#5482,#5483);
#5485=PLANE('',#5484);
#5486=ORIENTED_EDGE('',*,*,#5279,.T.);
#5487=ORIENTED_EDGE('',*,*,#5295,.T.);
#5488=ORIENTED_EDGE('',*,*,#5308,.F.);
#5489=ORIENTED_EDGE('',*,*,#5322,.F.);
#5490=ORIENTED_EDGE('',*,*,#5336,.F.);
#5491=ORIENTED_EDGE('',*,*,#5350,.F.);
#5492=ORIENTED_EDGE('',*,*,#5364,.F.);
#5493=ORIENTED_EDGE('',*,*,#5378,.F.);
#5494=ORIENTED_EDGE('',*,*,#5392,.F.);
#5495=ORIENTED_EDGE('',*,*,#5405,.T.);
#5496=ORIENTED_EDGE('',*,*,#5420,.T.);
#5497=ORIENTED_EDGE('',*,*,#5435,.T.);
#5498=ORIENTED_EDGE('',*,*,#5447,.F.);
#5499=ORIENTED_EDGE('',*,*,#5462,.T.);
#5500=ORIENTED_EDGE('',*,*,#5475,.F.);
#5501=ORIENTED_EDGE('',*,*,#5191,.F.);
#5502=ORIENTED_EDGE('',*,*,#5219,.T.);
#5504=ORIENTED_EDGE('',*,*,#5503,.F.);
#5506=ORIENTED_EDGE('',*,*,#5505,.T.);
#5508=ORIENTED_EDGE('',*,*,#5507,.T.);
#5509=EDGE_LOOP('',(#5486,#5487,#5488,#5489,#5490,#5491,#5492,#5493,#5494,#5495,
#5496,#5497,#5498,#5499,#5500,#5501,#5502,#5504,#5506,#5508));
#5510=FACE_OUTER_BOUND('',#5509,.F.);
#5511=ADVANCED_FACE('',(#5510),#5485,.F.);
#5512=CARTESIAN_POINT('',(-2.401574803150E-1,-1.574803149606E-2,
-7.039370078740E-2));
#5513=DIRECTION('',(0.E0,-1.E0,0.E0));
#5514=DIRECTION('',(0.E0,0.E0,1.E0));
#5515=AXIS2_PLACEMENT_3D('',#5512,#5513,#5514);
#5516=PLANE('',#5515);
#5517=ORIENTED_EDGE('',*,*,#5236,.F.);
#5519=ORIENTED_EDGE('',*,*,#5518,.T.);
#5520=ORIENTED_EDGE('',*,*,#5503,.T.);
#5521=ORIENTED_EDGE('',*,*,#5217,.F.);
#5522=EDGE_LOOP('',(#5517,#5519,#5520,#5521));
#5523=FACE_OUTER_BOUND('',#5522,.F.);
#5524=ADVANCED_FACE('',(#5523),#5516,.F.);
#5525=CARTESIAN_POINT('',(-2.401574803150E-1,-8.577165354331E-2,
-8.464566929134E-2));
#5526=DIRECTION('',(0.E0,0.E0,-1.E0));
#5527=DIRECTION('',(0.E0,-1.E0,0.E0));
#5528=AXIS2_PLACEMENT_3D('',#5525,#5526,#5527);
#5529=PLANE('',#5528);
#5530=ORIENTED_EDGE('',*,*,#5518,.F.);
#5531=ORIENTED_EDGE('',*,*,#5234,.T.);
#5533=ORIENTED_EDGE('',*,*,#5532,.T.);
#5534=ORIENTED_EDGE('',*,*,#5505,.F.);
#5535=EDGE_LOOP('',(#5530,#5531,#5533,#5534));
#5536=FACE_OUTER_BOUND('',#5535,.F.);
#5537=ADVANCED_FACE('',(#5536),#5529,.T.);
#5538=CARTESIAN_POINT('',(-2.401574803150E-1,-1.692913385827E-1,
-5.132283464567E-2));
#5539=DIRECTION('',(0.E0,-1.E0,0.E0));
#5540=DIRECTION('',(0.E0,0.E0,1.E0));
#5541=AXIS2_PLACEMENT_3D('',#5538,#5539,#5540);
#5542=PLANE('',#5541);
#5543=ORIENTED_EDGE('',*,*,#5281,.T.);
#5544=ORIENTED_EDGE('',*,*,#5507,.F.);
#5545=ORIENTED_EDGE('',*,*,#5532,.F.);
#5546=ORIENTED_EDGE('',*,*,#5232,.T.);
#5547=EDGE_LOOP('',(#5543,#5544,#5545,#5546));
#5548=FACE_OUTER_BOUND('',#5547,.F.);
#5549=ADVANCED_FACE('',(#5548),#5542,.T.);
#5550=CARTESIAN_POINT('',(-2.300314960630E-1,7.874015748031E-3,
-7.039370078740E-2));
#5551=DIRECTION('',(-1.E0,0.E0,0.E0));
#5552=DIRECTION('',(0.E0,0.E0,1.E0));
#5553=AXIS2_PLACEMENT_3D('',#5550,#5551,#5552);
#5554=PLANE('',#5553);
#5555=ORIENTED_EDGE('',*,*,#5070,.T.);
#5556=ORIENTED_EDGE('',*,*,#5205,.T.);
#5557=ORIENTED_EDGE('',*,*,#4058,.F.);
#5559=ORIENTED_EDGE('',*,*,#5558,.F.);
#5560=EDGE_LOOP('',(#5555,#5556,#5557,#5559));
#5561=FACE_OUTER_BOUND('',#5560,.F.);
#5562=ADVANCED_FACE('',(#5561),#5554,.T.);
#5563=CARTESIAN_POINT('',(-2.300314960630E-1,5.567769930603E-3,
-7.446540772588E-2));
#5564=DIRECTION('',(-1.E0,0.E0,0.E0));
#5565=DIRECTION('',(0.E0,1.E0,0.E0));
#5566=AXIS2_PLACEMENT_3D('',#5563,#5564,#5565);
#5567=PLANE('',#5566);
#5569=ORIENTED_EDGE('',*,*,#5568,.T.);
#5570=ORIENTED_EDGE('',*,*,#5558,.T.);
#5572=ORIENTED_EDGE('',*,*,#5571,.F.);
#5573=EDGE_LOOP('',(#5569,#5570,#5572));
#5574=FACE_OUTER_BOUND('',#5573,.F.);
#5575=ADVANCED_FACE('',(#5574),#5567,.T.);
#5576=CARTESIAN_POINT('',(2.300314960630E-1,0.E0,-6.889763779528E-2));
#5577=DIRECTION('',(1.E0,0.E0,0.E0));
#5578=DIRECTION('',(0.E0,0.E0,-1.E0));
#5579=AXIS2_PLACEMENT_3D('',#5576,#5577,#5578);
#5580=CYLINDRICAL_SURFACE('',#5579,1.574803149606E-2);
#5581=ORIENTED_EDGE('',*,*,#4881,.F.);
#5583=ORIENTED_EDGE('',*,*,#5582,.T.);
#5584=ORIENTED_EDGE('',*,*,#5072,.T.);
#5585=ORIENTED_EDGE('',*,*,#5568,.F.);
#5586=EDGE_LOOP('',(#5581,#5583,#5584,#5585));
#5587=FACE_OUTER_BOUND('',#5586,.F.);
#5588=ADVANCED_FACE('',(#5587),#5580,.T.);
#5589=CARTESIAN_POINT('',(2.300314960630E-1,5.567769930603E-3,
-7.446540772588E-2));
#5590=DIRECTION('',(-1.E0,0.E0,0.E0));
#5591=DIRECTION('',(0.E0,1.E0,0.E0));
#5592=AXIS2_PLACEMENT_3D('',#5589,#5590,#5591);
#5593=PLANE('',#5592);
#5594=ORIENTED_EDGE('',*,*,#5582,.F.);
#5596=ORIENTED_EDGE('',*,*,#5595,.T.);
#5598=ORIENTED_EDGE('',*,*,#5597,.F.);
#5599=EDGE_LOOP('',(#5594,#5596,#5598));
#5600=FACE_OUTER_BOUND('',#5599,.F.);
#5601=ADVANCED_FACE('',(#5600),#5593,.F.);
#5602=CARTESIAN_POINT('',(2.300314960630E-1,-5.472440944882E-2,
-7.677165354331E-2));
#5603=DIRECTION('',(-1.E0,0.E0,0.E0));
#5604=DIRECTION('',(0.E0,1.E0,0.E0));
#5605=AXIS2_PLACEMENT_3D('',#5602,#5603,#5604);
#5606=PLANE('',#5605);
#5607=ORIENTED_EDGE('',*,*,#4879,.F.);
#5609=ORIENTED_EDGE('',*,*,#5608,.T.);
#5611=ORIENTED_EDGE('',*,*,#5610,.T.);
#5612=ORIENTED_EDGE('',*,*,#5595,.F.);
#5613=EDGE_LOOP('',(#5607,#5609,#5611,#5612));
#5614=FACE_OUTER_BOUND('',#5613,.F.);
#5615=ADVANCED_FACE('',(#5614),#5606,.F.);
#5616=CARTESIAN_POINT('',(2.085196850394E-1,-1.094488188976E-1,
-7.677165354331E-2));
#5617=DIRECTION('',(0.E0,1.E0,0.E0));
#5618=DIRECTION('',(1.E0,0.E0,0.E0));
#5619=AXIS2_PLACEMENT_3D('',#5616,#5617,#5618);
#5620=PLANE('',#5619);
#5621=ORIENTED_EDGE('',*,*,#4185,.F.);
#5623=ORIENTED_EDGE('',*,*,#5622,.T.);
#5624=ORIENTED_EDGE('',*,*,#5608,.F.);
#5625=ORIENTED_EDGE('',*,*,#4877,.F.);
#5626=EDGE_LOOP('',(#5621,#5623,#5624,#5625));
#5627=FACE_OUTER_BOUND('',#5626,.F.);
#5628=ADVANCED_FACE('',(#5627),#5620,.F.);
#5629=CARTESIAN_POINT('',(1.207205291339E-1,1.574803149606E-2,
-6.889763779528E-2));
#5630=DIRECTION('',(0.E0,0.E0,1.E0));
#5631=DIRECTION('',(-1.E0,0.E0,0.E0));
#5632=AXIS2_PLACEMENT_3D('',#5629,#5630,#5631);
#5633=PLANE('',#5632);
#5634=ORIENTED_EDGE('',*,*,#4234,.T.);
#5636=ORIENTED_EDGE('',*,*,#5635,.F.);
#5638=ORIENTED_EDGE('',*,*,#5637,.F.);
#5640=ORIENTED_EDGE('',*,*,#5639,.T.);
#5642=ORIENTED_EDGE('',*,*,#5641,.F.);
#5644=ORIENTED_EDGE('',*,*,#5643,.F.);
#5645=ORIENTED_EDGE('',*,*,#4226,.T.);
#5647=ORIENTED_EDGE('',*,*,#5646,.F.);
#5649=ORIENTED_EDGE('',*,*,#5648,.F.);
#5651=ORIENTED_EDGE('',*,*,#5650,.T.);
#5653=ORIENTED_EDGE('',*,*,#5652,.F.);
#5655=ORIENTED_EDGE('',*,*,#5654,.F.);
#5656=ORIENTED_EDGE('',*,*,#4218,.T.);
#5657=ORIENTED_EDGE('',*,*,#4972,.F.);
#5659=ORIENTED_EDGE('',*,*,#5658,.F.);
#5660=ORIENTED_EDGE('',*,*,#4056,.F.);
#5661=ORIENTED_EDGE('',*,*,#5610,.F.);
#5662=ORIENTED_EDGE('',*,*,#5622,.F.);
#5663=EDGE_LOOP('',(#5634,#5636,#5638,#5640,#5642,#5644,#5645,#5647,#5649,#5651,
#5653,#5655,#5656,#5657,#5659,#5660,#5661,#5662));
#5664=FACE_OUTER_BOUND('',#5663,.F.);
#5665=ADVANCED_FACE('',(#5664),#5633,.T.);
#5666=CARTESIAN_POINT('',(2.085196850394E-1,-1.094488188976E-1,
-7.677165354331E-2));
#5667=DIRECTION('',(0.E0,1.E0,0.E0));
#5668=DIRECTION('',(1.E0,0.E0,0.E0));
#5669=AXIS2_PLACEMENT_3D('',#5666,#5667,#5668);
#5670=PLANE('',#5669);
#5672=ORIENTED_EDGE('',*,*,#5671,.T.);
#5673=ORIENTED_EDGE('',*,*,#4871,.F.);
#5675=ORIENTED_EDGE('',*,*,#5674,.T.);
#5676=ORIENTED_EDGE('',*,*,#5635,.T.);
#5677=EDGE_LOOP('',(#5672,#5673,#5675,#5676));
#5678=FACE_OUTER_BOUND('',#5677,.F.);
#5679=ADVANCED_FACE('',(#5678),#5670,.F.);
#5680=CARTESIAN_POINT('',(1.889763779528E-1,-1.417322834646E-1,
-6.496062992126E-2));
#5681=DIRECTION('',(1.E0,0.E0,0.E0));
#5682=DIRECTION('',(0.E0,0.E0,-1.E0));
#5683=AXIS2_PLACEMENT_3D('',#5680,#5681,#5682);
#5684=PLANE('',#5683);
#5685=ORIENTED_EDGE('',*,*,#5671,.F.);
#5686=ORIENTED_EDGE('',*,*,#4232,.T.);
#5688=ORIENTED_EDGE('',*,*,#5687,.F.);
#5689=ORIENTED_EDGE('',*,*,#4543,.F.);
#5690=ORIENTED_EDGE('',*,*,#4873,.T.);
#5691=EDGE_LOOP('',(#5685,#5686,#5688,#5689,#5690));
#5692=FACE_OUTER_BOUND('',#5691,.F.);
#5693=ADVANCED_FACE('',(#5692),#5684,.F.);
#5694=CARTESIAN_POINT('',(1.515748031496E-1,-1.417322834646E-1,
-6.496062992126E-2));
#5695=DIRECTION('',(0.E0,0.E0,1.E0));
#5696=DIRECTION('',(1.E0,0.E0,0.E0));
#5697=AXIS2_PLACEMENT_3D('',#5694,#5695,#5696);
#5698=PLANE('',#5697);
#5699=ORIENTED_EDGE('',*,*,#4545,.T.);
#5700=ORIENTED_EDGE('',*,*,#5687,.T.);
#5701=ORIENTED_EDGE('',*,*,#4230,.F.);
#5703=ORIENTED_EDGE('',*,*,#5702,.F.);
#5704=EDGE_LOOP('',(#5699,#5700,#5701,#5703));
#5705=FACE_OUTER_BOUND('',#5704,.F.);
#5706=ADVANCED_FACE('',(#5705),#5698,.F.);
#5707=CARTESIAN_POINT('',(1.515748031496E-1,-1.417322834646E-1,
-8.464566929134E-2));
#5708=DIRECTION('',(-1.E0,0.E0,0.E0));
#5709=DIRECTION('',(0.E0,0.E0,1.E0));
#5710=AXIS2_PLACEMENT_3D('',#5707,#5708,#5709);
#5711=PLANE('',#5710);
#5713=ORIENTED_EDGE('',*,*,#5712,.T.);
#5714=ORIENTED_EDGE('',*,*,#4861,.F.);
#5715=ORIENTED_EDGE('',*,*,#4547,.T.);
#5716=ORIENTED_EDGE('',*,*,#5702,.T.);
#5717=ORIENTED_EDGE('',*,*,#4228,.F.);
#5718=EDGE_LOOP('',(#5713,#5714,#5715,#5716,#5717));
#5719=FACE_OUTER_BOUND('',#5718,.F.);
#5720=ADVANCED_FACE('',(#5719),#5711,.F.);
#5721=CARTESIAN_POINT('',(-9.842519684912E-6,-1.094488188976E-1,
-7.677165354331E-2));
#5722=DIRECTION('',(0.E0,1.E0,0.E0));
#5723=DIRECTION('',(1.E0,0.E0,0.E0));
#5724=AXIS2_PLACEMENT_3D('',#5721,#5722,#5723);
#5725=PLANE('',#5724);
#5726=ORIENTED_EDGE('',*,*,#5712,.F.);
#5727=ORIENTED_EDGE('',*,*,#5643,.T.);
#5729=ORIENTED_EDGE('',*,*,#5728,.F.);
#5730=ORIENTED_EDGE('',*,*,#4863,.F.);
#5731=EDGE_LOOP('',(#5726,#5727,#5729,#5730));
#5732=FACE_OUTER_BOUND('',#5731,.F.);
#5733=ADVANCED_FACE('',(#5732),#5725,.F.);
#5734=CARTESIAN_POINT('',(1.544881889764E-1,-1.406889763780E-1,
-7.677165354331E-2));
#5735=DIRECTION('',(1.E0,0.E0,0.E0));
#5736=DIRECTION('',(0.E0,-1.E0,0.E0));
#5737=AXIS2_PLACEMENT_3D('',#5734,#5735,#5736);
#5738=PLANE('',#5737);
#5740=ORIENTED_EDGE('',*,*,#5739,.T.);
#5741=ORIENTED_EDGE('',*,*,#4865,.F.);
#5742=ORIENTED_EDGE('',*,*,#5728,.T.);
#5743=ORIENTED_EDGE('',*,*,#5641,.T.);
#5744=EDGE_LOOP('',(#5740,#5741,#5742,#5743));
#5745=FACE_OUTER_BOUND('',#5744,.F.);
#5746=ADVANCED_FACE('',(#5745),#5738,.F.);
#5747=CARTESIAN_POINT('',(1.544881889764E-1,-1.406889763780E-1,
-7.677165354331E-2));
#5748=DIRECTION('',(1.E0,0.E0,0.E0));
#5749=DIRECTION('',(0.E0,-1.E0,0.E0));
#5750=AXIS2_PLACEMENT_3D('',#5747,#5748,#5749);
#5751=PLANE('',#5750);
#5753=ORIENTED_EDGE('',*,*,#5752,.T.);
#5755=ORIENTED_EDGE('',*,*,#5754,.F.);
#5756=ORIENTED_EDGE('',*,*,#5739,.F.);
#5758=ORIENTED_EDGE('',*,*,#5757,.T.);
#5759=EDGE_LOOP('',(#5753,#5755,#5756,#5758));
#5760=FACE_OUTER_BOUND('',#5759,.F.);
#5761=ADVANCED_FACE('',(#5760),#5751,.F.);
#5762=CARTESIAN_POINT('',(1.544881889764E-1,-1.515748031496E-1,
-7.893857544645E-2));
#5763=DIRECTION('',(1.E0,0.E0,0.E0));
#5764=DIRECTION('',(0.E0,0.E0,1.E0));
#5765=AXIS2_PLACEMENT_3D('',#5762,#5763,#5764);
#5766=PLANE('',#5765);
#5767=ORIENTED_EDGE('',*,*,#5752,.F.);
#5769=ORIENTED_EDGE('',*,*,#5768,.T.);
#5771=ORIENTED_EDGE('',*,*,#5770,.F.);
#5773=ORIENTED_EDGE('',*,*,#5772,.F.);
#5774=EDGE_LOOP('',(#5767,#5769,#5771,#5773));
#5775=FACE_OUTER_BOUND('',#5774,.F.);
#5776=ADVANCED_FACE('',(#5775),#5766,.F.);
#5777=CARTESIAN_POINT('',(1.207205291339E-1,-1.437007874016E-1,
-2.353755833205E-1));
#5778=DIRECTION('',(0.E0,1.E0,0.E0));
#5779=DIRECTION('',(-1.E0,0.E0,0.E0));
#5780=AXIS2_PLACEMENT_3D('',#5777,#5778,#5779);
#5781=PLANE('',#5780);
#5783=ORIENTED_EDGE('',*,*,#5782,.F.);
#5785=ORIENTED_EDGE('',*,*,#5784,.F.);
#5787=ORIENTED_EDGE('',*,*,#5786,.F.);
#5788=ORIENTED_EDGE('',*,*,#5768,.F.);
#5789=EDGE_LOOP('',(#5783,#5785,#5787,#5788));
#5790=FACE_OUTER_BOUND('',#5789,.F.);
#5791=ADVANCED_FACE('',(#5790),#5781,.T.);
#5792=CARTESIAN_POINT('',(-1.870078740157E-1,-1.417322834646E-1,
-6.692913385827E-2));
#5793=DIRECTION('',(1.E0,0.E0,0.E0));
#5794=DIRECTION('',(0.E0,0.E0,1.E0));
#5795=AXIS2_PLACEMENT_3D('',#5792,#5793,#5794);
#5796=CYLINDRICAL_SURFACE('',#5795,1.968503937008E-3);
#5797=ORIENTED_EDGE('',*,*,#5782,.T.);
#5798=ORIENTED_EDGE('',*,*,#5757,.F.);
#5799=ORIENTED_EDGE('',*,*,#5639,.F.);
#5801=ORIENTED_EDGE('',*,*,#5800,.F.);
#5802=EDGE_LOOP('',(#5797,#5798,#5799,#5801));
#5803=FACE_OUTER_BOUND('',#5802,.F.);
#5804=ADVANCED_FACE('',(#5803),#5796,.F.);
#5805=CARTESIAN_POINT('',(1.870078740157E-1,-1.406889763780E-1,
-7.677165354331E-2));
#5806=DIRECTION('',(-1.E0,0.E0,0.E0));
#5807=DIRECTION('',(0.E0,1.E0,0.E0));
#5808=AXIS2_PLACEMENT_3D('',#5805,#5806,#5807);
#5809=PLANE('',#5808);
#5811=ORIENTED_EDGE('',*,*,#5810,.F.);
#5812=ORIENTED_EDGE('',*,*,#5800,.T.);
#5814=ORIENTED_EDGE('',*,*,#5813,.T.);
#5816=ORIENTED_EDGE('',*,*,#5815,.F.);
#5817=EDGE_LOOP('',(#5811,#5812,#5814,#5816));
#5818=FACE_OUTER_BOUND('',#5817,.F.);
#5819=ADVANCED_FACE('',(#5818),#5809,.F.);
#5820=CARTESIAN_POINT('',(1.870078740157E-1,-1.515748031496E-1,
-7.893857544645E-2));
#5821=DIRECTION('',(-1.E0,0.E0,0.E0));
#5822=DIRECTION('',(0.E0,0.E0,-1.E0));
#5823=AXIS2_PLACEMENT_3D('',#5820,#5821,#5822);
#5824=PLANE('',#5823);
#5825=ORIENTED_EDGE('',*,*,#5810,.T.);
#5827=ORIENTED_EDGE('',*,*,#5826,.F.);
#5829=ORIENTED_EDGE('',*,*,#5828,.T.);
#5830=ORIENTED_EDGE('',*,*,#5784,.T.);
#5831=EDGE_LOOP('',(#5825,#5827,#5829,#5830));
#5832=FACE_OUTER_BOUND('',#5831,.F.);
#5833=ADVANCED_FACE('',(#5832),#5824,.F.);
#5834=CARTESIAN_POINT('',(1.207205291339E-1,-1.594488188976E-1,
-2.353755833205E-1));
#5835=DIRECTION('',(0.E0,1.E0,0.E0));
#5836=DIRECTION('',(-1.E0,0.E0,0.E0));
#5837=AXIS2_PLACEMENT_3D('',#5834,#5835,#5836);
#5838=PLANE('',#5837);
#5840=ORIENTED_EDGE('',*,*,#5839,.T.);
#5841=ORIENTED_EDGE('',*,*,#5772,.T.);
#5843=ORIENTED_EDGE('',*,*,#5842,.T.);
#5844=ORIENTED_EDGE('',*,*,#5826,.T.);
#5845=EDGE_LOOP('',(#5840,#5841,#5843,#5844));
#5846=FACE_OUTER_BOUND('',#5845,.F.);
#5847=ADVANCED_FACE('',(#5846),#5838,.F.);
#5848=CARTESIAN_POINT('',(-1.870078740157E-1,-1.417322834646E-1,
-6.692913385827E-2));
#5849=DIRECTION('',(1.E0,0.E0,0.E0));
#5850=DIRECTION('',(0.E0,0.E0,1.E0));
#5851=AXIS2_PLACEMENT_3D('',#5848,#5849,#5850);
#5852=CYLINDRICAL_SURFACE('',#5851,1.771653543307E-2);
#5853=ORIENTED_EDGE('',*,*,#5839,.F.);
#5854=ORIENTED_EDGE('',*,*,#5815,.T.);
#5855=ORIENTED_EDGE('',*,*,#4867,.T.);
#5856=ORIENTED_EDGE('',*,*,#5754,.T.);
#5857=EDGE_LOOP('',(#5853,#5854,#5855,#5856));
#5858=FACE_OUTER_BOUND('',#5857,.F.);
#5859=ADVANCED_FACE('',(#5858),#5852,.T.);
#5860=CARTESIAN_POINT('',(1.707480314961E-1,-1.515748031496E-1,
-4.769841796613E-2));
#5861=DIRECTION('',(0.E0,1.E0,0.E0));
#5862=DIRECTION('',(-1.E0,0.E0,0.E0));
#5863=AXIS2_PLACEMENT_3D('',#5860,#5861,#5862);
#5864=CYLINDRICAL_SURFACE('',#5863,1.625984251969E-2);
#5865=ORIENTED_EDGE('',*,*,#5842,.F.);
#5866=ORIENTED_EDGE('',*,*,#5770,.T.);
#5867=ORIENTED_EDGE('',*,*,#5786,.T.);
#5868=ORIENTED_EDGE('',*,*,#5828,.F.);
#5869=EDGE_LOOP('',(#5865,#5866,#5867,#5868));
#5870=FACE_OUTER_BOUND('',#5869,.F.);
#5871=ADVANCED_FACE('',(#5870),#5864,.T.);
#5872=CARTESIAN_POINT('',(1.870078740157E-1,-1.406889763780E-1,
-7.677165354331E-2));
#5873=DIRECTION('',(-1.E0,0.E0,0.E0));
#5874=DIRECTION('',(0.E0,1.E0,0.E0));
#5875=AXIS2_PLACEMENT_3D('',#5872,#5873,#5874);
#5876=PLANE('',#5875);
#5877=ORIENTED_EDGE('',*,*,#5813,.F.);
#5878=ORIENTED_EDGE('',*,*,#5637,.T.);
#5879=ORIENTED_EDGE('',*,*,#5674,.F.);
#5880=ORIENTED_EDGE('',*,*,#4869,.F.);
#5881=EDGE_LOOP('',(#5877,#5878,#5879,#5880));
#5882=FACE_OUTER_BOUND('',#5881,.F.);
#5883=ADVANCED_FACE('',(#5882),#5876,.F.);
#5884=CARTESIAN_POINT('',(-9.842519684912E-6,-1.094488188976E-1,
-7.677165354331E-2));
#5885=DIRECTION('',(0.E0,1.E0,0.E0));
#5886=DIRECTION('',(1.E0,0.E0,0.E0));
#5887=AXIS2_PLACEMENT_3D('',#5884,#5885,#5886);
#5888=PLANE('',#5887);
#5890=ORIENTED_EDGE('',*,*,#5889,.T.);
#5891=ORIENTED_EDGE('',*,*,#4856,.F.);
#5893=ORIENTED_EDGE('',*,*,#5892,.T.);
#5894=ORIENTED_EDGE('',*,*,#5646,.T.);
#5895=EDGE_LOOP('',(#5890,#5891,#5893,#5894));
#5896=FACE_OUTER_BOUND('',#5895,.F.);
#5897=ADVANCED_FACE('',(#5896),#5888,.F.);
#5898=CARTESIAN_POINT('',(-1.515748031496E-1,-1.417322834646E-1,
-6.496062992126E-2));
#5899=DIRECTION('',(1.E0,0.E0,0.E0));
#5900=DIRECTION('',(0.E0,0.E0,-1.E0));
#5901=AXIS2_PLACEMENT_3D('',#5898,#5899,#5900);
#5902=PLANE('',#5901);
#5903=ORIENTED_EDGE('',*,*,#5889,.F.);
#5904=ORIENTED_EDGE('',*,*,#4224,.T.);
#5906=ORIENTED_EDGE('',*,*,#5905,.F.);
#5907=ORIENTED_EDGE('',*,*,#4551,.F.);
#5908=ORIENTED_EDGE('',*,*,#4858,.T.);
#5909=EDGE_LOOP('',(#5903,#5904,#5906,#5907,#5908));
#5910=FACE_OUTER_BOUND('',#5909,.F.);
#5911=ADVANCED_FACE('',(#5910),#5902,.F.);
#5912=CARTESIAN_POINT('',(-1.889763779528E-1,-1.417322834646E-1,
-6.496062992126E-2));
#5913=DIRECTION('',(0.E0,0.E0,1.E0));
#5914=DIRECTION('',(1.E0,0.E0,0.E0));
#5915=AXIS2_PLACEMENT_3D('',#5912,#5913,#5914);
#5916=PLANE('',#5915);
#5917=ORIENTED_EDGE('',*,*,#4553,.T.);
#5918=ORIENTED_EDGE('',*,*,#5905,.T.);
#5919=ORIENTED_EDGE('',*,*,#4222,.F.);
#5921=ORIENTED_EDGE('',*,*,#5920,.F.);
#5922=EDGE_LOOP('',(#5917,#5918,#5919,#5921));
#5923=FACE_OUTER_BOUND('',#5922,.F.);
#5924=ADVANCED_FACE('',(#5923),#5916,.F.);
#5925=CARTESIAN_POINT('',(-1.889763779528E-1,-1.417322834646E-1,
-8.464566929134E-2));
#5926=DIRECTION('',(-1.E0,0.E0,0.E0));
#5927=DIRECTION('',(0.E0,0.E0,1.E0));
#5928=AXIS2_PLACEMENT_3D('',#5925,#5926,#5927);
#5929=PLANE('',#5928);
#5931=ORIENTED_EDGE('',*,*,#5930,.T.);
#5932=ORIENTED_EDGE('',*,*,#4846,.F.);
#5933=ORIENTED_EDGE('',*,*,#4555,.T.);
#5934=ORIENTED_EDGE('',*,*,#5920,.T.);
#5935=ORIENTED_EDGE('',*,*,#4220,.F.);
#5936=EDGE_LOOP('',(#5931,#5932,#5933,#5934,#5935));
#5937=FACE_OUTER_BOUND('',#5936,.F.);
#5938=ADVANCED_FACE('',(#5937),#5929,.F.);
#5939=CARTESIAN_POINT('',(-2.085196850394E-1,-1.094488188976E-1,
-7.677165354331E-2));
#5940=DIRECTION('',(0.E0,1.E0,0.E0));
#5941=DIRECTION('',(1.E0,0.E0,0.E0));
#5942=AXIS2_PLACEMENT_3D('',#5939,#5940,#5941);
#5943=PLANE('',#5942);
#5944=ORIENTED_EDGE('',*,*,#5930,.F.);
#5945=ORIENTED_EDGE('',*,*,#5654,.T.);
#5947=ORIENTED_EDGE('',*,*,#5946,.F.);
#5948=ORIENTED_EDGE('',*,*,#4848,.F.);
#5949=EDGE_LOOP('',(#5944,#5945,#5947,#5948));
#5950=FACE_OUTER_BOUND('',#5949,.F.);
#5951=ADVANCED_FACE('',(#5950),#5943,.F.);
#5952=CARTESIAN_POINT('',(-1.870078740157E-1,-1.406889763780E-1,
-7.677165354331E-2));
#5953=DIRECTION('',(1.E0,0.E0,0.E0));
#5954=DIRECTION('',(0.E0,-1.E0,0.E0));
#5955=AXIS2_PLACEMENT_3D('',#5952,#5953,#5954);
#5956=PLANE('',#5955);
#5958=ORIENTED_EDGE('',*,*,#5957,.T.);
#5959=ORIENTED_EDGE('',*,*,#4850,.F.);
#5960=ORIENTED_EDGE('',*,*,#5946,.T.);
#5961=ORIENTED_EDGE('',*,*,#5652,.T.);
#5962=EDGE_LOOP('',(#5958,#5959,#5960,#5961));
#5963=FACE_OUTER_BOUND('',#5962,.F.);
#5964=ADVANCED_FACE('',(#5963),#5956,.F.);
#5965=CARTESIAN_POINT('',(-1.870078740157E-1,-1.406889763780E-1,
-7.677165354331E-2));
#5966=DIRECTION('',(1.E0,0.E0,0.E0));
#5967=DIRECTION('',(0.E0,-1.E0,0.E0));
#5968=AXIS2_PLACEMENT_3D('',#5965,#5966,#5967);
#5969=PLANE('',#5968);
#5971=ORIENTED_EDGE('',*,*,#5970,.T.);
#5973=ORIENTED_EDGE('',*,*,#5972,.F.);
#5974=ORIENTED_EDGE('',*,*,#5957,.F.);
#5976=ORIENTED_EDGE('',*,*,#5975,.T.);
#5977=EDGE_LOOP('',(#5971,#5973,#5974,#5976));
#5978=FACE_OUTER_BOUND('',#5977,.F.);
#5979=ADVANCED_FACE('',(#5978),#5969,.F.);
#5980=CARTESIAN_POINT('',(-1.870078740157E-1,-1.515748031496E-1,
-7.893857544645E-2));
#5981=DIRECTION('',(1.E0,0.E0,0.E0));
#5982=DIRECTION('',(0.E0,0.E0,1.E0));
#5983=AXIS2_PLACEMENT_3D('',#5980,#5981,#5982);
#5984=PLANE('',#5983);
#5985=ORIENTED_EDGE('',*,*,#5970,.F.);
#5987=ORIENTED_EDGE('',*,*,#5986,.T.);
#5989=ORIENTED_EDGE('',*,*,#5988,.F.);
#5991=ORIENTED_EDGE('',*,*,#5990,.F.);
#5992=EDGE_LOOP('',(#5985,#5987,#5989,#5991));
#5993=FACE_OUTER_BOUND('',#5992,.F.);
#5994=ADVANCED_FACE('',(#5993),#5984,.F.);
#5995=CARTESIAN_POINT('',(1.207205291339E-1,-1.437007874016E-1,
-2.353755833205E-1));
#5996=DIRECTION('',(0.E0,1.E0,0.E0));
#5997=DIRECTION('',(-1.E0,0.E0,0.E0));
#5998=AXIS2_PLACEMENT_3D('',#5995,#5996,#5997);
#5999=PLANE('',#5998);
#6001=ORIENTED_EDGE('',*,*,#6000,.F.);
#6003=ORIENTED_EDGE('',*,*,#6002,.F.);
#6005=ORIENTED_EDGE('',*,*,#6004,.F.);
#6006=ORIENTED_EDGE('',*,*,#5986,.F.);
#6007=EDGE_LOOP('',(#6001,#6003,#6005,#6006));
#6008=FACE_OUTER_BOUND('',#6007,.F.);
#6009=ADVANCED_FACE('',(#6008),#5999,.T.);
#6010=CARTESIAN_POINT('',(-1.870078740157E-1,-1.417322834646E-1,
-6.692913385827E-2));
#6011=DIRECTION('',(1.E0,0.E0,0.E0));
#6012=DIRECTION('',(0.E0,0.E0,1.E0));
#6013=AXIS2_PLACEMENT_3D('',#6010,#6011,#6012);
#6014=CYLINDRICAL_SURFACE('',#6013,1.968503937008E-3);
#6015=ORIENTED_EDGE('',*,*,#6000,.T.);
#6016=ORIENTED_EDGE('',*,*,#5975,.F.);
#6017=ORIENTED_EDGE('',*,*,#5650,.F.);
#6019=ORIENTED_EDGE('',*,*,#6018,.F.);
#6020=EDGE_LOOP('',(#6015,#6016,#6017,#6019));
#6021=FACE_OUTER_BOUND('',#6020,.F.);
#6022=ADVANCED_FACE('',(#6021),#6014,.F.);
#6023=CARTESIAN_POINT('',(-1.545078740157E-1,-1.406889763780E-1,
-7.677165354331E-2));
#6024=DIRECTION('',(-1.E0,0.E0,0.E0));
#6025=DIRECTION('',(0.E0,1.E0,0.E0));
#6026=AXIS2_PLACEMENT_3D('',#6023,#6024,#6025);
#6027=PLANE('',#6026);
#6029=ORIENTED_EDGE('',*,*,#6028,.F.);
#6030=ORIENTED_EDGE('',*,*,#6018,.T.);
#6032=ORIENTED_EDGE('',*,*,#6031,.T.);
#6034=ORIENTED_EDGE('',*,*,#6033,.F.);
#6035=EDGE_LOOP('',(#6029,#6030,#6032,#6034));
#6036=FACE_OUTER_BOUND('',#6035,.F.);
#6037=ADVANCED_FACE('',(#6036),#6027,.F.);
#6038=CARTESIAN_POINT('',(-1.545078740157E-1,-1.515748031496E-1,
-7.893857544645E-2));
#6039=DIRECTION('',(-1.E0,0.E0,0.E0));
#6040=DIRECTION('',(0.E0,0.E0,-1.E0));
#6041=AXIS2_PLACEMENT_3D('',#6038,#6039,#6040);
#6042=PLANE('',#6041);
#6043=ORIENTED_EDGE('',*,*,#6028,.T.);
#6045=ORIENTED_EDGE('',*,*,#6044,.F.);
#6047=ORIENTED_EDGE('',*,*,#6046,.T.);
#6048=ORIENTED_EDGE('',*,*,#6002,.T.);
#6049=EDGE_LOOP('',(#6043,#6045,#6047,#6048));
#6050=FACE_OUTER_BOUND('',#6049,.F.);
#6051=ADVANCED_FACE('',(#6050),#6042,.F.);
#6052=CARTESIAN_POINT('',(1.207205291339E-1,-1.594488188976E-1,
-2.353755833205E-1));
#6053=DIRECTION('',(0.E0,1.E0,0.E0));
#6054=DIRECTION('',(-1.E0,0.E0,0.E0));
#6055=AXIS2_PLACEMENT_3D('',#6052,#6053,#6054);
#6056=PLANE('',#6055);
#6058=ORIENTED_EDGE('',*,*,#6057,.T.);
#6059=ORIENTED_EDGE('',*,*,#5990,.T.);
#6061=ORIENTED_EDGE('',*,*,#6060,.T.);
#6062=ORIENTED_EDGE('',*,*,#6044,.T.);
#6063=EDGE_LOOP('',(#6058,#6059,#6061,#6062));
#6064=FACE_OUTER_BOUND('',#6063,.F.);
#6065=ADVANCED_FACE('',(#6064),#6056,.F.);
#6066=CARTESIAN_POINT('',(-1.870078740157E-1,-1.417322834646E-1,
-6.692913385827E-2));
#6067=DIRECTION('',(1.E0,0.E0,0.E0));
#6068=DIRECTION('',(0.E0,0.E0,1.E0));
#6069=AXIS2_PLACEMENT_3D('',#6066,#6067,#6068);
#6070=CYLINDRICAL_SURFACE('',#6069,1.771653543307E-2);
#6071=ORIENTED_EDGE('',*,*,#6057,.F.);
#6072=ORIENTED_EDGE('',*,*,#6033,.T.);
#6073=ORIENTED_EDGE('',*,*,#4852,.T.);
#6074=ORIENTED_EDGE('',*,*,#5972,.T.);
#6075=EDGE_LOOP('',(#6071,#6072,#6073,#6074));
#6076=FACE_OUTER_BOUND('',#6075,.F.);
#6077=ADVANCED_FACE('',(#6076),#6070,.T.);
#6078=CARTESIAN_POINT('',(-1.707578740157E-1,-1.515748031496E-1,
-4.769841796613E-2));
#6079=DIRECTION('',(0.E0,1.E0,0.E0));
#6080=DIRECTION('',(-1.E0,0.E0,0.E0));
#6081=AXIS2_PLACEMENT_3D('',#6078,#6079,#6080);
#6082=CYLINDRICAL_SURFACE('',#6081,1.625E-2);
#6083=ORIENTED_EDGE('',*,*,#6060,.F.);
#6084=ORIENTED_EDGE('',*,*,#5988,.T.);
#6085=ORIENTED_EDGE('',*,*,#6004,.T.);
#6086=ORIENTED_EDGE('',*,*,#6046,.F.);
#6087=EDGE_LOOP('',(#6083,#6084,#6085,#6086));
#6088=FACE_OUTER_BOUND('',#6087,.F.);
#6089=ADVANCED_FACE('',(#6088),#6082,.T.);
#6090=CARTESIAN_POINT('',(-1.545078740157E-1,-1.406889763780E-1,
-7.677165354331E-2));
#6091=DIRECTION('',(-1.E0,0.E0,0.E0));
#6092=DIRECTION('',(0.E0,1.E0,0.E0));
#6093=AXIS2_PLACEMENT_3D('',#6090,#6091,#6092);
#6094=PLANE('',#6093);
#6095=ORIENTED_EDGE('',*,*,#6031,.F.);
#6096=ORIENTED_EDGE('',*,*,#5648,.T.);
#6097=ORIENTED_EDGE('',*,*,#5892,.F.);
#6098=ORIENTED_EDGE('',*,*,#4854,.F.);
#6099=EDGE_LOOP('',(#6095,#6096,#6097,#6098));
#6100=FACE_OUTER_BOUND('',#6099,.F.);
#6101=ADVANCED_FACE('',(#6100),#6094,.F.);
#6102=CARTESIAN_POINT('',(-2.300314960630E-1,-5.472440944882E-2,
-7.677165354331E-2));
#6103=DIRECTION('',(1.E0,0.E0,0.E0));
#6104=DIRECTION('',(0.E0,-1.E0,0.E0));
#6105=AXIS2_PLACEMENT_3D('',#6102,#6103,#6104);
#6106=PLANE('',#6105);
#6107=ORIENTED_EDGE('',*,*,#4883,.F.);
#6108=ORIENTED_EDGE('',*,*,#5571,.T.);
#6109=ORIENTED_EDGE('',*,*,#5658,.T.);
#6110=ORIENTED_EDGE('',*,*,#4970,.F.);
#6111=EDGE_LOOP('',(#6107,#6108,#6109,#6110));
#6112=FACE_OUTER_BOUND('',#6111,.F.);
#6113=ADVANCED_FACE('',(#6112),#6106,.F.);
#6114=CARTESIAN_POINT('',(2.300314960630E-1,7.874015748031E-3,
-7.039370078740E-2));
#6115=DIRECTION('',(-1.E0,0.E0,0.E0));
#6116=DIRECTION('',(0.E0,0.E0,1.E0));
#6117=AXIS2_PLACEMENT_3D('',#6114,#6115,#6116);
#6118=PLANE('',#6117);
#6119=ORIENTED_EDGE('',*,*,#5074,.F.);
#6120=ORIENTED_EDGE('',*,*,#5597,.T.);
#6121=ORIENTED_EDGE('',*,*,#4054,.T.);
#6122=ORIENTED_EDGE('',*,*,#3770,.F.);
#6123=EDGE_LOOP('',(#6119,#6120,#6121,#6122));
#6124=FACE_OUTER_BOUND('',#6123,.F.);
#6125=ADVANCED_FACE('',(#6124),#6118,.F.);
#6126=CARTESIAN_POINT('',(1.200787401575E-1,0.E0,-4.330708661417E-2));
#6127=DIRECTION('',(0.E0,0.E0,-1.E0));
#6128=DIRECTION('',(-1.E0,0.E0,0.E0));
#6129=AXIS2_PLACEMENT_3D('',#6126,#6127,#6128);
#6130=PLANE('',#6129);
#6132=ORIENTED_EDGE('',*,*,#6131,.T.);
#6133=ORIENTED_EDGE('',*,*,#4078,.T.);
#6135=ORIENTED_EDGE('',*,*,#6134,.T.);
#6136=ORIENTED_EDGE('',*,*,#5079,.F.);
#6138=ORIENTED_EDGE('',*,*,#6137,.F.);
#6139=EDGE_LOOP('',(#6132,#6133,#6135,#6136,#6138));
#6140=FACE_OUTER_BOUND('',#6139,.F.);
#6141=ADVANCED_FACE('',(#6140),#6130,.F.);
#6142=CARTESIAN_POINT('',(2.283464566929E-1,0.E0,-5.905511811024E-2));
#6143=DIRECTION('',(0.E0,1.E0,0.E0));
#6144=DIRECTION('',(-1.E0,0.E0,0.E0));
#6145=AXIS2_PLACEMENT_3D('',#6142,#6143,#6144);
#6146=PLANE('',#6145);
#6148=ORIENTED_EDGE('',*,*,#6147,.F.);
#6150=ORIENTED_EDGE('',*,*,#6149,.T.);
#6152=ORIENTED_EDGE('',*,*,#6151,.F.);
#6153=ORIENTED_EDGE('',*,*,#6131,.F.);
#6154=EDGE_LOOP('',(#6148,#6150,#6152,#6153));
#6155=FACE_OUTER_BOUND('',#6154,.F.);
#6157=ORIENTED_EDGE('',*,*,#6156,.F.);
#6159=ORIENTED_EDGE('',*,*,#6158,.T.);
#6161=ORIENTED_EDGE('',*,*,#6160,.T.);
#6163=ORIENTED_EDGE('',*,*,#6162,.F.);
#6164=EDGE_LOOP('',(#6157,#6159,#6161,#6163));
#6165=FACE_BOUND('',#6164,.F.);
#6166=ADVANCED_FACE('',(#6155,#6165),#6146,.T.);
#6167=CARTESIAN_POINT('',(1.200787401575E-1,0.E0,4.330708661417E-2));
#6168=DIRECTION('',(1.E0,0.E0,0.E0));
#6169=DIRECTION('',(0.E0,0.E0,-1.E0));
#6170=AXIS2_PLACEMENT_3D('',#6167,#6168,#6169);
#6171=PLANE('',#6170);
#6172=ORIENTED_EDGE('',*,*,#6147,.T.);
#6173=ORIENTED_EDGE('',*,*,#6137,.T.);
#6174=ORIENTED_EDGE('',*,*,#5085,.F.);
#6176=ORIENTED_EDGE('',*,*,#6175,.F.);
#6177=EDGE_LOOP('',(#6172,#6173,#6174,#6176));
#6178=FACE_OUTER_BOUND('',#6177,.F.);
#6179=ADVANCED_FACE('',(#6178),#6171,.F.);
#6180=CARTESIAN_POINT('',(-1.200787401575E-1,0.E0,4.330708661417E-2));
#6181=DIRECTION('',(0.E0,0.E0,1.E0));
#6182=DIRECTION('',(1.E0,0.E0,0.E0));
#6183=AXIS2_PLACEMENT_3D('',#6180,#6181,#6182);
#6184=PLANE('',#6183);
#6185=ORIENTED_EDGE('',*,*,#6149,.F.);
#6186=ORIENTED_EDGE('',*,*,#6175,.T.);
#6187=ORIENTED_EDGE('',*,*,#5083,.F.);
#6189=ORIENTED_EDGE('',*,*,#6188,.F.);
#6190=ORIENTED_EDGE('',*,*,#4074,.T.);
#6191=EDGE_LOOP('',(#6185,#6186,#6187,#6189,#6190));
#6192=FACE_OUTER_BOUND('',#6191,.F.);
#6193=ADVANCED_FACE('',(#6192),#6184,.F.);
#6194=CARTESIAN_POINT('',(-1.200787401575E-1,0.E0,-4.330708661417E-2));
#6195=DIRECTION('',(-1.E0,0.E0,0.E0));
#6196=DIRECTION('',(0.E0,0.E0,1.E0));
#6197=AXIS2_PLACEMENT_3D('',#6194,#6195,#6196);
#6198=PLANE('',#6197);
#6199=ORIENTED_EDGE('',*,*,#5081,.F.);
#6200=ORIENTED_EDGE('',*,*,#6134,.F.);
#6201=ORIENTED_EDGE('',*,*,#4076,.T.);
#6202=ORIENTED_EDGE('',*,*,#6188,.T.);
#6203=EDGE_LOOP('',(#6199,#6200,#6201,#6202));
#6204=FACE_OUTER_BOUND('',#6203,.F.);
#6205=ADVANCED_FACE('',(#6204),#6198,.F.);
#6206=CARTESIAN_POINT('',(-7.086614173228E-2,0.E0,-5.905511811024E-2));
#6207=DIRECTION('',(-1.E0,0.E0,0.E0));
#6208=DIRECTION('',(0.E0,-1.E0,0.E0));
#6209=AXIS2_PLACEMENT_3D('',#6206,#6207,#6208);
#6210=PLANE('',#6209);
#6211=ORIENTED_EDGE('',*,*,#4080,.T.);
#6212=ORIENTED_EDGE('',*,*,#6151,.T.);
#6213=ORIENTED_EDGE('',*,*,#4072,.T.);
#6215=ORIENTED_EDGE('',*,*,#6214,.T.);
#6217=ORIENTED_EDGE('',*,*,#6216,.F.);
#6219=ORIENTED_EDGE('',*,*,#6218,.F.);
#6220=EDGE_LOOP('',(#6211,#6212,#6213,#6215,#6217,#6219));
#6221=FACE_OUTER_BOUND('',#6220,.F.);
#6222=ADVANCED_FACE('',(#6221),#6210,.T.);
#6223=CARTESIAN_POINT('',(7.874015748031E-2,0.E0,5.905511811024E-2));
#6224=DIRECTION('',(0.E0,0.E0,1.E0));
#6225=DIRECTION('',(1.E0,0.E0,0.E0));
#6226=AXIS2_PLACEMENT_3D('',#6223,#6224,#6225);
#6227=PLANE('',#6226);
#6228=ORIENTED_EDGE('',*,*,#4070,.T.);
#6230=ORIENTED_EDGE('',*,*,#6229,.F.);
#6232=ORIENTED_EDGE('',*,*,#6231,.F.);
#6233=ORIENTED_EDGE('',*,*,#6214,.F.);
#6234=EDGE_LOOP('',(#6228,#6230,#6232,#6233));
#6235=FACE_OUTER_BOUND('',#6234,.F.);
#6236=ADVANCED_FACE('',(#6235),#6227,.T.);
#6237=CARTESIAN_POINT('',(2.283464566929E-1,-1.968503937008E-2,
-5.905511811024E-2));
#6238=DIRECTION('',(1.E0,0.E0,0.E0));
#6239=DIRECTION('',(0.E0,1.E0,0.E0));
#6240=AXIS2_PLACEMENT_3D('',#6237,#6238,#6239);
#6241=PLANE('',#6240);
#6242=ORIENTED_EDGE('',*,*,#4068,.F.);
#6244=ORIENTED_EDGE('',*,*,#6243,.F.);
#6246=ORIENTED_EDGE('',*,*,#6245,.T.);
#6247=ORIENTED_EDGE('',*,*,#6229,.T.);
#6248=EDGE_LOOP('',(#6242,#6244,#6246,#6247));
#6249=FACE_OUTER_BOUND('',#6248,.F.);
#6250=ADVANCED_FACE('',(#6249),#6241,.T.);
#6251=CARTESIAN_POINT('',(7.874015748031E-2,0.E0,-5.905511811024E-2));
#6252=DIRECTION('',(0.E0,0.E0,1.E0));
#6253=DIRECTION('',(1.E0,0.E0,0.E0));
#6254=AXIS2_PLACEMENT_3D('',#6251,#6252,#6253);
#6255=PLANE('',#6254);
#6256=ORIENTED_EDGE('',*,*,#4066,.F.);
#6257=ORIENTED_EDGE('',*,*,#6218,.T.);
#6259=ORIENTED_EDGE('',*,*,#6258,.T.);
#6260=ORIENTED_EDGE('',*,*,#6243,.T.);
#6261=EDGE_LOOP('',(#6256,#6257,#6259,#6260));
#6262=FACE_OUTER_BOUND('',#6261,.F.);
#6263=ADVANCED_FACE('',(#6262),#6255,.F.);
#6264=CARTESIAN_POINT('',(-7.086614173228E-2,-1.968503937008E-2,
-5.905511811024E-2));
#6265=DIRECTION('',(0.E0,-1.E0,0.E0));
#6266=DIRECTION('',(1.E0,0.E0,0.E0));
#6267=AXIS2_PLACEMENT_3D('',#6264,#6265,#6266);
#6268=PLANE('',#6267);
#6269=ORIENTED_EDGE('',*,*,#6258,.F.);
#6270=ORIENTED_EDGE('',*,*,#6216,.T.);
#6271=ORIENTED_EDGE('',*,*,#6231,.T.);
#6272=ORIENTED_EDGE('',*,*,#6245,.F.);
#6273=EDGE_LOOP('',(#6269,#6270,#6271,#6272));
#6274=FACE_OUTER_BOUND('',#6273,.F.);
#6275=ADVANCED_FACE('',(#6274),#6268,.T.);
#6276=CARTESIAN_POINT('',(7.874015748031E-2,0.E0,-3.937007874016E-2));
#6277=DIRECTION('',(0.E0,0.E0,1.E0));
#6278=DIRECTION('',(1.E0,0.E0,0.E0));
#6279=AXIS2_PLACEMENT_3D('',#6276,#6277,#6278);
#6280=PLANE('',#6279);
#6281=ORIENTED_EDGE('',*,*,#6156,.T.);
#6283=ORIENTED_EDGE('',*,*,#6282,.T.);
#6285=ORIENTED_EDGE('',*,*,#6284,.T.);
#6287=ORIENTED_EDGE('',*,*,#6286,.T.);
#6289=ORIENTED_EDGE('',*,*,#6288,.T.);
#6291=ORIENTED_EDGE('',*,*,#6290,.T.);
#6293=ORIENTED_EDGE('',*,*,#6292,.T.);
#6294=EDGE_LOOP('',(#6281,#6283,#6285,#6287,#6289,#6291,#6293));
#6295=FACE_OUTER_BOUND('',#6294,.F.);
#6296=ADVANCED_FACE('',(#6295),#6280,.F.);
#6297=CARTESIAN_POINT('',(1.181102362205E-1,0.E0,-3.937007874016E-2));
#6298=DIRECTION('',(1.E0,0.E0,0.E0));
#6299=DIRECTION('',(0.E0,1.E0,0.E0));
#6300=AXIS2_PLACEMENT_3D('',#6297,#6298,#6299);
#6301=PLANE('',#6300);
#6302=ORIENTED_EDGE('',*,*,#6162,.T.);
#6304=ORIENTED_EDGE('',*,*,#6303,.T.);
#6306=ORIENTED_EDGE('',*,*,#6305,.F.);
#6307=ORIENTED_EDGE('',*,*,#6282,.F.);
#6308=EDGE_LOOP('',(#6302,#6304,#6306,#6307));
#6309=FACE_OUTER_BOUND('',#6308,.F.);
#6310=ADVANCED_FACE('',(#6309),#6301,.T.);
#6311=CARTESIAN_POINT('',(7.874015748031E-2,0.E0,3.937007874016E-2));
#6312=DIRECTION('',(0.E0,0.E0,1.E0));
#6313=DIRECTION('',(1.E0,0.E0,0.E0));
#6314=AXIS2_PLACEMENT_3D('',#6311,#6312,#6313);
#6315=PLANE('',#6314);
#6316=ORIENTED_EDGE('',*,*,#6160,.F.);
#6318=ORIENTED_EDGE('',*,*,#6317,.F.);
#6320=ORIENTED_EDGE('',*,*,#6319,.F.);
#6322=ORIENTED_EDGE('',*,*,#6321,.F.);
#6324=ORIENTED_EDGE('',*,*,#6323,.F.);
#6326=ORIENTED_EDGE('',*,*,#6325,.F.);
#6327=ORIENTED_EDGE('',*,*,#6303,.F.);
#6328=EDGE_LOOP('',(#6316,#6318,#6320,#6322,#6324,#6326,#6327));
#6329=FACE_OUTER_BOUND('',#6328,.F.);
#6330=ADVANCED_FACE('',(#6329),#6315,.T.);
#6331=CARTESIAN_POINT('',(3.937007874016E-2,1.732283464567E-1,
-3.937007874016E-2));
#6332=DIRECTION('',(-1.E0,0.E0,0.E0));
#6333=DIRECTION('',(0.E0,-1.E0,0.E0));
#6334=AXIS2_PLACEMENT_3D('',#6331,#6332,#6333);
#6335=PLANE('',#6334);
#6336=ORIENTED_EDGE('',*,*,#6158,.F.);
#6337=ORIENTED_EDGE('',*,*,#6292,.F.);
#6339=ORIENTED_EDGE('',*,*,#6338,.T.);
#6340=ORIENTED_EDGE('',*,*,#6317,.T.);
#6341=EDGE_LOOP('',(#6336,#6337,#6339,#6340));
#6342=FACE_OUTER_BOUND('',#6341,.F.);
#6343=ADVANCED_FACE('',(#6342),#6335,.T.);
#6344=CARTESIAN_POINT('',(5.905511811024E-2,1.732283464567E-1,
-3.937007874016E-2));
#6345=DIRECTION('',(0.E0,1.E0,0.E0));
#6346=DIRECTION('',(-1.E0,0.E0,0.E0));
#6347=AXIS2_PLACEMENT_3D('',#6344,#6345,#6346);
#6348=PLANE('',#6347);
#6349=ORIENTED_EDGE('',*,*,#6290,.F.);
#6351=ORIENTED_EDGE('',*,*,#6350,.T.);
#6352=ORIENTED_EDGE('',*,*,#6319,.T.);
#6353=ORIENTED_EDGE('',*,*,#6338,.F.);
#6354=EDGE_LOOP('',(#6349,#6351,#6352,#6353));
#6355=FACE_OUTER_BOUND('',#6354,.F.);
#6356=ADVANCED_FACE('',(#6355),#6348,.T.);
#6357=CARTESIAN_POINT('',(7.874015748031E-2,1.535433070866E-1,
-3.937007874016E-2));
#6358=DIRECTION('',(7.071067811865E-1,7.071067811865E-1,0.E0));
#6359=DIRECTION('',(-7.071067811865E-1,7.071067811865E-1,0.E0));
#6360=AXIS2_PLACEMENT_3D('',#6357,#6358,#6359);
#6361=PLANE('',#6360);
#6362=ORIENTED_EDGE('',*,*,#6288,.F.);
#6364=ORIENTED_EDGE('',*,*,#6363,.T.);
#6365=ORIENTED_EDGE('',*,*,#6321,.T.);
#6366=ORIENTED_EDGE('',*,*,#6350,.F.);
#6367=EDGE_LOOP('',(#6362,#6364,#6365,#6366));
#6368=FACE_OUTER_BOUND('',#6367,.F.);
#6369=ADVANCED_FACE('',(#6368),#6361,.T.);
#6370=CARTESIAN_POINT('',(9.842519685039E-2,1.732283464567E-1,
-3.937007874016E-2));
#6371=DIRECTION('',(-7.071067811865E-1,7.071067811865E-1,0.E0));
#6372=DIRECTION('',(-7.071067811865E-1,-7.071067811865E-1,0.E0));
#6373=AXIS2_PLACEMENT_3D('',#6370,#6371,#6372);
#6374=PLANE('',#6373);
#6375=ORIENTED_EDGE('',*,*,#6286,.F.);
#6377=ORIENTED_EDGE('',*,*,#6376,.T.);
#6378=ORIENTED_EDGE('',*,*,#6323,.T.);
#6379=ORIENTED_EDGE('',*,*,#6363,.F.);
#6380=EDGE_LOOP('',(#6375,#6377,#6378,#6379));
#6381=FACE_OUTER_BOUND('',#6380,.F.);
#6382=ADVANCED_FACE('',(#6381),#6374,.T.);
#6383=CARTESIAN_POINT('',(1.181102362205E-1,1.732283464567E-1,
-3.937007874016E-2));
#6384=DIRECTION('',(0.E0,1.E0,0.E0));
#6385=DIRECTION('',(-1.E0,0.E0,0.E0));
#6386=AXIS2_PLACEMENT_3D('',#6383,#6384,#6385);
#6387=PLANE('',#6386);
#6388=ORIENTED_EDGE('',*,*,#6284,.F.);
#6389=ORIENTED_EDGE('',*,*,#6305,.T.);
#6390=ORIENTED_EDGE('',*,*,#6325,.T.);
#6391=ORIENTED_EDGE('',*,*,#6376,.F.);
#6392=EDGE_LOOP('',(#6388,#6389,#6390,#6391));
#6393=FACE_OUTER_BOUND('',#6392,.F.);
#6394=ADVANCED_FACE('',(#6393),#6387,.T.);
#6395=CARTESIAN_POINT('',(3.299470322289E-2,-3.697336186977E-2,
-8.464566929134E-2));
#6396=DIRECTION('',(9.799993465698E-1,1.990007053323E-1,0.E0));
#6397=DIRECTION('',(1.990007053323E-1,-9.799993465698E-1,0.E0));
#6398=AXIS2_PLACEMENT_3D('',#6395,#6396,#6397);
#6399=PLANE('',#6398);
#6400=ORIENTED_EDGE('',*,*,#4887,.F.);
#6402=ORIENTED_EDGE('',*,*,#6401,.T.);
#6404=ORIENTED_EDGE('',*,*,#6403,.T.);
#6406=ORIENTED_EDGE('',*,*,#6405,.F.);
#6407=EDGE_LOOP('',(#6400,#6402,#6404,#6406));
#6408=FACE_OUTER_BOUND('',#6407,.F.);
#6409=ADVANCED_FACE('',(#6408),#6399,.F.);
#6410=CARTESIAN_POINT('',(3.304388372697E-2,-3.721740388653E-2,
-8.464566929134E-2));
#6411=CARTESIAN_POINT('',(3.302815156904E-2,-3.713850018393E-2,
-8.464566929134E-2));
#6412=CARTESIAN_POINT('',(3.250150900971E-2,-3.453159612571E-2,
-8.464566929134E-2));
#6413=CARTESIAN_POINT('',(3.138537488384E-2,-2.946073841439E-2,
-8.464566929134E-2));
#6414=CARTESIAN_POINT('',(3.501616710278E-2,-2.961570245561E-2,
-8.464566929134E-2));
#6415=CARTESIAN_POINT('',(3.510778242233E-2,-2.962262770763E-2,
-8.464566929134E-2));
#6417=DIRECTION('',(0.E0,0.E0,-1.E0));
#6418=VECTOR('',#6417,1.E0);
#6419=SURFACE_OF_LINEAR_EXTRUSION('',#6416,#6418);
#6420=ORIENTED_EDGE('',*,*,#4957,.T.);
#6422=ORIENTED_EDGE('',*,*,#6421,.T.);
#6424=ORIENTED_EDGE('',*,*,#6423,.T.);
#6425=ORIENTED_EDGE('',*,*,#6401,.F.);
#6426=EDGE_LOOP('',(#6420,#6422,#6424,#6425));
#6427=FACE_OUTER_BOUND('',#6426,.F.);
#6428=ADVANCED_FACE('',(#6427),#6419,.T.);
#6429=CARTESIAN_POINT('',(3.444012607324E-2,-2.961532149852E-2,
-8.464566929134E-2));
#6430=CARTESIAN_POINT('',(3.457722515840E-2,-2.961149298452E-2,
-8.464566929134E-2));
#6431=CARTESIAN_POINT('',(3.918775776675E-2,-2.956017184235E-2,
-8.464566929134E-2));
#6432=CARTESIAN_POINT('',(4.001784945364E-2,-3.264806840211E-2,
-8.464566929134E-2));
#6433=CARTESIAN_POINT('',(4.368872491735E-2,-4.992990104821E-2,
-8.464566929134E-2));
#6435=DIRECTION('',(0.E0,0.E0,-1.E0));
#6436=VECTOR('',#6435,1.E0);
#6437=SURFACE_OF_LINEAR_EXTRUSION('',#6434,#6436);
#6438=ORIENTED_EDGE('',*,*,#4955,.T.);
#6440=ORIENTED_EDGE('',*,*,#6439,.T.);
#6442=ORIENTED_EDGE('',*,*,#6441,.T.);
#6443=ORIENTED_EDGE('',*,*,#6421,.F.);
#6444=EDGE_LOOP('',(#6438,#6440,#6442,#6443));
#6445=FACE_OUTER_BOUND('',#6444,.F.);
#6446=ADVANCED_FACE('',(#6445),#6437,.T.);
#6447=CARTESIAN_POINT('',(4.351960846190E-2,-4.913453070779E-2,
-8.464566929134E-2));
#6448=CARTESIAN_POINT('',(4.731299360155E-2,-6.694948067760E-2,
-8.464566929134E-2));
#6449=CARTESIAN_POINT('',(4.746521772756E-2,-6.961775125817E-2,
-8.464566929134E-2));
#6450=CARTESIAN_POINT('',(4.305169527360E-2,-6.948749958295E-2,
-8.464566929134E-2));
#6451=CARTESIAN_POINT('',(4.290115746612E-2,-6.948066113173E-2,
-8.464566929134E-2));
#6453=DIRECTION('',(0.E0,0.E0,-1.E0));
#6454=VECTOR('',#6453,1.E0);
#6455=SURFACE_OF_LINEAR_EXTRUSION('',#6452,#6454);
#6456=ORIENTED_EDGE('',*,*,#4953,.T.);
#6458=ORIENTED_EDGE('',*,*,#6457,.T.);
#6460=ORIENTED_EDGE('',*,*,#6459,.T.);
#6461=ORIENTED_EDGE('',*,*,#6439,.F.);
#6462=EDGE_LOOP('',(#6456,#6458,#6460,#6461));
#6463=FACE_OUTER_BOUND('',#6462,.F.);
#6464=ADVANCED_FACE('',(#6463),#6455,.T.);
#6465=CARTESIAN_POINT('',(4.368998184264E-2,-6.948135334067E-2,
-8.464566929134E-2));
#6466=CARTESIAN_POINT('',(4.357059562902E-2,-6.949012014732E-2,
-8.464566929134E-2));
#6467=CARTESIAN_POINT('',(4.074458194441E-2,-6.958534409057E-2,
-8.464566929134E-2));
#6468=CARTESIAN_POINT('',(3.902426038979E-2,-6.674978449871E-2,
-8.464566929134E-2));
#6469=CARTESIAN_POINT('',(3.749552396206E-2,-5.913681221721E-2,
-8.464566929134E-2));
#6470=CARTESIAN_POINT('',(3.747200582989E-2,-5.901839980877E-2,
-8.464566929134E-2));
#6472=DIRECTION('',(0.E0,0.E0,-1.E0));
#6473=VECTOR('',#6472,1.E0);
#6474=SURFACE_OF_LINEAR_EXTRUSION('',#6471,#6473);
#6475=ORIENTED_EDGE('',*,*,#4951,.T.);
#6477=ORIENTED_EDGE('',*,*,#6476,.T.);
#6479=ORIENTED_EDGE('',*,*,#6478,.T.);
#6480=ORIENTED_EDGE('',*,*,#6457,.F.);
#6481=EDGE_LOOP('',(#6475,#6477,#6479,#6480));
#6482=FACE_OUTER_BOUND('',#6481,.F.);
#6483=ADVANCED_FACE('',(#6482),#6474,.T.);
#6484=CARTESIAN_POINT('',(3.660808467522E-2,-5.476782876014E-2,
-8.464566929134E-2));
#6485=DIRECTION('',(9.799993465698E-1,1.990007053323E-1,0.E0));
#6486=DIRECTION('',(1.990007053323E-1,-9.799993465698E-1,0.E0));
#6487=AXIS2_PLACEMENT_3D('',#6484,#6485,#6486);
#6488=PLANE('',#6487);
#6489=ORIENTED_EDGE('',*,*,#4949,.F.);
#6491=ORIENTED_EDGE('',*,*,#6490,.T.);
#6493=ORIENTED_EDGE('',*,*,#6492,.T.);
#6494=ORIENTED_EDGE('',*,*,#6476,.F.);
#6495=EDGE_LOOP('',(#6489,#6491,#6493,#6494));
#6496=FACE_OUTER_BOUND('',#6495,.F.);
#6497=ADVANCED_FACE('',(#6496),#6488,.F.);
#6498=CARTESIAN_POINT('',(2.035529523760E-2,-5.476782876014E-2,
-8.464566929134E-2));
#6499=DIRECTION('',(0.E0,1.E0,0.E0));
#6500=DIRECTION('',(1.E0,0.E0,0.E0));
#6501=AXIS2_PLACEMENT_3D('',#6498,#6499,#6500);
#6502=PLANE('',#6501);
#6503=ORIENTED_EDGE('',*,*,#4947,.F.);
#6505=ORIENTED_EDGE('',*,*,#6504,.T.);
#6507=ORIENTED_EDGE('',*,*,#6506,.T.);
#6508=ORIENTED_EDGE('',*,*,#6490,.F.);
#6509=EDGE_LOOP('',(#6503,#6505,#6507,#6508));
#6510=FACE_OUTER_BOUND('',#6509,.F.);
#6511=ADVANCED_FACE('',(#6510),#6502,.F.);
#6512=CARTESIAN_POINT('',(2.112373700214E-2,-5.855209890060E-2,
-8.464566929134E-2));
#6513=DIRECTION('',(-9.799993465698E-1,-1.990007053323E-1,0.E0));
#6514=DIRECTION('',(-1.990007053323E-1,9.799993465698E-1,0.E0));
#6515=AXIS2_PLACEMENT_3D('',#6512,#6513,#6514);
#6516=PLANE('',#6515);
#6517=ORIENTED_EDGE('',*,*,#4945,.F.);
#6519=ORIENTED_EDGE('',*,*,#6518,.T.);
#6521=ORIENTED_EDGE('',*,*,#6520,.T.);
#6522=ORIENTED_EDGE('',*,*,#6504,.F.);
#6523=EDGE_LOOP('',(#6517,#6519,#6521,#6522));
#6524=FACE_OUTER_BOUND('',#6523,.F.);
#6525=ADVANCED_FACE('',(#6524),#6516,.F.);
#6526=CARTESIAN_POINT('',(2.107636370486E-2,-5.831602899249E-2,
-8.464566929134E-2));
#6527=CARTESIAN_POINT('',(2.109200543769E-2,-5.839490821854E-2,
-8.464566929134E-2));
#6528=CARTESIAN_POINT('',(2.166857737951E-2,-6.126808244730E-2,
-8.464566929134E-2));
#6529=CARTESIAN_POINT('',(2.246868819805E-2,-6.397084633892E-2,
-8.464566929134E-2));
#6530=CARTESIAN_POINT('',(2.345314508865E-2,-6.633378474906E-2,
-8.464566929134E-2));
#6531=CARTESIAN_POINT('',(2.348408485440E-2,-6.640730453791E-2,
-8.464566929134E-2));
#6533=DIRECTION('',(0.E0,0.E0,-1.E0));
#6534=VECTOR('',#6533,1.E0);
#6535=SURFACE_OF_LINEAR_EXTRUSION('',#6532,#6534);
#6536=ORIENTED_EDGE('',*,*,#4943,.T.);
#6538=ORIENTED_EDGE('',*,*,#6537,.T.);
#6540=ORIENTED_EDGE('',*,*,#6539,.T.);
#6541=ORIENTED_EDGE('',*,*,#6518,.F.);
#6542=EDGE_LOOP('',(#6536,#6538,#6540,#6541));
#6543=FACE_OUTER_BOUND('',#6542,.F.);
#6544=ADVANCED_FACE('',(#6543),#6535,.T.);
#6545=CARTESIAN_POINT('',(2.350280267512E-2,-6.638874009861E-2,
-8.464566929134E-2));
#6546=CARTESIAN_POINT('',(2.346637465446E-2,-6.632079187521E-2,
-8.464566929134E-2));
#6547=CARTESIAN_POINT('',(2.288350832497E-2,-6.525543458751E-2,
-8.464566929134E-2));
#6548=CARTESIAN_POINT('',(2.071540508870E-2,-6.230630259560E-2,
-8.464566929134E-2));
#6549=CARTESIAN_POINT('',(1.755027270491E-2,-6.009753134847E-2,
-8.464566929134E-2));
#6550=CARTESIAN_POINT('',(1.510483413680E-2,-5.891369637044E-2,
-8.464566929134E-2));
#6551=CARTESIAN_POINT('',(1.503515020851E-2,-5.888033580279E-2,
-8.464566929134E-2));
#6553=DIRECTION('',(0.E0,0.E0,-1.E0));
#6554=VECTOR('',#6553,1.E0);
#6555=SURFACE_OF_LINEAR_EXTRUSION('',#6552,#6554);
#6556=ORIENTED_EDGE('',*,*,#4941,.T.);
#6558=ORIENTED_EDGE('',*,*,#6557,.T.);
#6560=ORIENTED_EDGE('',*,*,#6559,.T.);
#6561=ORIENTED_EDGE('',*,*,#6537,.F.);
#6562=EDGE_LOOP('',(#6556,#6558,#6560,#6561));
#6563=FACE_OUTER_BOUND('',#6562,.F.);
#6564=ADVANCED_FACE('',(#6563),#6555,.T.);
#6565=CARTESIAN_POINT('',(1.511402862110E-2,-5.917509680181E-2,
-8.464566929134E-2));
#6566=CARTESIAN_POINT('',(1.515750623372E-2,-5.911079360935E-2,
-8.464566929134E-2));
#6567=CARTESIAN_POINT('',(1.677879855578E-2,-5.668506706723E-2,
-8.464566929134E-2));
#6568=CARTESIAN_POINT('',(1.798380922467E-2,-5.374590448216E-2,
-8.464566929134E-2));
#6569=CARTESIAN_POINT('',(1.727815161227E-2,-5.048138818588E-2,
-8.464566929134E-2));
#6570=CARTESIAN_POINT('',(1.726048959486E-2,-5.040435955885E-2,
-8.464566929134E-2));
#6572=DIRECTION('',(0.E0,0.E0,-1.E0));
#6573=VECTOR('',#6572,1.E0);
#6574=SURFACE_OF_LINEAR_EXTRUSION('',#6571,#6573);
#6575=ORIENTED_EDGE('',*,*,#4939,.T.);
#6577=ORIENTED_EDGE('',*,*,#6576,.T.);
#6579=ORIENTED_EDGE('',*,*,#6578,.T.);
#6580=ORIENTED_EDGE('',*,*,#6557,.F.);
#6581=EDGE_LOOP('',(#6575,#6577,#6579,#6580));
#6582=FACE_OUTER_BOUND('',#6581,.F.);
#6583=ADVANCED_FACE('',(#6582),#6574,.T.);
#6584=CARTESIAN_POINT('',(1.735289618038E-2,-5.085577746608E-2,
-8.464566929134E-2));
#6585=CARTESIAN_POINT('',(1.733940367256E-2,-5.078172967448E-2,
-8.464566929134E-2));
#6586=CARTESIAN_POINT('',(1.622413999585E-2,-4.499422530557E-2,
-8.464566929134E-2));
#6587=CARTESIAN_POINT('',(1.074800958533E-2,-4.153017360692E-2,
-8.464566929134E-2));
#6588=CARTESIAN_POINT('',(4.620263593860E-3,-4.158037051270E-2,
-8.464566929134E-2));
#6589=CARTESIAN_POINT('',(4.544925523538E-3,-4.158151210261E-2,
-8.464566929134E-2));
#6591=DIRECTION('',(0.E0,0.E0,-1.E0));
#6592=VECTOR('',#6591,1.E0);
#6593=SURFACE_OF_LINEAR_EXTRUSION('',#6590,#6592);
#6594=ORIENTED_EDGE('',*,*,#4937,.T.);
#6596=ORIENTED_EDGE('',*,*,#6595,.T.);
#6598=ORIENTED_EDGE('',*,*,#6597,.T.);
#6599=ORIENTED_EDGE('',*,*,#6576,.F.);
#6600=EDGE_LOOP('',(#6594,#6596,#6598,#6599));
#6601=FACE_OUTER_BOUND('',#6600,.F.);
#6602=ADVANCED_FACE('',(#6601),#6593,.T.);
#6603=CARTESIAN_POINT('',(5.064498916921E-3,-4.158073398058E-2,
-8.464566929134E-2));
#6604=CARTESIAN_POINT('',(4.966117606146E-3,-4.157989992237E-2,
-8.464566929134E-2));
#6605=CARTESIAN_POINT('',(3.194956861592E-3,-4.157339611104E-2,
-8.464566929134E-2));
#6606=CARTESIAN_POINT('',(2.550315182213E-5,-4.186626909853E-2,
-8.464566929134E-2));
#6607=CARTESIAN_POINT('',(-2.881080804892E-3,-4.307900879633E-2,
-8.464566929134E-2));
#6608=CARTESIAN_POINT('',(-4.453578867825E-3,-4.464863170573E-2,
-8.464566929134E-2));
#6609=CARTESIAN_POINT('',(-5.210139581382E-3,-4.614568943406E-2,
-8.464566929134E-2));
#6610=CARTESIAN_POINT('',(-5.448108272557E-3,-4.768404390184E-2,
-8.464566929134E-2));
#6611=CARTESIAN_POINT('',(-5.382244560030E-3,-4.908581908149E-2,
-8.464566929134E-2));
#6612=CARTESIAN_POINT('',(-5.160206439733E-3,-5.045911185632E-2,
-8.464566929134E-2));
#6613=CARTESIAN_POINT('',(-4.707134841827E-3,-5.199556075647E-2,
-8.464566929134E-2));
#6614=CARTESIAN_POINT('',(-3.750128731708E-3,-5.398447584527E-2,
-8.464566929134E-2));
#6615=CARTESIAN_POINT('',(-2.074305878807E-3,-5.609198560508E-2,
-8.464566929134E-2));
#6616=CARTESIAN_POINT('',(4.977393393664E-4,-5.822508579119E-2,
-8.464566929134E-2));
#6617=CARTESIAN_POINT('',(2.533845698943E-3,-5.961347174783E-2,
-8.464566929134E-2));
#6618=CARTESIAN_POINT('',(3.623248907239E-3,-6.035749349048E-2,
-8.464566929134E-2));
#6619=CARTESIAN_POINT('',(3.704664822047E-3,-6.041313751844E-2,
-8.464566929134E-2));
#6621=DIRECTION('',(0.E0,0.E0,-1.E0));
#6622=VECTOR('',#6621,1.E0);
#6623=SURFACE_OF_LINEAR_EXTRUSION('',#6620,#6622);
#6624=ORIENTED_EDGE('',*,*,#4935,.T.);
#6626=ORIENTED_EDGE('',*,*,#6625,.T.);
#6628=ORIENTED_EDGE('',*,*,#6627,.T.);
#6629=ORIENTED_EDGE('',*,*,#6595,.F.);
#6630=EDGE_LOOP('',(#6624,#6626,#6628,#6629));
#6631=FACE_OUTER_BOUND('',#6630,.F.);
#6632=ADVANCED_FACE('',(#6631),#6623,.T.);
#6633=CARTESIAN_POINT('',(6.617969062453E-4,-6.567393920869E-2,
-8.464566929134E-2));
#6634=DIRECTION('',(-8.887589739205E-1,4.583748316344E-1,0.E0));
#6635=DIRECTION('',(4.583748316344E-1,8.887589739205E-1,0.E0));
#6636=AXIS2_PLACEMENT_3D('',#6633,#6634,#6635);
#6637=PLANE('',#6636);
#6638=ORIENTED_EDGE('',*,*,#4933,.F.);
#6640=ORIENTED_EDGE('',*,*,#6639,.T.);
#6642=ORIENTED_EDGE('',*,*,#6641,.T.);
#6643=ORIENTED_EDGE('',*,*,#6625,.F.);
#6644=EDGE_LOOP('',(#6638,#6640,#6642,#6643));
#6645=FACE_OUTER_BOUND('',#6644,.F.);
#6646=ADVANCED_FACE('',(#6645),#6637,.F.);
#6647=CARTESIAN_POINT('',(9.065223882392E-4,-6.606775874384E-2,
-8.464566929134E-2));
#6648=CARTESIAN_POINT('',(8.252772431442E-4,-6.593641488522E-2,
-8.464566929134E-2));
#6649=CARTESIAN_POINT('',(-1.438712586314E-4,-6.438039956570E-2,
-8.464566929134E-2));
#6650=CARTESIAN_POINT('',(-1.156455171148E-3,-6.275464656986E-2,
-8.464566929134E-2));
#6651=CARTESIAN_POINT('',(-1.390357657142E-3,-6.111086580093E-2,
-8.464566929134E-2));
#6652=CARTESIAN_POINT('',(-1.399680327817E-3,-6.103382211576E-2,
-8.464566929134E-2));
#6654=DIRECTION('',(0.E0,0.E0,-1.E0));
#6655=VECTOR('',#6654,1.E0);
#6656=SURFACE_OF_LINEAR_EXTRUSION('',#6653,#6655);
#6657=ORIENTED_EDGE('',*,*,#4931,.T.);
#6659=ORIENTED_EDGE('',*,*,#6658,.T.);
#6661=ORIENTED_EDGE('',*,*,#6660,.T.);
#6662=ORIENTED_EDGE('',*,*,#6639,.F.);
#6663=EDGE_LOOP('',(#6657,#6659,#6661,#6662));
#6664=FACE_OUTER_BOUND('',#6663,.F.);
#6665=ADVANCED_FACE('',(#6664),#6656,.T.);
#6666=CARTESIAN_POINT('',(-9.508726468423E-3,-6.126394633133E-2,
-8.464566929134E-2));
#6667=DIRECTION('',(0.E0,1.E0,0.E0));
#6668=DIRECTION('',(1.E0,0.E0,0.E0));
#6669=AXIS2_PLACEMENT_3D('',#6666,#6667,#6668);
#6670=PLANE('',#6669);
#6671=ORIENTED_EDGE('',*,*,#4929,.F.);
#6673=ORIENTED_EDGE('',*,*,#6672,.T.);
#6675=ORIENTED_EDGE('',*,*,#6674,.T.);
#6676=ORIENTED_EDGE('',*,*,#6658,.F.);
#6677=EDGE_LOOP('',(#6671,#6673,#6675,#6676));
#6678=FACE_OUTER_BOUND('',#6677,.F.);
#6679=ADVANCED_FACE('',(#6678),#6670,.F.);
#6680=CARTESIAN_POINT('',(-1.735539148681E-2,-2.102552324064E-2,
-8.464566929134E-2));
#6681=DIRECTION('',(9.815122935962E-1,1.913991053258E-1,0.E0));
#6682=DIRECTION('',(1.913991053258E-1,-9.815122935962E-1,0.E0));
#6683=AXIS2_PLACEMENT_3D('',#6680,#6681,#6682);
#6684=PLANE('',#6683);
#6685=ORIENTED_EDGE('',*,*,#4927,.F.);
#6687=ORIENTED_EDGE('',*,*,#6686,.T.);
#6689=ORIENTED_EDGE('',*,*,#6688,.T.);
#6690=ORIENTED_EDGE('',*,*,#6672,.F.);
#6691=EDGE_LOOP('',(#6685,#6687,#6689,#6690));
#6692=FACE_OUTER_BOUND('',#6691,.F.);
#6693=ADVANCED_FACE('',(#6692),#6684,.F.);
#6694=CARTESIAN_POINT('',(-3.403229801350E-2,-2.102552324064E-2,
-8.464566929134E-2));
#6695=DIRECTION('',(0.E0,1.E0,0.E0));
#6696=DIRECTION('',(1.E0,0.E0,0.E0));
#6697=AXIS2_PLACEMENT_3D('',#6694,#6695,#6696);
#6698=PLANE('',#6697);
#6699=ORIENTED_EDGE('',*,*,#4925,.F.);
#6701=ORIENTED_EDGE('',*,*,#6700,.T.);
#6703=ORIENTED_EDGE('',*,*,#6702,.T.);
#6704=ORIENTED_EDGE('',*,*,#6686,.F.);
#6705=EDGE_LOOP('',(#6699,#6701,#6703,#6704));
#6706=FACE_OUTER_BOUND('',#6705,.F.);
#6707=ADVANCED_FACE('',(#6706),#6698,.F.);
#6708=CARTESIAN_POINT('',(-2.960802879041E-2,-4.371358453147E-2,
-8.464566929134E-2));
#6709=DIRECTION('',(-9.815122935962E-1,-1.913991053258E-1,0.E0));
#6710=DIRECTION('',(-1.913991053258E-1,9.815122935962E-1,0.E0));
#6711=AXIS2_PLACEMENT_3D('',#6708,#6709,#6710);
#6712=PLANE('',#6711);
#6713=ORIENTED_EDGE('',*,*,#4923,.F.);
#6715=ORIENTED_EDGE('',*,*,#6714,.T.);
#6717=ORIENTED_EDGE('',*,*,#6716,.T.);
#6718=ORIENTED_EDGE('',*,*,#6700,.F.);
#6719=EDGE_LOOP('',(#6713,#6715,#6717,#6718));
#6720=FACE_OUTER_BOUND('',#6719,.F.);
#6721=ADVANCED_FACE('',(#6720),#6712,.F.);
#6722=CARTESIAN_POINT('',(-3.102070860239E-2,-4.371358453147E-2,
-8.464566929134E-2));
#6723=DIRECTION('',(0.E0,1.E0,0.E0));
#6724=DIRECTION('',(1.E0,0.E0,0.E0));
#6725=AXIS2_PLACEMENT_3D('',#6722,#6723,#6724);
#6726=PLANE('',#6725);
#6727=ORIENTED_EDGE('',*,*,#4921,.F.);
#6729=ORIENTED_EDGE('',*,*,#6728,.T.);
#6731=ORIENTED_EDGE('',*,*,#6730,.T.);
#6732=ORIENTED_EDGE('',*,*,#6714,.F.);
#6733=EDGE_LOOP('',(#6727,#6729,#6731,#6732));
#6734=FACE_OUTER_BOUND('',#6733,.F.);
#6735=ADVANCED_FACE('',(#6734),#6726,.F.);
#6736=CARTESIAN_POINT('',(-4.535322423995E-2,-2.102552324064E-2,
-8.464566929134E-2));
#6737=DIRECTION('',(8.454348306147E-1,5.340785964476E-1,0.E0));
#6738=DIRECTION('',(5.340785964476E-1,-8.454348306147E-1,0.E0));
#6739=AXIS2_PLACEMENT_3D('',#6736,#6737,#6738);
#6740=PLANE('',#6739);
#6741=ORIENTED_EDGE('',*,*,#4919,.F.);
#6743=ORIENTED_EDGE('',*,*,#6742,.T.);
#6745=ORIENTED_EDGE('',*,*,#6744,.T.);
#6746=ORIENTED_EDGE('',*,*,#6728,.F.);
#6747=EDGE_LOOP('',(#6741,#6743,#6745,#6746));
#6748=FACE_OUTER_BOUND('',#6747,.F.);
#6749=ADVANCED_FACE('',(#6748),#6740,.F.);
#6750=CARTESIAN_POINT('',(-6.350022839164E-2,-2.102552324064E-2,
-8.464566929134E-2));
#6751=DIRECTION('',(0.E0,1.E0,0.E0));
#6752=DIRECTION('',(1.E0,0.E0,0.E0));
#6753=AXIS2_PLACEMENT_3D('',#6750,#6751,#6752);
#6754=PLANE('',#6753);
#6755=ORIENTED_EDGE('',*,*,#4917,.F.);
#6757=ORIENTED_EDGE('',*,*,#6756,.T.);
#6759=ORIENTED_EDGE('',*,*,#6758,.T.);
#6760=ORIENTED_EDGE('',*,*,#6742,.F.);
#6761=EDGE_LOOP('',(#6755,#6757,#6759,#6760));
#6762=FACE_OUTER_BOUND('',#6761,.F.);
#6763=ADVANCED_FACE('',(#6762),#6754,.F.);
#6764=CARTESIAN_POINT('',(-4.326108502773E-2,-4.720933472876E-2,
-8.464566929134E-2));
#6765=DIRECTION('',(-7.911943771733E-1,-6.115647615170E-1,0.E0));
#6766=DIRECTION('',(-6.115647615170E-1,7.911943771733E-1,0.E0));
#6767=AXIS2_PLACEMENT_3D('',#6764,#6765,#6766);
#6768=PLANE('',#6767);
#6769=ORIENTED_EDGE('',*,*,#4915,.F.);
#6771=ORIENTED_EDGE('',*,*,#6770,.T.);
#6773=ORIENTED_EDGE('',*,*,#6772,.T.);
#6774=ORIENTED_EDGE('',*,*,#6756,.F.);
#6775=EDGE_LOOP('',(#6769,#6771,#6773,#6774));
#6776=FACE_OUTER_BOUND('',#6775,.F.);
#6777=ADVANCED_FACE('',(#6776),#6768,.F.);
#6778=CARTESIAN_POINT('',(-5.269701904957E-2,-8.050581908701E-2,
-8.464566929134E-2));
#6779=DIRECTION('',(-9.621120973021E-1,2.726541989863E-1,0.E0));
#6780=DIRECTION('',(2.726541989863E-1,9.621120973021E-1,0.E0));
#6781=AXIS2_PLACEMENT_3D('',#6778,#6779,#6780);
#6782=PLANE('',#6781);
#6783=ORIENTED_EDGE('',*,*,#4913,.F.);
#6785=ORIENTED_EDGE('',*,*,#6784,.T.);
#6787=ORIENTED_EDGE('',*,*,#6786,.T.);
#6788=ORIENTED_EDGE('',*,*,#6770,.F.);
#6789=EDGE_LOOP('',(#6783,#6785,#6787,#6788));
#6790=FACE_OUTER_BOUND('',#6789,.F.);
#6791=ADVANCED_FACE('',(#6790),#6782,.F.);
#6792=CARTESIAN_POINT('',(-3.396817247273E-2,-8.050581908701E-2,
-8.464566929134E-2));
#6793=DIRECTION('',(0.E0,-1.E0,0.E0));
#6794=DIRECTION('',(-1.E0,0.E0,0.E0));
#6795=AXIS2_PLACEMENT_3D('',#6792,#6793,#6794);
#6796=PLANE('',#6795);
#6797=ORIENTED_EDGE('',*,*,#4911,.F.);
#6799=ORIENTED_EDGE('',*,*,#6798,.T.);
#6801=ORIENTED_EDGE('',*,*,#6800,.T.);
#6802=ORIENTED_EDGE('',*,*,#6784,.F.);
#6803=EDGE_LOOP('',(#6797,#6799,#6801,#6802));
#6804=FACE_OUTER_BOUND('',#6803,.F.);
#6805=ADVANCED_FACE('',(#6804),#6796,.F.);
#6806=CARTESIAN_POINT('',(-2.960354403474E-2,-6.082077971693E-2,
-8.464566929134E-2));
#6807=DIRECTION('',(9.762901350765E-1,-2.164660993144E-1,0.E0));
#6808=DIRECTION('',(-2.164660993144E-1,-9.762901350765E-1,0.E0));
#6809=AXIS2_PLACEMENT_3D('',#6806,#6807,#6808);
#6810=PLANE('',#6809);
#6811=ORIENTED_EDGE('',*,*,#4909,.F.);
#6813=ORIENTED_EDGE('',*,*,#6812,.T.);
#6815=ORIENTED_EDGE('',*,*,#6814,.T.);
#6816=ORIENTED_EDGE('',*,*,#6798,.F.);
#6817=EDGE_LOOP('',(#6811,#6813,#6815,#6816));
#6818=FACE_OUTER_BOUND('',#6817,.F.);
#6819=ADVANCED_FACE('',(#6818),#6810,.F.);
#6820=CARTESIAN_POINT('',(-2.507092540286E-2,-6.698026984130E-2,
-8.464566929134E-2));
#6821=DIRECTION('',(-8.054274256927E-1,-5.926944085632E-1,0.E0));
#6822=DIRECTION('',(-5.926944085632E-1,8.054274256927E-1,0.E0));
#6823=AXIS2_PLACEMENT_3D('',#6820,#6821,#6822);
#6824=PLANE('',#6823);
#6825=ORIENTED_EDGE('',*,*,#4907,.F.);
#6827=ORIENTED_EDGE('',*,*,#6826,.T.);
#6829=ORIENTED_EDGE('',*,*,#6828,.T.);
#6830=ORIENTED_EDGE('',*,*,#6812,.F.);
#6831=EDGE_LOOP('',(#6825,#6827,#6829,#6830));
#6832=FACE_OUTER_BOUND('',#6831,.F.);
#6833=ADVANCED_FACE('',(#6832),#6824,.F.);
#6834=CARTESIAN_POINT('',(-2.243338531136E-2,-8.050581908701E-2,
-8.464566929134E-2));
#6835=DIRECTION('',(-9.815122935962E-1,-1.913991053258E-1,0.E0));
#6836=DIRECTION('',(-1.913991053258E-1,9.815122935962E-1,0.E0));
#6837=AXIS2_PLACEMENT_3D('',#6834,#6835,#6836);
#6838=PLANE('',#6837);
#6839=ORIENTED_EDGE('',*,*,#4905,.F.);
#6841=ORIENTED_EDGE('',*,*,#6840,.T.);
#6843=ORIENTED_EDGE('',*,*,#6842,.T.);
#6844=ORIENTED_EDGE('',*,*,#6826,.F.);
#6845=EDGE_LOOP('',(#6839,#6841,#6843,#6844));
#6846=FACE_OUTER_BOUND('',#6845,.F.);
#6847=ADVANCED_FACE('',(#6846),#6838,.F.);
#6848=CARTESIAN_POINT('',(3.951326326354E-3,-8.050581908701E-2,
-8.464566929134E-2));
#6849=DIRECTION('',(0.E0,-1.E0,0.E0));
#6850=DIRECTION('',(-1.E0,0.E0,0.E0));
#6851=AXIS2_PLACEMENT_3D('',#6848,#6849,#6850);
#6852=PLANE('',#6851);
#6853=ORIENTED_EDGE('',*,*,#4903,.F.);
#6855=ORIENTED_EDGE('',*,*,#6854,.T.);
#6857=ORIENTED_EDGE('',*,*,#6856,.T.);
#6858=ORIENTED_EDGE('',*,*,#6840,.F.);
#6859=EDGE_LOOP('',(#6853,#6855,#6857,#6858));
#6860=FACE_OUTER_BOUND('',#6859,.F.);
#6861=ADVANCED_FACE('',(#6860),#6852,.F.);
#6862=CARTESIAN_POINT('',(5.417871842200E-3,-7.763180333898E-2,
-8.464566929134E-2));
#6863=DIRECTION('',(8.907354010377E-1,-4.545222165508E-1,0.E0));
#6864=DIRECTION('',(-4.545222165508E-1,-8.907354010377E-1,0.E0));
#6865=AXIS2_PLACEMENT_3D('',#6862,#6863,#6864);
#6866=PLANE('',#6865);
#6867=ORIENTED_EDGE('',*,*,#4901,.F.);
#6869=ORIENTED_EDGE('',*,*,#6868,.T.);
#6871=ORIENTED_EDGE('',*,*,#6870,.T.);
#6872=ORIENTED_EDGE('',*,*,#6854,.F.);
#6873=EDGE_LOOP('',(#6867,#6869,#6871,#6872));
#6874=FACE_OUTER_BOUND('',#6873,.F.);
#6875=ADVANCED_FACE('',(#6874),#6866,.F.);
#6876=CARTESIAN_POINT('',(5.194341540145E-3,-7.748970274246E-2,
-8.464566929134E-2));
#6877=CARTESIAN_POINT('',(5.268224284049E-3,-7.753764005851E-2,
-8.464566929134E-2));
#6878=CARTESIAN_POINT('',(8.401312722216E-3,-7.952911033465E-2,
-8.464566929134E-2));
#6879=CARTESIAN_POINT('',(1.272570037235E-2,-8.053967789535E-2,
-8.464566929134E-2));
#6880=CARTESIAN_POINT('',(1.582795715237E-2,-8.050466083717E-2,
-8.464566929134E-2));
#6881=CARTESIAN_POINT('',(1.591358541601E-2,-8.050288811255E-2,
-8.464566929134E-2));
#6883=DIRECTION('',(0.E0,0.E0,-1.E0));
#6884=VECTOR('',#6883,1.E0);
#6885=SURFACE_OF_LINEAR_EXTRUSION('',#6882,#6884);
#6886=ORIENTED_EDGE('',*,*,#4899,.T.);
#6888=ORIENTED_EDGE('',*,*,#6887,.T.);
#6890=ORIENTED_EDGE('',*,*,#6889,.T.);
#6891=ORIENTED_EDGE('',*,*,#6868,.F.);
#6892=EDGE_LOOP('',(#6886,#6888,#6890,#6891));
#6893=FACE_OUTER_BOUND('',#6892,.F.);
#6894=ADVANCED_FACE('',(#6893),#6885,.T.);
#6895=CARTESIAN_POINT('',(1.535749372059E-2,-8.050428547920E-2,
-8.464566929134E-2));
#6896=CARTESIAN_POINT('',(1.545727893432E-2,-8.050551421417E-2,
-8.464566929134E-2));
#6897=CARTESIAN_POINT('',(2.023324662673E-2,-8.053005667988E-2,
-8.464566929134E-2));
#6898=CARTESIAN_POINT('',(2.404134050574E-2,-7.809365517145E-2,
-8.464566929134E-2));
#6899=CARTESIAN_POINT('',(2.509625064581E-2,-7.391433994692E-2,
-8.464566929134E-2));
#6900=CARTESIAN_POINT('',(2.507073047611E-2,-7.154594360859E-2,
-8.464566929134E-2));
#6901=CARTESIAN_POINT('',(2.480274731376E-2,-6.978349278803E-2,
-8.464566929134E-2));
#6902=CARTESIAN_POINT('',(2.448284200351E-2,-6.867897246053E-2,
-8.464566929134E-2));
#6903=CARTESIAN_POINT('',(2.423147329841E-2,-6.799374764044E-2,
-8.464566929134E-2));
#6904=CARTESIAN_POINT('',(2.419230710232E-2,-6.789089956804E-2,
-8.464566929134E-2));
#6905=CARTESIAN_POINT('',(2.415623538785E-2,-6.779920572519E-2,
-8.464566929134E-2));
#6907=DIRECTION('',(0.E0,0.E0,-1.E0));
#6908=VECTOR('',#6907,1.E0);
#6909=SURFACE_OF_LINEAR_EXTRUSION('',#6906,#6908);
#6910=ORIENTED_EDGE('',*,*,#4897,.T.);
#6912=ORIENTED_EDGE('',*,*,#6911,.T.);
#6914=ORIENTED_EDGE('',*,*,#6913,.T.);
#6915=ORIENTED_EDGE('',*,*,#6887,.F.);
#6916=EDGE_LOOP('',(#6910,#6912,#6914,#6915));
#6917=FACE_OUTER_BOUND('',#6916,.F.);
#6918=ADVANCED_FACE('',(#6917),#6909,.T.);
#6919=CARTESIAN_POINT('',(2.414426678980E-2,-6.783841174293E-2,
-8.464566929134E-2));
#6920=CARTESIAN_POINT('',(2.815353339479E-2,-7.604584077470E-2,
-8.464566929134E-2));
#6921=CARTESIAN_POINT('',(3.507317381671E-2,-8.047955891762E-2,
-8.464566929134E-2));
#6922=CARTESIAN_POINT('',(4.618396340624E-2,-8.050733524277E-2,
-8.464566929134E-2));
#6924=DIRECTION('',(0.E0,0.E0,-1.E0));
#6925=VECTOR('',#6924,1.E0);
#6926=SURFACE_OF_LINEAR_EXTRUSION('',#6923,#6925);
#6927=ORIENTED_EDGE('',*,*,#4895,.T.);
#6929=ORIENTED_EDGE('',*,*,#6928,.T.);
#6931=ORIENTED_EDGE('',*,*,#6930,.T.);
#6932=ORIENTED_EDGE('',*,*,#6911,.F.);
#6933=EDGE_LOOP('',(#6927,#6929,#6931,#6932));
#6934=FACE_OUTER_BOUND('',#6933,.F.);
#6935=ADVANCED_FACE('',(#6934),#6926,.T.);
#6936=CARTESIAN_POINT('',(4.470920733043E-2,-8.048155403041E-2,
-8.464566929134E-2));
#6937=CARTESIAN_POINT('',(4.512024588127E-2,-8.049424243840E-2,
-8.464566929134E-2));
#6938=CARTESIAN_POINT('',(5.099512256536E-2,-8.061183757602E-2,
-8.464566929134E-2));
#6939=CARTESIAN_POINT('',(5.900357319780E-2,-7.897023112578E-2,
-8.464566929134E-2));
#6940=CARTESIAN_POINT('',(6.291486177223E-2,-7.377871137035E-2,
-8.464566929134E-2));
#6941=CARTESIAN_POINT('',(6.365156394892E-2,-6.781678433425E-2,
-8.464566929134E-2));
#6942=CARTESIAN_POINT('',(6.327184143509E-2,-6.251719392899E-2,
-8.464566929134E-2));
#6943=CARTESIAN_POINT('',(6.239633361431E-2,-5.744549261537E-2,
-8.464566929134E-2));
#6944=CARTESIAN_POINT('',(6.149618338503E-2,-5.304256480167E-2,
-8.464566929134E-2));
#6945=CARTESIAN_POINT('',(6.075168986371E-2,-4.956254032201E-2,
-8.464566929134E-2));
#6946=CARTESIAN_POINT('',(6.001209434235E-2,-4.610727634566E-2,
-8.464566929134E-2));
#6947=CARTESIAN_POINT('',(5.904811500691E-2,-4.179861367295E-2,
-8.464566929134E-2));
#6948=CARTESIAN_POINT('',(5.776683973651E-2,-3.679035280443E-2,
-8.464566929134E-2));
#6949=CARTESIAN_POINT('',(5.588026972854E-2,-3.149855333607E-2,
-8.464566929134E-2));
#6950=CARTESIAN_POINT('',(5.340774339988E-2,-2.699272094341E-2,
-8.464566929134E-2));
#6951=CARTESIAN_POINT('',(5.011484125985E-2,-2.335307159784E-2,
-8.464566929134E-2));
#6952=CARTESIAN_POINT('',(4.649173516597E-2,-2.110594819026E-2,
-8.464566929134E-2));
#6953=CARTESIAN_POINT('',(4.294742419185E-2,-1.981867348641E-2,
-8.464566929134E-2));
#6954=CARTESIAN_POINT('',(3.993950734427E-2,-1.911819443167E-2,
-8.464566929134E-2));
#6955=CARTESIAN_POINT('',(3.710826318551E-2,-1.876308894810E-2,
-8.464566929134E-2));
#6956=CARTESIAN_POINT('',(3.465358487507E-2,-1.862164953963E-2,
-8.464566929134E-2));
#6957=CARTESIAN_POINT('',(3.222747789509E-2,-1.857882868801E-2,
-8.464566929134E-2));
#6958=CARTESIAN_POINT('',(2.946614555837E-2,-1.867852426262E-2,
-8.464566929134E-2));
#6959=CARTESIAN_POINT('',(2.674935164332E-2,-1.900556205406E-2,
-8.464566929134E-2));
#6960=CARTESIAN_POINT('',(2.438288411376E-2,-1.952735103923E-2,
-8.464566929134E-2));
#6961=CARTESIAN_POINT('',(2.169661662949E-2,-2.046440059635E-2,
-8.464566929134E-2));
#6962=CARTESIAN_POINT('',(1.914570281419E-2,-2.205140597961E-2,
-8.464566929134E-2));
#6963=CARTESIAN_POINT('',(1.719550521292E-2,-2.450502074738E-2,
-8.464566929134E-2));
#6964=CARTESIAN_POINT('',(1.617278171049E-2,-2.739118579928E-2,
-8.464566929134E-2));
#6965=CARTESIAN_POINT('',(1.579005264217E-2,-3.166343535566E-2,
-8.464566929134E-2));
#6966=CARTESIAN_POINT('',(1.644019796609E-2,-3.555816271627E-2,
-8.464566929134E-2));
#6967=CARTESIAN_POINT('',(1.700776272410E-2,-3.827053888599E-2,
-8.464566929134E-2));
#6968=CARTESIAN_POINT('',(1.709118836396E-2,-3.866404274507E-2,
-8.464566929134E-2));
#6970=DIRECTION('',(0.E0,0.E0,-1.E0));
#6971=VECTOR('',#6970,1.E0);
#6972=SURFACE_OF_LINEAR_EXTRUSION('',#6969,#6971);
#6973=ORIENTED_EDGE('',*,*,#4893,.T.);
#6975=ORIENTED_EDGE('',*,*,#6974,.T.);
#6977=ORIENTED_EDGE('',*,*,#6976,.T.);
#6978=ORIENTED_EDGE('',*,*,#6928,.F.);
#6979=EDGE_LOOP('',(#6973,#6975,#6977,#6978));
#6980=FACE_OUTER_BOUND('',#6979,.F.);
#6981=ADVANCED_FACE('',(#6980),#6972,.T.);
#6982=CARTESIAN_POINT('',(1.772492352162E-2,-4.181429395434E-2,
-8.464566929134E-2));
#6983=DIRECTION('',(-9.799993465698E-1,-1.990007053323E-1,0.E0));
#6984=DIRECTION('',(-1.990007053323E-1,9.799993465698E-1,0.E0));
#6985=AXIS2_PLACEMENT_3D('',#6982,#6983,#6984);
#6986=PLANE('',#6985);
#6987=ORIENTED_EDGE('',*,*,#4891,.F.);
#6989=ORIENTED_EDGE('',*,*,#6988,.T.);
#6991=ORIENTED_EDGE('',*,*,#6990,.T.);
#6992=ORIENTED_EDGE('',*,*,#6974,.F.);
#6993=EDGE_LOOP('',(#6987,#6989,#6991,#6992));
#6994=FACE_OUTER_BOUND('',#6993,.F.);
#6995=ADVANCED_FACE('',(#6994),#6986,.F.);
#6996=CARTESIAN_POINT('',(3.397771295924E-2,-4.181429395434E-2,
-8.464566929134E-2));
#6997=DIRECTION('',(0.E0,-1.E0,0.E0));
#6998=DIRECTION('',(-1.E0,0.E0,0.E0));
#6999=AXIS2_PLACEMENT_3D('',#6996,#6997,#6998);
#7000=PLANE('',#6999);
#7001=ORIENTED_EDGE('',*,*,#4889,.F.);
#7002=ORIENTED_EDGE('',*,*,#6405,.T.);
#7004=ORIENTED_EDGE('',*,*,#7003,.T.);
#7005=ORIENTED_EDGE('',*,*,#6988,.F.);
#7006=EDGE_LOOP('',(#7001,#7002,#7004,#7005));
#7007=FACE_OUTER_BOUND('',#7006,.F.);
#7008=ADVANCED_FACE('',(#7007),#7000,.F.);
#7009=CARTESIAN_POINT('',(0.E0,0.E0,-8.267716535433E-2));
#7010=DIRECTION('',(0.E0,0.E0,-1.E0));
#7011=DIRECTION('',(-1.E0,0.E0,0.E0));
#7012=AXIS2_PLACEMENT_3D('',#7009,#7010,#7011);
#7013=PLANE('',#7012);
#7014=ORIENTED_EDGE('',*,*,#6403,.F.);
#7015=ORIENTED_EDGE('',*,*,#6423,.F.);
#7016=ORIENTED_EDGE('',*,*,#6441,.F.);
#7017=ORIENTED_EDGE('',*,*,#6459,.F.);
#7018=ORIENTED_EDGE('',*,*,#6478,.F.);
#7019=ORIENTED_EDGE('',*,*,#6492,.F.);
#7020=ORIENTED_EDGE('',*,*,#6506,.F.);
#7021=ORIENTED_EDGE('',*,*,#6520,.F.);
#7022=ORIENTED_EDGE('',*,*,#6539,.F.);
#7023=ORIENTED_EDGE('',*,*,#6559,.F.);
#7024=ORIENTED_EDGE('',*,*,#6578,.F.);
#7025=ORIENTED_EDGE('',*,*,#6597,.F.);
#7026=ORIENTED_EDGE('',*,*,#6627,.F.);
#7027=ORIENTED_EDGE('',*,*,#6641,.F.);
#7028=ORIENTED_EDGE('',*,*,#6660,.F.);
#7029=ORIENTED_EDGE('',*,*,#6674,.F.);
#7030=ORIENTED_EDGE('',*,*,#6688,.F.);
#7031=ORIENTED_EDGE('',*,*,#6702,.F.);
#7032=ORIENTED_EDGE('',*,*,#6716,.F.);
#7033=ORIENTED_EDGE('',*,*,#6730,.F.);
#7034=ORIENTED_EDGE('',*,*,#6744,.F.);
#7035=ORIENTED_EDGE('',*,*,#6758,.F.);
#7036=ORIENTED_EDGE('',*,*,#6772,.F.);
#7037=ORIENTED_EDGE('',*,*,#6786,.F.);
#7038=ORIENTED_EDGE('',*,*,#6800,.F.);
#7039=ORIENTED_EDGE('',*,*,#6814,.F.);
#7040=ORIENTED_EDGE('',*,*,#6828,.F.);
#7041=ORIENTED_EDGE('',*,*,#6842,.F.);
#7042=ORIENTED_EDGE('',*,*,#6856,.F.);
#7043=ORIENTED_EDGE('',*,*,#6870,.F.);
#7044=ORIENTED_EDGE('',*,*,#6889,.F.);
#7045=ORIENTED_EDGE('',*,*,#6913,.F.);
#7046=ORIENTED_EDGE('',*,*,#6930,.F.);
#7047=ORIENTED_EDGE('',*,*,#6976,.F.);
#7048=ORIENTED_EDGE('',*,*,#6990,.F.);
#7049=ORIENTED_EDGE('',*,*,#7003,.F.);
#7050=EDGE_LOOP('',(#7014,#7015,#7016,#7017,#7018,#7019,#7020,#7021,#7022,#7023,
#7024,#7025,#7026,#7027,#7028,#7029,#7030,#7031,#7032,#7033,#7034,#7035,#7036,
#7037,#7038,#7039,#7040,#7041,#7042,#7043,#7044,#7045,#7046,#7047,#7048,#7049));
#7051=FACE_OUTER_BOUND('',#7050,.F.);
#7053=ORIENTED_EDGE('',*,*,#7052,.F.);
#7055=ORIENTED_EDGE('',*,*,#7054,.F.);
#7057=ORIENTED_EDGE('',*,*,#7056,.F.);
#7059=ORIENTED_EDGE('',*,*,#7058,.F.);
#7061=ORIENTED_EDGE('',*,*,#7060,.F.);
#7062=EDGE_LOOP('',(#7053,#7055,#7057,#7059,#7061));
#7063=FACE_BOUND('',#7062,.F.);
#7065=ORIENTED_EDGE('',*,*,#7064,.F.);
#7067=ORIENTED_EDGE('',*,*,#7066,.F.);
#7069=ORIENTED_EDGE('',*,*,#7068,.F.);
#7071=ORIENTED_EDGE('',*,*,#7070,.F.);
#7072=EDGE_LOOP('',(#7065,#7067,#7069,#7071));
#7073=FACE_BOUND('',#7072,.F.);
#7075=ORIENTED_EDGE('',*,*,#7074,.F.);
#7077=ORIENTED_EDGE('',*,*,#7076,.F.);
#7079=ORIENTED_EDGE('',*,*,#7078,.F.);
#7080=EDGE_LOOP('',(#7075,#7077,#7079));
#7081=FACE_BOUND('',#7080,.F.);
#7082=ADVANCED_FACE('',(#7051,#7063,#7073,#7081),#7013,.T.);
#7083=CARTESIAN_POINT('',(3.334321065924E-3,-4.998777958244E-2,
-8.464566929134E-2));
#7084=CARTESIAN_POINT('',(3.314601379610E-3,-4.991309367128E-2,
-8.464566929134E-2));
#7085=CARTESIAN_POINT('',(2.894371518665E-3,-4.813035611764E-2,
-8.464566929134E-2));
#7086=CARTESIAN_POINT('',(3.975847203894E-3,-4.727969597497E-2,
-8.464566929134E-2));
#7087=CARTESIAN_POINT('',(5.541458338979E-3,-4.733060613025E-2,
-8.464566929134E-2));
#7088=CARTESIAN_POINT('',(5.620245466342E-3,-4.733524858191E-2,
-8.464566929134E-2));
#7090=DIRECTION('',(0.E0,0.E0,-1.E0));
#7091=VECTOR('',#7090,1.E0);
#7092=SURFACE_OF_LINEAR_EXTRUSION('',#7089,#7091);
#7094=ORIENTED_EDGE('',*,*,#7093,.T.);
#7096=ORIENTED_EDGE('',*,*,#7095,.T.);
#7097=ORIENTED_EDGE('',*,*,#7052,.T.);
#7099=ORIENTED_EDGE('',*,*,#7098,.F.);
#7100=EDGE_LOOP('',(#7094,#7096,#7097,#7099));
#7101=FACE_OUTER_BOUND('',#7100,.F.);
#7102=ADVANCED_FACE('',(#7101),#7092,.T.);
#7103=CARTESIAN_POINT('',(1.207205291339E-1,1.574803149606E-2,
-8.464566929134E-2));
#7104=DIRECTION('',(0.E0,0.E0,1.E0));
#7105=DIRECTION('',(-1.E0,0.E0,0.E0));
#7106=AXIS2_PLACEMENT_3D('',#7103,#7104,#7105);
#7107=PLANE('',#7106);
#7108=ORIENTED_EDGE('',*,*,#7093,.F.);
#7110=ORIENTED_EDGE('',*,*,#7109,.F.);
#7112=ORIENTED_EDGE('',*,*,#7111,.T.);
#7114=ORIENTED_EDGE('',*,*,#7113,.F.);
#7116=ORIENTED_EDGE('',*,*,#7115,.F.);
#7117=EDGE_LOOP('',(#7108,#7110,#7112,#7114,#7116));
#7118=FACE_OUTER_BOUND('',#7117,.F.);
#7119=ADVANCED_FACE('',(#7118),#7107,.F.);
#7120=CARTESIAN_POINT('',(6.766871655786E-3,-5.452377822608E-2,
-8.464566929134E-2));
#7121=CARTESIAN_POINT('',(6.689807057227E-3,-5.446782602923E-2,
-8.464566929134E-2));
#7122=CARTESIAN_POINT('',(5.649123547694E-3,-5.366606751468E-2,
-8.464566929134E-2));
#7123=CARTESIAN_POINT('',(3.548198170233E-3,-5.145133827098E-2,
-8.464566929134E-2));
#7124=CARTESIAN_POINT('',(3.244551670261E-3,-4.956175196527E-2,
-8.464566929134E-2));
#7125=CARTESIAN_POINT('',(3.233278719037E-3,-4.945923340116E-2,
-8.464566929134E-2));
#7127=DIRECTION('',(0.E0,0.E0,-1.E0));
#7128=VECTOR('',#7127,1.E0);
#7129=SURFACE_OF_LINEAR_EXTRUSION('',#7126,#7128);
#7130=ORIENTED_EDGE('',*,*,#7109,.T.);
#7131=ORIENTED_EDGE('',*,*,#7098,.T.);
#7132=ORIENTED_EDGE('',*,*,#7060,.T.);
#7134=ORIENTED_EDGE('',*,*,#7133,.F.);
#7135=EDGE_LOOP('',(#7130,#7131,#7132,#7134));
#7136=FACE_OUTER_BOUND('',#7135,.F.);
#7137=ADVANCED_FACE('',(#7136),#7129,.T.);
#7138=CARTESIAN_POINT('',(6.513371087258E-3,-5.432811761026E-2,
-8.464566929134E-2));
#7139=DIRECTION('',(-8.887589739204E-1,4.583748316344E-1,0.E0));
#7140=DIRECTION('',(4.583748316344E-1,8.887589739204E-1,0.E0));
#7141=AXIS2_PLACEMENT_3D('',#7138,#7139,#7140);
#7142=PLANE('',#7141);
#7143=ORIENTED_EDGE('',*,*,#7111,.F.);
#7144=ORIENTED_EDGE('',*,*,#7133,.T.);
#7145=ORIENTED_EDGE('',*,*,#7058,.T.);
#7147=ORIENTED_EDGE('',*,*,#7146,.F.);
#7148=EDGE_LOOP('',(#7143,#7144,#7145,#7147));
#7149=FACE_OUTER_BOUND('',#7148,.F.);
#7150=ADVANCED_FACE('',(#7149),#7142,.F.);
#7151=CARTESIAN_POINT('',(8.478403977154E-3,-4.955503731210E-2,
-8.464566929134E-2));
#7152=CARTESIAN_POINT('',(8.479598346907E-3,-4.956062158120E-2,
-8.464566929134E-2));
#7153=CARTESIAN_POINT('',(8.539526209683E-3,-4.984536788708E-2,
-8.464566929134E-2));
#7154=CARTESIAN_POINT('',(8.550008537062E-3,-5.013294903003E-2,
-8.464566929134E-2));
#7155=CARTESIAN_POINT('',(8.540022471396E-3,-5.040864218396E-2,
-8.464566929134E-2));
#7156=CARTESIAN_POINT('',(8.539819100172E-3,-5.041404545964E-2,
-8.464566929134E-2));
#7158=DIRECTION('',(0.E0,0.E0,-1.E0));
#7159=VECTOR('',#7158,1.E0);
#7160=SURFACE_OF_LINEAR_EXTRUSION('',#7157,#7159);
#7161=ORIENTED_EDGE('',*,*,#7113,.T.);
#7162=ORIENTED_EDGE('',*,*,#7146,.T.);
#7163=ORIENTED_EDGE('',*,*,#7056,.T.);
#7165=ORIENTED_EDGE('',*,*,#7164,.F.);
#7166=EDGE_LOOP('',(#7161,#7162,#7163,#7165));
#7167=FACE_OUTER_BOUND('',#7166,.F.);
#7168=ADVANCED_FACE('',(#7167),#7160,.T.);
#7169=CARTESIAN_POINT('',(5.147476849047E-3,-4.733278680537E-2,
-8.464566929134E-2));
#7170=CARTESIAN_POINT('',(5.228666666225E-3,-4.732896617499E-2,
-8.464566929134E-2));
#7171=CARTESIAN_POINT('',(7.025553275587E-3,-4.729133194707E-2,
-8.464566929134E-2));
#7172=CARTESIAN_POINT('',(8.289655406721E-3,-4.836154366039E-2,
-8.464566929134E-2));
#7173=CARTESIAN_POINT('',(8.511191702568E-3,-4.973057759768E-2,
-8.464566929134E-2));
#7174=CARTESIAN_POINT('',(8.520679381266E-3,-4.981157740438E-2,
-8.464566929134E-2));
#7176=DIRECTION('',(0.E0,0.E0,-1.E0));
#7177=VECTOR('',#7176,1.E0);
#7178=SURFACE_OF_LINEAR_EXTRUSION('',#7175,#7177);
#7179=ORIENTED_EDGE('',*,*,#7115,.T.);
#7180=ORIENTED_EDGE('',*,*,#7164,.T.);
#7181=ORIENTED_EDGE('',*,*,#7054,.T.);
#7182=ORIENTED_EDGE('',*,*,#7095,.F.);
#7183=EDGE_LOOP('',(#7179,#7180,#7181,#7182));
#7184=FACE_OUTER_BOUND('',#7183,.F.);
#7185=ADVANCED_FACE('',(#7184),#7178,.T.);
#7186=CARTESIAN_POINT('',(1.163967165110E-2,-6.543882982490E-2,
-8.464566929134E-2));
#7187=DIRECTION('',(8.907354010377E-1,-4.545222165508E-1,0.E0));
#7188=DIRECTION('',(-4.545222165508E-1,-8.907354010377E-1,0.E0));
#7189=AXIS2_PLACEMENT_3D('',#7186,#7187,#7188);
#7190=PLANE('',#7189);
#7192=ORIENTED_EDGE('',*,*,#7191,.F.);
#7194=ORIENTED_EDGE('',*,*,#7193,.T.);
#7195=ORIENTED_EDGE('',*,*,#7064,.T.);
#7197=ORIENTED_EDGE('',*,*,#7196,.F.);
#7198=EDGE_LOOP('',(#7192,#7194,#7195,#7197));
#7199=FACE_OUTER_BOUND('',#7198,.F.);
#7200=ADVANCED_FACE('',(#7199),#7190,.F.);
#7201=CARTESIAN_POINT('',(1.207205291339E-1,1.574803149606E-2,
-8.464566929134E-2));
#7202=DIRECTION('',(0.E0,0.E0,1.E0));
#7203=DIRECTION('',(-1.E0,0.E0,0.E0));
#7204=AXIS2_PLACEMENT_3D('',#7201,#7202,#7203);
#7205=PLANE('',#7204);
#7206=ORIENTED_EDGE('',*,*,#7191,.T.);
#7208=ORIENTED_EDGE('',*,*,#7207,.F.);
#7210=ORIENTED_EDGE('',*,*,#7209,.F.);
#7212=ORIENTED_EDGE('',*,*,#7211,.F.);
#7213=EDGE_LOOP('',(#7206,#7208,#7210,#7212));
#7214=FACE_OUTER_BOUND('',#7213,.F.);
#7215=ADVANCED_FACE('',(#7214),#7205,.F.);
#7216=CARTESIAN_POINT('',(1.208630827288E-2,-7.259850227230E-2,
-8.464566929134E-2));
#7217=CARTESIAN_POINT('',(1.199762506092E-2,-7.260102784141E-2,
-8.464566929134E-2));
#7218=CARTESIAN_POINT('',(1.031853586190E-2,-7.263165509651E-2,
-8.464566929134E-2));
#7219=CARTESIAN_POINT('',(9.201906915744E-3,-7.229602320488E-2,
-8.464566929134E-2));
#7220=CARTESIAN_POINT('',(8.191735198593E-3,-7.181287993166E-2,
-8.464566929134E-2));
#7221=CARTESIAN_POINT('',(8.113125744716E-3,-7.177439335297E-2,
-8.464566929134E-2));
#7223=DIRECTION('',(0.E0,0.E0,-1.E0));
#7224=VECTOR('',#7223,1.E0);
#7225=SURFACE_OF_LINEAR_EXTRUSION('',#7222,#7224);
#7226=ORIENTED_EDGE('',*,*,#7207,.T.);
#7227=ORIENTED_EDGE('',*,*,#7196,.T.);
#7228=ORIENTED_EDGE('',*,*,#7070,.T.);
#7230=ORIENTED_EDGE('',*,*,#7229,.F.);
#7231=EDGE_LOOP('',(#7226,#7227,#7228,#7230));
#7232=FACE_OUTER_BOUND('',#7231,.F.);
#7233=ADVANCED_FACE('',(#7232),#7225,.T.);
#7234=CARTESIAN_POINT('',(1.461119452667E-2,-6.915686943548E-2,
-8.464566929134E-2));
#7235=CARTESIAN_POINT('',(1.463268454956E-2,-6.923024677384E-2,
-8.464566929134E-2));
#7236=CARTESIAN_POINT('',(1.512923638718E-2,-7.116571805813E-2,
-8.464566929134E-2));
#7237=CARTESIAN_POINT('',(1.361540696041E-2,-7.264488896477E-2,
-8.464566929134E-2));
#7238=CARTESIAN_POINT('',(1.167336936820E-2,-7.260219829111E-2,
-8.464566929134E-2));
#7239=CARTESIAN_POINT('',(1.159621752430E-2,-7.259817769714E-2,
-8.464566929134E-2));
#7241=DIRECTION('',(0.E0,0.E0,-1.E0));
#7242=VECTOR('',#7241,1.E0);
#7243=SURFACE_OF_LINEAR_EXTRUSION('',#7240,#7242);
#7244=ORIENTED_EDGE('',*,*,#7209,.T.);
#7245=ORIENTED_EDGE('',*,*,#7229,.T.);
#7246=ORIENTED_EDGE('',*,*,#7068,.T.);
#7248=ORIENTED_EDGE('',*,*,#7247,.F.);
#7249=EDGE_LOOP('',(#7244,#7245,#7246,#7248));
#7250=FACE_OUTER_BOUND('',#7249,.F.);
#7251=ADVANCED_FACE('',(#7250),#7243,.T.);
#7252=CARTESIAN_POINT('',(1.130248100892E-2,-6.534724210671E-2,
-8.464566929134E-2));
#7253=CARTESIAN_POINT('',(1.138681757831E-2,-6.534761066243E-2,
-8.464566929134E-2));
#7254=CARTESIAN_POINT('',(1.221916098894E-2,-6.557309997939E-2,
-8.464566929134E-2));
#7255=CARTESIAN_POINT('',(1.431935189856E-2,-6.739174806346E-2,
-8.464566929134E-2));
#7256=CARTESIAN_POINT('',(1.472166227193E-2,-6.964791300731E-2,
-8.464566929134E-2));
#7257=CARTESIAN_POINT('',(1.474034245300E-2,-6.978804026222E-2,
-8.464566929134E-2));
#7259=DIRECTION('',(0.E0,0.E0,-1.E0));
#7260=VECTOR('',#7259,1.E0);
#7261=SURFACE_OF_LINEAR_EXTRUSION('',#7258,#7260);
#7262=ORIENTED_EDGE('',*,*,#7211,.T.);
#7263=ORIENTED_EDGE('',*,*,#7247,.T.);
#7264=ORIENTED_EDGE('',*,*,#7066,.T.);
#7265=ORIENTED_EDGE('',*,*,#7193,.F.);
#7266=EDGE_LOOP('',(#7262,#7263,#7264,#7265));
#7267=FACE_OUTER_BOUND('',#7266,.F.);
#7268=ADVANCED_FACE('',(#7267),#7261,.T.);
#7269=CARTESIAN_POINT('',(-8.689220428874E-3,-6.546644900827E-2,
-8.464566929134E-2));
#7270=DIRECTION('',(9.815122935962E-1,1.913991053258E-1,0.E0));
#7271=DIRECTION('',(1.913991053258E-1,-9.815122935962E-1,0.E0));
#7272=AXIS2_PLACEMENT_3D('',#7269,#7270,#7271);
#7273=PLANE('',#7272);
#7275=ORIENTED_EDGE('',*,*,#7274,.F.);
#7277=ORIENTED_EDGE('',*,*,#7276,.T.);
#7278=ORIENTED_EDGE('',*,*,#7074,.T.);
#7280=ORIENTED_EDGE('',*,*,#7279,.F.);
#7281=EDGE_LOOP('',(#7275,#7277,#7278,#7280));
#7282=FACE_OUTER_BOUND('',#7281,.F.);
#7283=ADVANCED_FACE('',(#7282),#7273,.F.);
#7284=CARTESIAN_POINT('',(1.207205291339E-1,1.574803149606E-2,
-8.464566929134E-2));
#7285=DIRECTION('',(0.E0,0.E0,1.E0));
#7286=DIRECTION('',(-1.E0,0.E0,0.E0));
#7287=AXIS2_PLACEMENT_3D('',#7284,#7285,#7286);
#7288=PLANE('',#7287);
#7289=ORIENTED_EDGE('',*,*,#7274,.T.);
#7291=ORIENTED_EDGE('',*,*,#7290,.T.);
#7293=ORIENTED_EDGE('',*,*,#7292,.F.);
#7294=EDGE_LOOP('',(#7289,#7291,#7293));
#7295=FACE_OUTER_BOUND('',#7294,.F.);
#7296=ADVANCED_FACE('',(#7295),#7288,.F.);
#7297=CARTESIAN_POINT('',(-6.094281487137E-3,-7.877353562244E-2,
-8.464566929134E-2));
#7298=DIRECTION('',(-8.887589739205E-1,4.583748316344E-1,0.E0));
#7299=DIRECTION('',(4.583748316344E-1,8.887589739205E-1,0.E0));
#7300=AXIS2_PLACEMENT_3D('',#7297,#7298,#7299);
#7301=PLANE('',#7300);
#7302=ORIENTED_EDGE('',*,*,#7290,.F.);
#7303=ORIENTED_EDGE('',*,*,#7279,.T.);
#7304=ORIENTED_EDGE('',*,*,#7078,.T.);
#7306=ORIENTED_EDGE('',*,*,#7305,.F.);
#7307=EDGE_LOOP('',(#7302,#7303,#7304,#7306));
#7308=FACE_OUTER_BOUND('',#7307,.F.);
#7309=ADVANCED_FACE('',(#7308),#7301,.F.);
#7310=CARTESIAN_POINT('',(-8.800294055438E-3,-6.524410070978E-2,
-8.464566929134E-2));
#7311=CARTESIAN_POINT('',(-8.763665046821E-3,-6.531837223909E-2,
-8.464566929134E-2));
#7312=CARTESIAN_POINT('',(-7.285434256918E-3,-6.827749965173E-2,
-8.464566929134E-2));
#7313=CARTESIAN_POINT('',(-5.123318318815E-3,-7.105332319971E-2,
-8.464566929134E-2));
#7314=CARTESIAN_POINT('',(-2.793491855242E-3,-7.272856252235E-2,
-8.464566929134E-2));
#7315=CARTESIAN_POINT('',(-2.726626219579E-3,-7.277565373208E-2,
-8.464566929134E-2));
#7317=DIRECTION('',(0.E0,0.E0,-1.E0));
#7318=VECTOR('',#7317,1.E0);
#7319=SURFACE_OF_LINEAR_EXTRUSION('',#7316,#7318);
#7320=ORIENTED_EDGE('',*,*,#7292,.T.);
#7321=ORIENTED_EDGE('',*,*,#7305,.T.);
#7322=ORIENTED_EDGE('',*,*,#7076,.T.);
#7323=ORIENTED_EDGE('',*,*,#7276,.F.);
#7324=EDGE_LOOP('',(#7320,#7321,#7322,#7323));
#7325=FACE_OUTER_BOUND('',#7324,.F.);
#7326=ADVANCED_FACE('',(#7325),#7319,.T.);
#7327=CARTESIAN_POINT('',(-9.842519685039E-3,-1.417322834646E-1,
5.905511811024E-3));
#7328=DIRECTION('',(-1.E0,0.E0,0.E0));
#7329=DIRECTION('',(0.E0,0.E0,-1.E0));
#7330=AXIS2_PLACEMENT_3D('',#7327,#7328,#7329);
#7331=PLANE('',#7330);
#7333=ORIENTED_EDGE('',*,*,#7332,.F.);
#7335=ORIENTED_EDGE('',*,*,#7334,.F.);
#7336=ORIENTED_EDGE('',*,*,#4566,.F.);
#7338=ORIENTED_EDGE('',*,*,#7337,.T.);
#7339=EDGE_LOOP('',(#7333,#7335,#7336,#7338));
#7340=FACE_OUTER_BOUND('',#7339,.F.);
#7341=ADVANCED_FACE('',(#7340),#7331,.T.);
#7342=CARTESIAN_POINT('',(0.E0,-3.090551181102E-1,-3.053338582677E-1));
#7343=DIRECTION('',(0.E0,0.E0,1.E0));
#7344=DIRECTION('',(1.E0,0.E0,0.E0));
#7345=AXIS2_PLACEMENT_3D('',#7342,#7343,#7344);
#7346=CYLINDRICAL_SURFACE('',#7345,9.842519685039E-3);
#7348=ORIENTED_EDGE('',*,*,#7347,.T.);
#7350=ORIENTED_EDGE('',*,*,#7349,.F.);
#7352=ORIENTED_EDGE('',*,*,#7351,.T.);
#7353=ORIENTED_EDGE('',*,*,#7332,.T.);
#7354=EDGE_LOOP('',(#7348,#7350,#7352,#7353));
#7355=FACE_OUTER_BOUND('',#7354,.F.);
#7356=ADVANCED_FACE('',(#7355),#7346,.T.);
#7357=CARTESIAN_POINT('',(9.842519685039E-3,-1.417322834646E-1,
5.905511811024E-3));
#7358=DIRECTION('',(0.E0,0.E0,1.E0));
#7359=DIRECTION('',(-1.E0,0.E0,0.E0));
#7360=AXIS2_PLACEMENT_3D('',#7357,#7358,#7359);
#7361=PLANE('',#7360);
#7362=ORIENTED_EDGE('',*,*,#7347,.F.);
#7363=ORIENTED_EDGE('',*,*,#7337,.F.);
#7364=ORIENTED_EDGE('',*,*,#4572,.F.);
#7366=ORIENTED_EDGE('',*,*,#7365,.T.);
#7367=EDGE_LOOP('',(#7362,#7363,#7364,#7366));
#7368=FACE_OUTER_BOUND('',#7367,.F.);
#7369=ADVANCED_FACE('',(#7368),#7361,.T.);
#7370=CARTESIAN_POINT('',(9.842519685039E-3,-1.417322834646E-1,
-5.905511811024E-3));
#7371=DIRECTION('',(1.E0,0.E0,0.E0));
#7372=DIRECTION('',(0.E0,0.E0,1.E0));
#7373=AXIS2_PLACEMENT_3D('',#7370,#7371,#7372);
#7374=PLANE('',#7373);
#7375=ORIENTED_EDGE('',*,*,#7349,.T.);
#7376=ORIENTED_EDGE('',*,*,#7365,.F.);
#7377=ORIENTED_EDGE('',*,*,#4570,.F.);
#7379=ORIENTED_EDGE('',*,*,#7378,.T.);
#7380=EDGE_LOOP('',(#7375,#7376,#7377,#7379));
#7381=FACE_OUTER_BOUND('',#7380,.F.);
#7382=ADVANCED_FACE('',(#7381),#7374,.T.);
#7383=CARTESIAN_POINT('',(-9.842519685039E-3,-1.417322834646E-1,
-5.905511811024E-3));
#7384=DIRECTION('',(0.E0,0.E0,-1.E0));
#7385=DIRECTION('',(1.E0,0.E0,0.E0));
#7386=AXIS2_PLACEMENT_3D('',#7383,#7384,#7385);
#7387=PLANE('',#7386);
#7388=ORIENTED_EDGE('',*,*,#7351,.F.);
#7389=ORIENTED_EDGE('',*,*,#7378,.F.);
#7390=ORIENTED_EDGE('',*,*,#4568,.F.);
#7391=ORIENTED_EDGE('',*,*,#7334,.T.);
#7392=EDGE_LOOP('',(#7388,#7389,#7390,#7391));
#7393=FACE_OUTER_BOUND('',#7392,.F.);
#7394=ADVANCED_FACE('',(#7393),#7387,.T.);
#7395=CARTESIAN_POINT('',(6.889763779528E-2,-1.417322834646E-1,
5.905511811024E-3));
#7396=DIRECTION('',(-1.E0,0.E0,0.E0));
#7397=DIRECTION('',(0.E0,0.E0,-1.E0));
#7398=AXIS2_PLACEMENT_3D('',#7395,#7396,#7397);
#7399=PLANE('',#7398);
#7401=ORIENTED_EDGE('',*,*,#7400,.F.);
#7403=ORIENTED_EDGE('',*,*,#7402,.F.);
#7404=ORIENTED_EDGE('',*,*,#4576,.F.);
#7406=ORIENTED_EDGE('',*,*,#7405,.T.);
#7407=EDGE_LOOP('',(#7401,#7403,#7404,#7406));
#7408=FACE_OUTER_BOUND('',#7407,.F.);
#7409=ADVANCED_FACE('',(#7408),#7399,.T.);
#7410=CARTESIAN_POINT('',(7.874015748031E-2,-3.090551181102E-1,
-3.053338582677E-1));
#7411=DIRECTION('',(0.E0,0.E0,1.E0));
#7412=DIRECTION('',(1.E0,0.E0,0.E0));
#7413=AXIS2_PLACEMENT_3D('',#7410,#7411,#7412);
#7414=CYLINDRICAL_SURFACE('',#7413,9.842519685039E-3);
#7416=ORIENTED_EDGE('',*,*,#7415,.T.);
#7418=ORIENTED_EDGE('',*,*,#7417,.F.);
#7420=ORIENTED_EDGE('',*,*,#7419,.T.);
#7421=ORIENTED_EDGE('',*,*,#7400,.T.);
#7422=EDGE_LOOP('',(#7416,#7418,#7420,#7421));
#7423=FACE_OUTER_BOUND('',#7422,.F.);
#7424=ADVANCED_FACE('',(#7423),#7414,.T.);
#7425=CARTESIAN_POINT('',(8.858267716535E-2,-1.417322834646E-1,
5.905511811024E-3));
#7426=DIRECTION('',(0.E0,0.E0,1.E0));
#7427=DIRECTION('',(-1.E0,0.E0,0.E0));
#7428=AXIS2_PLACEMENT_3D('',#7425,#7426,#7427);
#7429=PLANE('',#7428);
#7430=ORIENTED_EDGE('',*,*,#7415,.F.);
#7431=ORIENTED_EDGE('',*,*,#7405,.F.);
#7432=ORIENTED_EDGE('',*,*,#4582,.F.);
#7434=ORIENTED_EDGE('',*,*,#7433,.T.);
#7435=EDGE_LOOP('',(#7430,#7431,#7432,#7434));
#7436=FACE_OUTER_BOUND('',#7435,.F.);
#7437=ADVANCED_FACE('',(#7436),#7429,.T.);
#7438=CARTESIAN_POINT('',(8.858267716535E-2,-1.417322834646E-1,
-5.905511811024E-3));
#7439=DIRECTION('',(1.E0,0.E0,0.E0));
#7440=DIRECTION('',(0.E0,0.E0,1.E0));
#7441=AXIS2_PLACEMENT_3D('',#7438,#7439,#7440);
#7442=PLANE('',#7441);
#7443=ORIENTED_EDGE('',*,*,#7417,.T.);
#7444=ORIENTED_EDGE('',*,*,#7433,.F.);
#7445=ORIENTED_EDGE('',*,*,#4580,.F.);
#7447=ORIENTED_EDGE('',*,*,#7446,.T.);
#7448=EDGE_LOOP('',(#7443,#7444,#7445,#7447));
#7449=FACE_OUTER_BOUND('',#7448,.F.);
#7450=ADVANCED_FACE('',(#7449),#7442,.T.);
#7451=CARTESIAN_POINT('',(6.889763779528E-2,-1.417322834646E-1,
-5.905511811024E-3));
#7452=DIRECTION('',(0.E0,0.E0,-1.E0));
#7453=DIRECTION('',(1.E0,0.E0,0.E0));
#7454=AXIS2_PLACEMENT_3D('',#7451,#7452,#7453);
#7455=PLANE('',#7454);
#7456=ORIENTED_EDGE('',*,*,#7419,.F.);
#7457=ORIENTED_EDGE('',*,*,#7446,.F.);
#7458=ORIENTED_EDGE('',*,*,#4578,.F.);
#7459=ORIENTED_EDGE('',*,*,#7402,.T.);
#7460=EDGE_LOOP('',(#7456,#7457,#7458,#7459));
#7461=FACE_OUTER_BOUND('',#7460,.F.);
#7462=ADVANCED_FACE('',(#7461),#7455,.T.);
#7463=CARTESIAN_POINT('',(1.476377952756E-1,-1.417322834646E-1,
5.905511811024E-3));
#7464=DIRECTION('',(-1.E0,0.E0,0.E0));
#7465=DIRECTION('',(0.E0,0.E0,-1.E0));
#7466=AXIS2_PLACEMENT_3D('',#7463,#7464,#7465);
#7467=PLANE('',#7466);
#7469=ORIENTED_EDGE('',*,*,#7468,.F.);
#7471=ORIENTED_EDGE('',*,*,#7470,.F.);
#7472=ORIENTED_EDGE('',*,*,#4586,.F.);
#7474=ORIENTED_EDGE('',*,*,#7473,.T.);
#7475=EDGE_LOOP('',(#7469,#7471,#7472,#7474));
#7476=FACE_OUTER_BOUND('',#7475,.F.);
#7477=ADVANCED_FACE('',(#7476),#7467,.T.);
#7478=CARTESIAN_POINT('',(1.574803149606E-1,-3.090551181102E-1,
-3.053338582677E-1));
#7479=DIRECTION('',(0.E0,0.E0,1.E0));
#7480=DIRECTION('',(1.E0,0.E0,0.E0));
#7481=AXIS2_PLACEMENT_3D('',#7478,#7479,#7480);
#7482=CYLINDRICAL_SURFACE('',#7481,9.842519685039E-3);
#7484=ORIENTED_EDGE('',*,*,#7483,.T.);
#7486=ORIENTED_EDGE('',*,*,#7485,.F.);
#7488=ORIENTED_EDGE('',*,*,#7487,.T.);
#7489=ORIENTED_EDGE('',*,*,#7468,.T.);
#7490=EDGE_LOOP('',(#7484,#7486,#7488,#7489));
#7491=FACE_OUTER_BOUND('',#7490,.F.);
#7492=ADVANCED_FACE('',(#7491),#7482,.T.);
#7493=CARTESIAN_POINT('',(1.673228346457E-1,-1.417322834646E-1,
5.905511811024E-3));
#7494=DIRECTION('',(0.E0,0.E0,1.E0));
#7495=DIRECTION('',(-1.E0,0.E0,0.E0));
#7496=AXIS2_PLACEMENT_3D('',#7493,#7494,#7495);
#7497=PLANE('',#7496);
#7498=ORIENTED_EDGE('',*,*,#7483,.F.);
#7499=ORIENTED_EDGE('',*,*,#7473,.F.);
#7500=ORIENTED_EDGE('',*,*,#4592,.F.);
#7502=ORIENTED_EDGE('',*,*,#7501,.T.);
#7503=EDGE_LOOP('',(#7498,#7499,#7500,#7502));
#7504=FACE_OUTER_BOUND('',#7503,.F.);
#7505=ADVANCED_FACE('',(#7504),#7497,.T.);
#7506=CARTESIAN_POINT('',(1.673228346457E-1,-1.417322834646E-1,
-5.905511811024E-3));
#7507=DIRECTION('',(1.E0,0.E0,0.E0));
#7508=DIRECTION('',(0.E0,0.E0,1.E0));
#7509=AXIS2_PLACEMENT_3D('',#7506,#7507,#7508);
#7510=PLANE('',#7509);
#7511=ORIENTED_EDGE('',*,*,#7485,.T.);
#7512=ORIENTED_EDGE('',*,*,#7501,.F.);
#7513=ORIENTED_EDGE('',*,*,#4590,.F.);
#7515=ORIENTED_EDGE('',*,*,#7514,.T.);
#7516=EDGE_LOOP('',(#7511,#7512,#7513,#7515));
#7517=FACE_OUTER_BOUND('',#7516,.F.);
#7518=ADVANCED_FACE('',(#7517),#7510,.T.);
#7519=CARTESIAN_POINT('',(1.476377952756E-1,-1.417322834646E-1,
-5.905511811024E-3));
#7520=DIRECTION('',(0.E0,0.E0,-1.E0));
#7521=DIRECTION('',(1.E0,0.E0,0.E0));
#7522=AXIS2_PLACEMENT_3D('',#7519,#7520,#7521);
#7523=PLANE('',#7522);
#7524=ORIENTED_EDGE('',*,*,#7487,.F.);
#7525=ORIENTED_EDGE('',*,*,#7514,.F.);
#7526=ORIENTED_EDGE('',*,*,#4588,.T.);
#7527=ORIENTED_EDGE('',*,*,#7470,.T.);
#7528=EDGE_LOOP('',(#7524,#7525,#7526,#7527));
#7529=FACE_OUTER_BOUND('',#7528,.F.);
#7530=ADVANCED_FACE('',(#7529),#7523,.T.);
#7531=CARTESIAN_POINT('',(-1.673228346457E-1,-1.417322834646E-1,
5.905511811024E-3));
#7532=DIRECTION('',(-1.E0,0.E0,0.E0));
#7533=DIRECTION('',(0.E0,0.E0,-1.E0));
#7534=AXIS2_PLACEMENT_3D('',#7531,#7532,#7533);
#7535=PLANE('',#7534);
#7537=ORIENTED_EDGE('',*,*,#7536,.F.);
#7539=ORIENTED_EDGE('',*,*,#7538,.F.);
#7540=ORIENTED_EDGE('',*,*,#4596,.F.);
#7542=ORIENTED_EDGE('',*,*,#7541,.T.);
#7543=EDGE_LOOP('',(#7537,#7539,#7540,#7542));
#7544=FACE_OUTER_BOUND('',#7543,.F.);
#7545=ADVANCED_FACE('',(#7544),#7535,.T.);
#7546=CARTESIAN_POINT('',(-1.574803149606E-1,-3.090551181102E-1,
-3.053338582677E-1));
#7547=DIRECTION('',(0.E0,0.E0,1.E0));
#7548=DIRECTION('',(1.E0,0.E0,0.E0));
#7549=AXIS2_PLACEMENT_3D('',#7546,#7547,#7548);
#7550=CYLINDRICAL_SURFACE('',#7549,9.842519685039E-3);
#7552=ORIENTED_EDGE('',*,*,#7551,.T.);
#7554=ORIENTED_EDGE('',*,*,#7553,.F.);
#7556=ORIENTED_EDGE('',*,*,#7555,.T.);
#7557=ORIENTED_EDGE('',*,*,#7536,.T.);
#7558=EDGE_LOOP('',(#7552,#7554,#7556,#7557));
#7559=FACE_OUTER_BOUND('',#7558,.F.);
#7560=ADVANCED_FACE('',(#7559),#7550,.T.);
#7561=CARTESIAN_POINT('',(-1.476377952756E-1,-1.417322834646E-1,
5.905511811024E-3));
#7562=DIRECTION('',(0.E0,0.E0,1.E0));
#7563=DIRECTION('',(-1.E0,0.E0,0.E0));
#7564=AXIS2_PLACEMENT_3D('',#7561,#7562,#7563);
#7565=PLANE('',#7564);
#7566=ORIENTED_EDGE('',*,*,#7551,.F.);
#7567=ORIENTED_EDGE('',*,*,#7541,.F.);
#7568=ORIENTED_EDGE('',*,*,#4602,.F.);
#7570=ORIENTED_EDGE('',*,*,#7569,.T.);
#7571=EDGE_LOOP('',(#7566,#7567,#7568,#7570));
#7572=FACE_OUTER_BOUND('',#7571,.F.);
#7573=ADVANCED_FACE('',(#7572),#7565,.T.);
#7574=CARTESIAN_POINT('',(-1.476377952756E-1,-1.417322834646E-1,
-5.905511811024E-3));
#7575=DIRECTION('',(1.E0,0.E0,0.E0));
#7576=DIRECTION('',(0.E0,0.E0,1.E0));
#7577=AXIS2_PLACEMENT_3D('',#7574,#7575,#7576);
#7578=PLANE('',#7577);
#7579=ORIENTED_EDGE('',*,*,#7553,.T.);
#7580=ORIENTED_EDGE('',*,*,#7569,.F.);
#7581=ORIENTED_EDGE('',*,*,#4600,.F.);
#7583=ORIENTED_EDGE('',*,*,#7582,.T.);
#7584=EDGE_LOOP('',(#7579,#7580,#7581,#7583));
#7585=FACE_OUTER_BOUND('',#7584,.F.);
#7586=ADVANCED_FACE('',(#7585),#7578,.T.);
#7587=CARTESIAN_POINT('',(-1.673228346457E-1,-1.417322834646E-1,
-5.905511811024E-3));
#7588=DIRECTION('',(0.E0,0.E0,-1.E0));
#7589=DIRECTION('',(1.E0,0.E0,0.E0));
#7590=AXIS2_PLACEMENT_3D('',#7587,#7588,#7589);
#7591=PLANE('',#7590);
#7592=ORIENTED_EDGE('',*,*,#7555,.F.);
#7593=ORIENTED_EDGE('',*,*,#7582,.F.);
#7594=ORIENTED_EDGE('',*,*,#4598,.F.);
#7595=ORIENTED_EDGE('',*,*,#7538,.T.);
#7596=EDGE_LOOP('',(#7592,#7593,#7594,#7595));
#7597=FACE_OUTER_BOUND('',#7596,.F.);
#7598=ADVANCED_FACE('',(#7597),#7591,.T.);
#7599=CARTESIAN_POINT('',(-8.661417322835E-2,-5.866141732283E-2,
7.677165354331E-2));
#7600=DIRECTION('',(1.E0,0.E0,0.E0));
#7601=DIRECTION('',(0.E0,1.E0,0.E0));
#7602=AXIS2_PLACEMENT_3D('',#7599,#7600,#7601);
#7603=PLANE('',#7602);
#7604=ORIENTED_EDGE('',*,*,#4452,.T.);
#7606=ORIENTED_EDGE('',*,*,#7605,.T.);
#7607=ORIENTED_EDGE('',*,*,#4151,.F.);
#7609=ORIENTED_EDGE('',*,*,#7608,.F.);
#7610=EDGE_LOOP('',(#7604,#7606,#7607,#7609));
#7611=FACE_OUTER_BOUND('',#7610,.F.);
#7612=ADVANCED_FACE('',(#7611),#7603,.T.);
#7613=CARTESIAN_POINT('',(-7.874015748031E-2,-3.346456692913E-2,
7.677165354331E-2));
#7614=DIRECTION('',(0.E0,-1.E0,0.E0));
#7615=DIRECTION('',(1.E0,0.E0,0.E0));
#7616=AXIS2_PLACEMENT_3D('',#7613,#7614,#7615);
#7617=PLANE('',#7616);
#7618=ORIENTED_EDGE('',*,*,#4458,.T.);
#7620=ORIENTED_EDGE('',*,*,#7619,.T.);
#7621=ORIENTED_EDGE('',*,*,#4153,.F.);
#7622=ORIENTED_EDGE('',*,*,#7605,.F.);
#7623=EDGE_LOOP('',(#7618,#7620,#7621,#7622));
#7624=FACE_OUTER_BOUND('',#7623,.F.);
#7625=ADVANCED_FACE('',(#7624),#7617,.T.);
#7626=CARTESIAN_POINT('',(-7.086614173228E-2,-5.866141732283E-2,
7.677165354331E-2));
#7627=DIRECTION('',(-1.E0,0.E0,0.E0));
#7628=DIRECTION('',(0.E0,-1.E0,0.E0));
#7629=AXIS2_PLACEMENT_3D('',#7626,#7627,#7628);
#7630=PLANE('',#7629);
#7631=ORIENTED_EDGE('',*,*,#4456,.T.);
#7633=ORIENTED_EDGE('',*,*,#7632,.T.);
#7634=ORIENTED_EDGE('',*,*,#4155,.F.);
#7635=ORIENTED_EDGE('',*,*,#7619,.F.);
#7636=EDGE_LOOP('',(#7631,#7633,#7634,#7635));
#7637=FACE_OUTER_BOUND('',#7636,.F.);
#7638=ADVANCED_FACE('',(#7637),#7630,.T.);
#7639=CARTESIAN_POINT('',(-7.874015748031E-2,-8.385826771654E-2,
7.677165354331E-2));
#7640=DIRECTION('',(0.E0,1.E0,0.E0));
#7641=DIRECTION('',(-1.E0,0.E0,0.E0));
#7642=AXIS2_PLACEMENT_3D('',#7639,#7640,#7641);
#7643=PLANE('',#7642);
#7644=ORIENTED_EDGE('',*,*,#4454,.T.);
#7645=ORIENTED_EDGE('',*,*,#7608,.T.);
#7646=ORIENTED_EDGE('',*,*,#4157,.F.);
#7647=ORIENTED_EDGE('',*,*,#7632,.F.);
#7648=EDGE_LOOP('',(#7644,#7645,#7646,#7647));
#7649=FACE_OUTER_BOUND('',#7648,.F.);
#7650=ADVANCED_FACE('',(#7649),#7643,.T.);
#7651=CARTESIAN_POINT('',(7.086614173228E-2,-5.866141732283E-2,
7.677165354331E-2));
#7652=DIRECTION('',(1.E0,0.E0,0.E0));
#7653=DIRECTION('',(0.E0,1.E0,0.E0));
#7654=AXIS2_PLACEMENT_3D('',#7651,#7652,#7653);
#7655=PLANE('',#7654);
#7656=ORIENTED_EDGE('',*,*,#4462,.T.);
#7658=ORIENTED_EDGE('',*,*,#7657,.T.);
#7659=ORIENTED_EDGE('',*,*,#4141,.F.);
#7661=ORIENTED_EDGE('',*,*,#7660,.F.);
#7662=EDGE_LOOP('',(#7656,#7658,#7659,#7661));
#7663=FACE_OUTER_BOUND('',#7662,.F.);
#7664=ADVANCED_FACE('',(#7663),#7655,.T.);
#7665=CARTESIAN_POINT('',(7.874015748031E-2,-3.346456692913E-2,
7.677165354331E-2));
#7666=DIRECTION('',(0.E0,-1.E0,0.E0));
#7667=DIRECTION('',(1.E0,0.E0,0.E0));
#7668=AXIS2_PLACEMENT_3D('',#7665,#7666,#7667);
#7669=PLANE('',#7668);
#7670=ORIENTED_EDGE('',*,*,#4468,.T.);
#7672=ORIENTED_EDGE('',*,*,#7671,.T.);
#7673=ORIENTED_EDGE('',*,*,#4143,.F.);
#7674=ORIENTED_EDGE('',*,*,#7657,.F.);
#7675=EDGE_LOOP('',(#7670,#7672,#7673,#7674));
#7676=FACE_OUTER_BOUND('',#7675,.F.);
#7677=ADVANCED_FACE('',(#7676),#7669,.T.);
#7678=CARTESIAN_POINT('',(8.661417322835E-2,-5.866141732283E-2,
7.677165354331E-2));
#7679=DIRECTION('',(-1.E0,0.E0,0.E0));
#7680=DIRECTION('',(0.E0,-1.E0,0.E0));
#7681=AXIS2_PLACEMENT_3D('',#7678,#7679,#7680);
#7682=PLANE('',#7681);
#7683=ORIENTED_EDGE('',*,*,#4466,.T.);
#7685=ORIENTED_EDGE('',*,*,#7684,.T.);
#7686=ORIENTED_EDGE('',*,*,#4145,.F.);
#7687=ORIENTED_EDGE('',*,*,#7671,.F.);
#7688=EDGE_LOOP('',(#7683,#7685,#7686,#7687));
#7689=FACE_OUTER_BOUND('',#7688,.F.);
#7690=ADVANCED_FACE('',(#7689),#7682,.T.);
#7691=CARTESIAN_POINT('',(7.874015748031E-2,-8.385826771654E-2,
7.677165354331E-2));
#7692=DIRECTION('',(0.E0,1.E0,0.E0));
#7693=DIRECTION('',(-1.E0,0.E0,0.E0));
#7694=AXIS2_PLACEMENT_3D('',#7691,#7692,#7693);
#7695=PLANE('',#7694);
#7696=ORIENTED_EDGE('',*,*,#4464,.T.);
#7697=ORIENTED_EDGE('',*,*,#7660,.T.);
#7698=ORIENTED_EDGE('',*,*,#4147,.F.);
#7699=ORIENTED_EDGE('',*,*,#7684,.F.);
#7700=EDGE_LOOP('',(#7696,#7697,#7698,#7699));
#7701=FACE_OUTER_BOUND('',#7700,.F.);
#7702=ADVANCED_FACE('',(#7701),#7695,.T.);
#7703=CARTESIAN_POINT('',(-1.377952755906E-2,-5.866141732283E-2,
7.677165354331E-2));
#7704=DIRECTION('',(1.E0,0.E0,0.E0));
#7705=DIRECTION('',(0.E0,1.E0,0.E0));
#7706=AXIS2_PLACEMENT_3D('',#7703,#7704,#7705);
#7707=PLANE('',#7706);
#7708=ORIENTED_EDGE('',*,*,#4472,.T.);
#7710=ORIENTED_EDGE('',*,*,#7709,.T.);
#7711=ORIENTED_EDGE('',*,*,#4131,.F.);
#7713=ORIENTED_EDGE('',*,*,#7712,.F.);
#7714=EDGE_LOOP('',(#7708,#7710,#7711,#7713));
#7715=FACE_OUTER_BOUND('',#7714,.F.);
#7716=ADVANCED_FACE('',(#7715),#7707,.T.);
#7717=CARTESIAN_POINT('',(0.E0,-3.346456692913E-2,7.677165354331E-2));
#7718=DIRECTION('',(0.E0,-1.E0,0.E0));
#7719=DIRECTION('',(1.E0,0.E0,0.E0));
#7720=AXIS2_PLACEMENT_3D('',#7717,#7718,#7719);
#7721=PLANE('',#7720);
#7722=ORIENTED_EDGE('',*,*,#4478,.T.);
#7724=ORIENTED_EDGE('',*,*,#7723,.T.);
#7725=ORIENTED_EDGE('',*,*,#4133,.F.);
#7726=ORIENTED_EDGE('',*,*,#7709,.F.);
#7727=EDGE_LOOP('',(#7722,#7724,#7725,#7726));
#7728=FACE_OUTER_BOUND('',#7727,.F.);
#7729=ADVANCED_FACE('',(#7728),#7721,.T.);
#7730=CARTESIAN_POINT('',(1.377952755906E-2,-5.866141732283E-2,
7.677165354331E-2));
#7731=DIRECTION('',(-1.E0,0.E0,0.E0));
#7732=DIRECTION('',(0.E0,-1.E0,0.E0));
#7733=AXIS2_PLACEMENT_3D('',#7730,#7731,#7732);
#7734=PLANE('',#7733);
#7735=ORIENTED_EDGE('',*,*,#4476,.T.);
#7737=ORIENTED_EDGE('',*,*,#7736,.T.);
#7738=ORIENTED_EDGE('',*,*,#4135,.F.);
#7739=ORIENTED_EDGE('',*,*,#7723,.F.);
#7740=EDGE_LOOP('',(#7735,#7737,#7738,#7739));
#7741=FACE_OUTER_BOUND('',#7740,.F.);
#7742=ADVANCED_FACE('',(#7741),#7734,.T.);
#7743=CARTESIAN_POINT('',(0.E0,-8.385826771654E-2,7.677165354331E-2));
#7744=DIRECTION('',(0.E0,1.E0,0.E0));
#7745=DIRECTION('',(-1.E0,0.E0,0.E0));
#7746=AXIS2_PLACEMENT_3D('',#7743,#7744,#7745);
#7747=PLANE('',#7746);
#7748=ORIENTED_EDGE('',*,*,#4474,.T.);
#7749=ORIENTED_EDGE('',*,*,#7712,.T.);
#7750=ORIENTED_EDGE('',*,*,#4137,.F.);
#7751=ORIENTED_EDGE('',*,*,#7736,.F.);
#7752=EDGE_LOOP('',(#7748,#7749,#7750,#7751));
#7753=FACE_OUTER_BOUND('',#7752,.F.);
#7754=ADVANCED_FACE('',(#7753),#7747,.T.);
#7755=CARTESIAN_POINT('',(1.707480314961E-1,-1.515748031496E-1,
4.769841796613E-2));
#7756=DIRECTION('',(0.E0,-1.E0,0.E0));
#7757=DIRECTION('',(-1.E0,0.E0,0.E0));
#7758=AXIS2_PLACEMENT_3D('',#7755,#7756,#7757);
#7759=CYLINDRICAL_SURFACE('',#7758,1.625984251969E-2);
#7760=ORIENTED_EDGE('',*,*,#4380,.T.);
#7761=ORIENTED_EDGE('',*,*,#4308,.T.);
#7762=ORIENTED_EDGE('',*,*,#4324,.F.);
#7763=ORIENTED_EDGE('',*,*,#4366,.F.);
#7764=EDGE_LOOP('',(#7760,#7761,#7762,#7763));
#7765=FACE_OUTER_BOUND('',#7764,.F.);
#7766=ADVANCED_FACE('',(#7765),#7759,.T.);
#7767=CLOSED_SHELL('',(#3691,#3706,#3720,#3734,#3748,#3762,#3777,#3791,#3806,
#3820,#3834,#3848,#3862,#3876,#3890,#3904,#3918,#3932,#3946,#3960,#3974,#3988,
#4001,#4030,#4043,#4084,#4161,#4176,#4195,#4239,#4256,#4270,#4284,#4299,#4314,
#4329,#4342,#4357,#4371,#4385,#4398,#4482,#4496,#4511,#4525,#4606,#4620,#4633,
#4646,#4661,#4676,#4691,#4704,#4719,#4733,#4747,#4759,#4771,#4783,#4798,#4811,
#4823,#4835,#4961,#4976,#4991,#5004,#5017,#5030,#5043,#5057,#5089,#5102,#5115,
#5128,#5140,#5152,#5167,#5181,#5195,#5209,#5224,#5270,#5285,#5299,#5313,#5327,
#5341,#5355,#5369,#5383,#5397,#5411,#5425,#5439,#5453,#5467,#5480,#5511,#5524,
#5537,#5549,#5562,#5575,#5588,#5601,#5615,#5628,#5665,#5679,#5693,#5706,#5720,
#5733,#5746,#5761,#5776,#5791,#5804,#5819,#5833,#5847,#5859,#5871,#5883,#5897,
#5911,#5924,#5938,#5951,#5964,#5979,#5994,#6009,#6022,#6037,#6051,#6065,#6077,
#6089,#6101,#6113,#6125,#6141,#6166,#6179,#6193,#6205,#6222,#6236,#6250,#6263,
#6275,#6296,#6310,#6330,#6343,#6356,#6369,#6382,#6394,#6409,#6428,#6446,#6464,
#6483,#6497,#6511,#6525,#6544,#6564,#6583,#6602,#6632,#6646,#6665,#6679,#6693,
#6707,#6721,#6735,#6749,#6763,#6777,#6791,#6805,#6819,#6833,#6847,#6861,#6875,
#6894,#6918,#6935,#6981,#6995,#7008,#7082,#7102,#7119,#7137,#7150,#7168,#7185,
#7200,#7215,#7233,#7251,#7268,#7283,#7296,#7309,#7326,#7341,#7356,#7369,#7382,
#7394,#7409,#7424,#7437,#7450,#7462,#7477,#7492,#7505,#7518,#7530,#7545,#7560,
#7573,#7586,#7598,#7612,#7625,#7638,#7650,#7664,#7677,#7690,#7702,#7716,#7729,
#7742,#7754,#7766));
#7768=MANIFOLD_SOLID_BREP('',#7767);
#7769=DIMENSIONAL_EXPONENTS(1.E0,0.E0,0.E0,0.E0,0.E0,0.E0,0.E0);
#7771=LENGTH_MEASURE_WITH_UNIT(LENGTH_MEASURE(2.54E1),#7770);
#7772=(CONVERSION_BASED_UNIT('INCH',#7771)LENGTH_UNIT()NAMED_UNIT(#7769));
#7773=DIMENSIONAL_EXPONENTS(0.E0,0.E0,0.E0,0.E0,0.E0,0.E0,0.E0);
#7775=PLANE_ANGLE_MEASURE_WITH_UNIT(PLANE_ANGLE_MEASURE(1.745329251994E-2),
#7774);
#7776=(CONVERSION_BASED_UNIT('DEGREE',#7775)NAMED_UNIT(*)PLANE_ANGLE_UNIT());
#7778=UNCERTAINTY_MEASURE_WITH_UNIT(LENGTH_MEASURE(3.750766936377E-5),#7772,
'distance_accuracy_value',
'Maximum model space distance between geometric entities at asserted connectivities');
#7779=(GEOMETRIC_REPRESENTATION_CONTEXT(3)GLOBAL_UNCERTAINTY_ASSIGNED_CONTEXT((
#7778))GLOBAL_UNIT_ASSIGNED_CONTEXT((#7772,#7776,#7777))REPRESENTATION_CONTEXT(
'ID1','3'));
#7781=APPLICATION_CONTEXT('automotive_design');
#7782=APPLICATION_PROTOCOL_DEFINITION('draft international standard',
'automotive_design',1998,#7781);
#7783=PRODUCT_DEFINITION_CONTEXT('part definition',#7781,'design');
#7784=PRODUCT_CONTEXT('',#7781,'mechanical');
#7785=PRODUCT('OS-103011MS8QP1_SW0001_PRT','OS-103011MS8QP1_SW0001_PRT',
'NOT SPECIFIED',(#7784));
#7786=PRODUCT_DEFINITION_FORMATION_WITH_SPECIFIED_SOURCE('1','LAST_VERSION',
#7785,.MADE.);
#7790=PRODUCT_TYPE('part','',(#7785));
#1=DRAUGHTING_PRE_DEFINED_COLOUR('black');
#2=COLOUR_RGB('',0.E0,3.33E-1,6.67E-1);
#3=COLOUR_RGB('',0.E0,7.5E-1,1.E0);
#4=COLOUR_RGB('',2.5E-1,5.E-1,1.E0);
#5=COLOUR_RGB('',2.5E-1,6.67E-1,6.67E-1);
#6=COLOUR_RGB('',3.33E-1,3.33E-1,3.33E-1);
#7=COLOUR_RGB('',5.E-1,5.E-1,5.E-1);
#8=COLOUR_RGB('',5.E-1,7.5E-1,2.5E-1);
#9=COLOUR_RGB('',5.E-1,1.E0,0.E0);
#10=COLOUR_RGB('',6.67E-1,6.67E-1,6.67E-1);
#11=COLOUR_RGB('',6.67E-1,1.E0,6.67E-1);
#12=COLOUR_RGB('',7.5E-1,0.E0,0.E0);
#13=COLOUR_RGB('',7.5E-1,2.5E-1,5.E-1);
#14=COLOUR_RGB('',7.5E-1,5.E-1,5.E-1);
#15=COLOUR_RGB('',7.5E-1,5.E-1,7.5E-1);
#16=COLOUR_RGB('',7.5E-1,7.5E-1,5.E-1);
#17=COLOUR_RGB('',7.5E-1,7.5E-1,7.5E-1);
#18=COLOUR_RGB('',7.5E-1,7.5E-1,1.E0);
#19=COLOUR_RGB('',7.5E-1,1.E0,5.E-1);
#20=COLOUR_RGB('',7.5E-1,1.E0,1.E0);
#21=COLOUR_RGB('',8.784E-1,9.49E-1,1.E0);
#22=COLOUR_RGB('',1.E0,2.5E-1,5.E-1);
#23=COLOUR_RGB('',1.E0,5.E-1,0.E0);
#24=COLOUR_RGB('',1.E0,5.E-1,5.E-1);
#25=COLOUR_RGB('',1.E0,5.E-1,1.E0);
#26=COLOUR_RGB('',1.E0,7.5E-1,0.E0);
#27=COLOUR_RGB('',1.E0,7.5E-1,5.E-1);
#28=COLOUR_RGB('',1.E0,7.5E-1,7.5E-1);
#29=COLOUR_RGB('',1.E0,7.5E-1,1.E0);
#30=DRAUGHTING_PRE_DEFINED_COLOUR('yellow');
#31=COLOUR_RGB('',1.E0,1.E0,5.E-1);
#32=COLOUR_RGB('',1.E0,1.E0,7.5E-1);
#33=DRAUGHTING_PRE_DEFINED_COLOUR('white');
#38=CIRCLE('',#37,1.5E-2);
#51=CIRCLE('',#50,3.E-2);
#60=CIRCLE('',#59,1.2E-2);
#69=CIRCLE('',#68,3.E-2);
#82=CIRCLE('',#81,1.5E-2);
#143=CIRCLE('',#142,1.8E-2);
#148=CIRCLE('',#147,1.8E-2);
#225=CIRCLE('',#224,1.5E-2);
#254=CIRCLE('',#253,1.5E-2);
#267=CIRCLE('',#266,3.E-2);
#276=CIRCLE('',#275,1.2E-2);
#285=CIRCLE('',#284,3.E-2);
#298=CIRCLE('',#297,2.251968503937E-3);
#307=CIRCLE('',#306,2.251968503937E-3);
#576=CIRCLE('',#575,1.625984251969E-2);
#589=CIRCLE('',#588,1.968503937008E-3);
#594=CIRCLE('',#593,1.968503937008E-3);
#611=CIRCLE('',#610,1.625984251969E-2);
#624=CIRCLE('',#623,1.771653543307E-2);
#629=CIRCLE('',#628,1.771653543307E-2);
#934=CIRCLE('',#933,1.625E-2);
#947=CIRCLE('',#946,1.968503937008E-3);
#952=CIRCLE('',#951,1.968503937008E-3);
#969=CIRCLE('',#968,1.625E-2);
#982=CIRCLE('',#981,1.771653543307E-2);
#987=CIRCLE('',#986,1.771653543307E-2);
#1151=B_SPLINE_CURVE_WITH_KNOTS('',3,(#1120,#1121,#1122,#1123,#1124,#1125,#1126,
#1127,#1128,#1129,#1130,#1131,#1132,#1133,#1134,#1135,#1136,#1137,#1138,#1139,
#1140,#1141,#1142,#1143,#1144,#1145,#1146,#1147,#1148,#1149,#1150),
.UNSPECIFIED.,.F.,.F.,(4,1,1,1,1,1,1,1,1,1,1,1,1,1,1,1,1,1,1,1,1,1,1,1,1,1,1,1,
4),(0.E0,9.016535231072E-2,1.803307046214E-1,2.254133807768E-1,
2.704960569322E-1,3.155787330875E-1,3.381200711652E-1,3.606614092429E-1,
3.825116549449E-1,4.043619006469E-1,4.480623920508E-1,4.917628834548E-1,
5.354633748588E-1,5.791638662628E-1,6.228643576667E-1,6.447146033687E-1,
6.665648490707E-1,6.884150947727E-1,6.993402176237E-1,7.102653404747E-1,
7.283737566950E-1,7.464821729153E-1,7.645905891357E-1,7.826990053560E-1,
8.189158377967E-1,8.551326702373E-1,8.913495026780E-1,9.275663351187E-1,1.E0),
.UNSPECIFIED.);
#1156=B_SPLINE_CURVE_WITH_KNOTS('',3,(#1152,#1153,#1154,#1155),.UNSPECIFIED.,
.F.,.F.,(4,4),(0.E0,1.E0),.UNSPECIFIED.);
#1166=B_SPLINE_CURVE_WITH_KNOTS('',3,(#1157,#1158,#1159,#1160,#1161,#1162,#1163,
#1164,#1165),.UNSPECIFIED.,.F.,.F.,(4,1,1,1,1,1,4),(0.E0,4.328935680726E-1,
6.493403521088E-1,7.575637441270E-1,8.657871361451E-1,9.975698077872E-1,1.E0),
.UNSPECIFIED.);
#1171=B_SPLINE_CURVE_WITH_KNOTS('',3,(#1167,#1168,#1169,#1170),.UNSPECIFIED.,
.F.,.F.,(4,4),(0.E0,1.E0),.UNSPECIFIED.);
#1236=B_SPLINE_CURVE_WITH_KNOTS('',3,(#1232,#1233,#1234,#1235),.UNSPECIFIED.,
.F.,.F.,(4,4),(0.E0,1.E0),.UNSPECIFIED.);
#1256=B_SPLINE_CURVE_WITH_KNOTS('',3,(#1241,#1242,#1243,#1244,#1245,#1246,#1247,
#1248,#1249,#1250,#1251,#1252,#1253,#1254,#1255),.UNSPECIFIED.,.F.,.F.,(4,1,1,1,
1,1,1,1,1,1,1,1,4),(0.E0,1.427057788607E-1,2.854115577214E-1,3.567644471517E-1,
4.281173365820E-1,4.994702260124E-1,5.351466707276E-1,5.708231154427E-1,
6.244702260124E-1,6.781173365821E-1,7.854115577214E-1,8.927057788607E-1,1.E0),
.UNSPECIFIED.);
#1261=B_SPLINE_CURVE_WITH_KNOTS('',3,(#1257,#1258,#1259,#1260),.UNSPECIFIED.,
.F.,.F.,(4,4),(0.E0,1.E0),.UNSPECIFIED.);
#1266=B_SPLINE_CURVE_WITH_KNOTS('',3,(#1262,#1263,#1264,#1265),.UNSPECIFIED.,
.F.,.F.,(4,4),(0.E0,1.E0),.UNSPECIFIED.);
#1272=B_SPLINE_CURVE_WITH_KNOTS('',3,(#1267,#1268,#1269,#1270,#1271),
.UNSPECIFIED.,.F.,.F.,(4,1,4),(0.E0,3.170641920556E-1,1.E0),.UNSPECIFIED.);
#1277=B_SPLINE_CURVE_WITH_KNOTS('',3,(#1273,#1274,#1275,#1276),.UNSPECIFIED.,
.F.,.F.,(4,4),(0.E0,1.E0),.UNSPECIFIED.);
#1294=B_SPLINE_CURVE_WITH_KNOTS('',3,(#1290,#1291,#1292,#1293),.UNSPECIFIED.,
.F.,.F.,(4,4),(0.E0,1.E0),.UNSPECIFIED.);
#1299=B_SPLINE_CURVE_WITH_KNOTS('',3,(#1295,#1296,#1297,#1298),.UNSPECIFIED.,
.F.,.F.,(4,4),(0.E0,1.E0),.UNSPECIFIED.);
#1304=B_SPLINE_CURVE_WITH_KNOTS('',3,(#1300,#1301,#1302,#1303),.UNSPECIFIED.,
.F.,.F.,(4,4),(0.E0,1.E0),.UNSPECIFIED.);
#1309=B_SPLINE_CURVE_WITH_KNOTS('',3,(#1305,#1306,#1307,#1308),.UNSPECIFIED.,
.F.,.F.,(4,4),(0.E0,1.E0),.UNSPECIFIED.);
#1398=CIRCLE('',#1397,1.574803149606E-2);
#1407=CIRCLE('',#1406,1.574803149606E-2);
#1416=CIRCLE('',#1415,1.8E-2);
#1421=CIRCLE('',#1420,1.8E-2);
#1434=CIRCLE('',#1433,2.251968503937E-3);
#1443=CIRCLE('',#1442,2.251968503937E-3);
#1456=CIRCLE('',#1455,1.5E-2);
#1481=CIRCLE('',#1480,1.5E-2);
#1490=CIRCLE('',#1489,3.E-2);
#1499=CIRCLE('',#1498,1.2E-2);
#1508=CIRCLE('',#1507,3.E-2);
#1609=CIRCLE('',#1608,1.5E-2);
#1618=CIRCLE('',#1617,3.E-2);
#1627=CIRCLE('',#1626,1.2E-2);
#1636=CIRCLE('',#1635,3.E-2);
#1645=CIRCLE('',#1644,1.5E-2);
#1710=CIRCLE('',#1709,1.574803149606E-2);
#1719=CIRCLE('',#1718,1.574803149606E-2);
#1844=CIRCLE('',#1843,1.625984251969E-2);
#1857=CIRCLE('',#1856,1.968503937008E-3);
#1862=CIRCLE('',#1861,1.968503937008E-3);
#1879=CIRCLE('',#1878,1.625984251969E-2);
#1892=CIRCLE('',#1891,1.771653543307E-2);
#1897=CIRCLE('',#1896,1.771653543307E-2);
#1946=CIRCLE('',#1945,1.625E-2);
#1959=CIRCLE('',#1958,1.968503937008E-3);
#1964=CIRCLE('',#1963,1.968503937008E-3);
#1981=CIRCLE('',#1980,1.625E-2);
#1994=CIRCLE('',#1993,1.771653543307E-2);
#1999=CIRCLE('',#1998,1.771653543307E-2);
#2316=B_SPLINE_CURVE_WITH_KNOTS('',3,(#2312,#2313,#2314,#2315),.UNSPECIFIED.,
.F.,.F.,(4,4),(0.E0,1.E0),.UNSPECIFIED.);
#2321=B_SPLINE_CURVE_WITH_KNOTS('',3,(#2317,#2318,#2319,#2320),.UNSPECIFIED.,
.F.,.F.,(4,4),(0.E0,1.E0),.UNSPECIFIED.);
#2326=B_SPLINE_CURVE_WITH_KNOTS('',3,(#2322,#2323,#2324,#2325),.UNSPECIFIED.,
.F.,.F.,(4,4),(0.E0,1.E0),.UNSPECIFIED.);
#2331=B_SPLINE_CURVE_WITH_KNOTS('',3,(#2327,#2328,#2329,#2330),.UNSPECIFIED.,
.F.,.F.,(4,4),(0.E0,1.E0),.UNSPECIFIED.);
#2348=B_SPLINE_CURVE_WITH_KNOTS('',3,(#2344,#2345,#2346,#2347),.UNSPECIFIED.,
.F.,.F.,(4,4),(0.E0,1.E0),.UNSPECIFIED.);
#2354=B_SPLINE_CURVE_WITH_KNOTS('',3,(#2349,#2350,#2351,#2352,#2353),
.UNSPECIFIED.,.F.,.F.,(4,1,4),(0.E0,6.829358079444E-1,1.E0),.UNSPECIFIED.);
#2359=B_SPLINE_CURVE_WITH_KNOTS('',3,(#2355,#2356,#2357,#2358),.UNSPECIFIED.,
.F.,.F.,(4,4),(0.E0,1.E0),.UNSPECIFIED.);
#2364=B_SPLINE_CURVE_WITH_KNOTS('',3,(#2360,#2361,#2362,#2363),.UNSPECIFIED.,
.F.,.F.,(4,4),(0.E0,1.E0),.UNSPECIFIED.);
#2380=B_SPLINE_CURVE_WITH_KNOTS('',3,(#2365,#2366,#2367,#2368,#2369,#2370,#2371,
#2372,#2373,#2374,#2375,#2376,#2377,#2378,#2379),.UNSPECIFIED.,.F.,.F.,(4,1,1,1,
1,1,1,1,1,1,1,1,4),(0.E0,1.072942211393E-1,2.145884422786E-1,3.218826634179E-1,
3.755297739876E-1,4.291768845573E-1,4.648533292724E-1,5.005297739876E-1,
5.718826634180E-1,6.432355528483E-1,7.145884422786E-1,8.572942211393E-1,1.E0),
.UNSPECIFIED.);
#2389=B_SPLINE_CURVE_WITH_KNOTS('',3,(#2385,#2386,#2387,#2388),.UNSPECIFIED.,
.F.,.F.,(4,4),(0.E0,1.E0),.UNSPECIFIED.);
#2454=B_SPLINE_CURVE_WITH_KNOTS('',3,(#2450,#2451,#2452,#2453),.UNSPECIFIED.,
.F.,.F.,(4,4),(0.E0,1.E0),.UNSPECIFIED.);
#2464=B_SPLINE_CURVE_WITH_KNOTS('',3,(#2455,#2456,#2457,#2458,#2459,#2460,#2461,
#2462,#2463),.UNSPECIFIED.,.F.,.F.,(4,1,1,1,1,1,4),(0.E0,2.430192212775E-3,
1.342128638549E-1,2.424362558730E-1,3.506596478912E-1,5.671064319274E-1,1.E0),
.UNSPECIFIED.);
#2469=B_SPLINE_CURVE_WITH_KNOTS('',3,(#2465,#2466,#2467,#2468),.UNSPECIFIED.,
.F.,.F.,(4,4),(0.E0,1.E0),.UNSPECIFIED.);
#2501=B_SPLINE_CURVE_WITH_KNOTS('',3,(#2470,#2471,#2472,#2473,#2474,#2475,#2476,
#2477,#2478,#2479,#2480,#2481,#2482,#2483,#2484,#2485,#2486,#2487,#2488,#2489,
#2490,#2491,#2492,#2493,#2494,#2495,#2496,#2497,#2498,#2499,#2500),
.UNSPECIFIED.,.F.,.F.,(4,1,1,1,1,1,1,1,1,1,1,1,1,1,1,1,1,1,1,1,1,1,1,1,1,1,1,1,
4),(0.E0,7.243366488133E-2,1.086504973220E-1,1.448673297627E-1,
1.810841622033E-1,2.173009946440E-1,2.354094108643E-1,2.535178270847E-1,
2.716262433050E-1,2.897346595253E-1,3.006597823763E-1,3.115849052273E-1,
3.334351509293E-1,3.552853966313E-1,3.771356423333E-1,4.208361337372E-1,
4.645366251412E-1,5.082371165452E-1,5.519376079492E-1,5.956380993531E-1,
6.174883450551E-1,6.393385907571E-1,6.618799288348E-1,6.844212669125E-1,
7.295039430678E-1,7.745866192232E-1,8.196692953786E-1,9.098346476893E-1,1.E0),
.UNSPECIFIED.);
#2514=B_SPLINE_CURVE_WITH_KNOTS('',3,(#2510,#2511,#2512,#2513),.UNSPECIFIED.,
.F.,.F.,(4,4),(0.E0,1.E0),.UNSPECIFIED.);
#2519=B_SPLINE_CURVE_WITH_KNOTS('',3,(#2515,#2516,#2517,#2518),.UNSPECIFIED.,
.F.,.F.,(4,4),(0.E0,1.E0),.UNSPECIFIED.);
#2524=B_SPLINE_CURVE_WITH_KNOTS('',3,(#2520,#2521,#2522,#2523),.UNSPECIFIED.,
.F.,.F.,(4,4),(0.E0,1.E0),.UNSPECIFIED.);
#2533=B_SPLINE_CURVE_WITH_KNOTS('',3,(#2529,#2530,#2531,#2532),.UNSPECIFIED.,
.F.,.F.,(4,4),(0.E0,1.E0),.UNSPECIFIED.);
#2542=B_SPLINE_CURVE_WITH_KNOTS('',3,(#2538,#2539,#2540,#2541),.UNSPECIFIED.,
.F.,.F.,(4,4),(0.E0,1.E0),.UNSPECIFIED.);
#2547=B_SPLINE_CURVE_WITH_KNOTS('',3,(#2543,#2544,#2545,#2546),.UNSPECIFIED.,
.F.,.F.,(4,4),(0.E0,1.E0),.UNSPECIFIED.);
#2552=B_SPLINE_CURVE_WITH_KNOTS('',3,(#2548,#2549,#2550,#2551),.UNSPECIFIED.,
.F.,.F.,(4,4),(0.E0,1.E0),.UNSPECIFIED.);
#2561=B_SPLINE_CURVE_WITH_KNOTS('',3,(#2557,#2558,#2559,#2560),.UNSPECIFIED.,
.F.,.F.,(4,4),(0.E0,1.E0),.UNSPECIFIED.);
#2574=B_SPLINE_CURVE_WITH_KNOTS('',3,(#2570,#2571,#2572,#2573),.UNSPECIFIED.,
.F.,.F.,(4,4),(0.E0,1.E0),.UNSPECIFIED.);
#2579=B_SPLINE_CURVE_WITH_KNOTS('',3,(#2575,#2576,#2577,#2578),.UNSPECIFIED.,
.F.,.F.,(4,4),(0.E0,1.E0),.UNSPECIFIED.);
#2588=B_SPLINE_CURVE_WITH_KNOTS('',3,(#2584,#2585,#2586,#2587),.UNSPECIFIED.,
.F.,.F.,(4,4),(0.E0,1.E0),.UNSPECIFIED.);
#2593=B_SPLINE_CURVE_WITH_KNOTS('',3,(#2589,#2590,#2591,#2592),.UNSPECIFIED.,
.F.,.F.,(4,4),(0.E0,1.E0),.UNSPECIFIED.);
#2622=B_SPLINE_CURVE_WITH_KNOTS('',3,(#2618,#2619,#2620,#2621),.UNSPECIFIED.,
.F.,.F.,(4,4),(0.E0,1.E0),.UNSPECIFIED.);
#2627=B_SPLINE_CURVE_WITH_KNOTS('',3,(#2623,#2624,#2625,#2626),.UNSPECIFIED.,
.F.,.F.,(4,4),(0.E0,1.E0),.UNSPECIFIED.);
#2632=B_SPLINE_CURVE_WITH_KNOTS('',3,(#2628,#2629,#2630,#2631),.UNSPECIFIED.,
.F.,.F.,(4,4),(0.E0,1.E0),.UNSPECIFIED.);
#2661=B_SPLINE_CURVE_WITH_KNOTS('',3,(#2657,#2658,#2659,#2660),.UNSPECIFIED.,
.F.,.F.,(4,4),(0.E0,1.E0),.UNSPECIFIED.);
#2682=CIRCLE('',#2681,9.842519685039E-3);
#2699=CIRCLE('',#2698,9.842519685039E-3);
#2716=CIRCLE('',#2715,9.842519685039E-3);
#2733=CIRCLE('',#2732,9.842519685039E-3);
#2750=CIRCLE('',#2749,9.842519685039E-3);
#2767=CIRCLE('',#2766,9.842519685039E-3);
#2784=CIRCLE('',#2783,9.842519685039E-3);
#2801=CIRCLE('',#2800,9.842519685039E-3);
#3649=EDGE_CURVE('',#3056,#3057,#38,.T.);
#3651=EDGE_CURVE('',#3057,#3013,#42,.T.);
#3653=EDGE_CURVE('',#3011,#3013,#46,.T.);
#3655=EDGE_CURVE('',#2997,#3011,#51,.T.);
#3657=EDGE_CURVE('',#2995,#2997,#55,.T.);
#3659=EDGE_CURVE('',#2993,#2995,#60,.T.);
#3661=EDGE_CURVE('',#2992,#2993,#64,.T.);
#3663=EDGE_CURVE('',#3009,#2992,#69,.T.);
#3665=EDGE_CURVE('',#3008,#3009,#73,.T.);
#3667=EDGE_CURVE('',#3008,#3060,#77,.T.);
#3669=EDGE_CURVE('',#3060,#3061,#82,.T.);
#3671=EDGE_CURVE('',#3061,#2872,#86,.T.);
#3673=EDGE_CURVE('',#2872,#2950,#168,.T.);
#3675=EDGE_CURVE('',#2950,#2951,#90,.T.);
#3677=EDGE_CURVE('',#2953,#2951,#94,.T.);
#3679=EDGE_CURVE('',#2956,#2953,#152,.T.);
#3681=EDGE_CURVE('',#2956,#2957,#98,.T.);
#3683=EDGE_CURVE('',#2959,#2957,#102,.T.);
#3685=EDGE_CURVE('',#2868,#2959,#126,.T.);
#3687=EDGE_CURVE('',#2868,#3056,#106,.T.);
#3698=EDGE_CURVE('',#3056,#3064,#110,.T.);
#3700=EDGE_CURVE('',#3064,#3065,#225,.T.);
#3702=EDGE_CURVE('',#3057,#3065,#220,.T.);
#3714=EDGE_CURVE('',#2868,#2869,#114,.T.);
#3716=EDGE_CURVE('',#2869,#3064,#229,.T.);
#3726=EDGE_CURVE('',#2959,#2981,#118,.T.);
#3728=EDGE_CURVE('',#2869,#2981,#122,.T.);
#3741=EDGE_CURVE('',#2957,#2979,#130,.T.);
#3743=EDGE_CURVE('',#2981,#2979,#233,.T.);
#3755=EDGE_CURVE('',#2956,#2978,#134,.T.);
#3757=EDGE_CURVE('',#2978,#2979,#237,.T.);
#3768=EDGE_CURVE('',#2956,#2965,#148,.T.);
#3770=EDGE_CURVE('',#2965,#2987,#138,.T.);
#3772=EDGE_CURVE('',#2978,#2987,#307,.T.);
#3783=EDGE_CURVE('',#2953,#2961,#143,.T.);
#3785=EDGE_CURVE('',#2965,#2961,#1361,.T.);
#3798=EDGE_CURVE('',#2953,#2975,#156,.T.);
#3800=EDGE_CURVE('',#2975,#2983,#298,.T.);
#3802=EDGE_CURVE('',#2961,#2983,#1381,.T.);
#3813=EDGE_CURVE('',#2951,#2973,#160,.T.);
#3815=EDGE_CURVE('',#2975,#2973,#241,.T.);
#3827=EDGE_CURVE('',#2950,#2972,#164,.T.);
#3829=EDGE_CURVE('',#2972,#2973,#245,.T.);
#3842=EDGE_CURVE('',#2872,#2873,#172,.T.);
#3844=EDGE_CURVE('',#2873,#2972,#176,.T.);
#3854=EDGE_CURVE('',#3061,#3069,#180,.T.);
#3856=EDGE_CURVE('',#3069,#2873,#249,.T.);
#3869=EDGE_CURVE('',#3060,#3068,#184,.T.);
#3871=EDGE_CURVE('',#3068,#3069,#254,.T.);
#3884=EDGE_CURVE('',#3008,#3016,#188,.T.);
#3886=EDGE_CURVE('',#3016,#3068,#258,.T.);
#3897=EDGE_CURVE('',#3009,#3017,#192,.T.);
#3899=EDGE_CURVE('',#3016,#3017,#262,.T.);
#3911=EDGE_CURVE('',#2992,#3000,#196,.T.);
#3913=EDGE_CURVE('',#3017,#3000,#267,.T.);
#3925=EDGE_CURVE('',#2993,#3001,#200,.T.);
#3927=EDGE_CURVE('',#3000,#3001,#271,.T.);
#3939=EDGE_CURVE('',#2995,#3003,#204,.T.);
#3941=EDGE_CURVE('',#3001,#3003,#276,.T.);
#3953=EDGE_CURVE('',#2997,#3005,#208,.T.);
#3955=EDGE_CURVE('',#3003,#3005,#280,.T.);
#3967=EDGE_CURVE('',#3011,#3019,#212,.T.);
#3969=EDGE_CURVE('',#3005,#3019,#285,.T.);
#3981=EDGE_CURVE('',#3013,#3021,#216,.T.);
#3983=EDGE_CURVE('',#3019,#3021,#289,.T.);
#3995=EDGE_CURVE('',#3065,#3021,#293,.T.);
#4012=EDGE_CURVE('',#2978,#2975,#302,.T.);
#4039=EDGE_CURVE('',#2987,#2983,#319,.T.);
#4049=EDGE_CURVE('',#2985,#2931,#311,.T.);
#4051=EDGE_CURVE('',#2983,#2985,#315,.T.);
#4054=EDGE_CURVE('',#3121,#2987,#323,.T.);
#4056=EDGE_CURVE('',#3121,#3116,#1795,.T.);
#4058=EDGE_CURVE('',#3116,#2936,#327,.T.);
#4060=EDGE_CURVE('',#2936,#2930,#1438,.T.);
#4062=EDGE_CURVE('',#2930,#2931,#331,.T.);
#4066=EDGE_CURVE('',#3462,#3463,#335,.T.);
#4068=EDGE_CURVE('',#3463,#3467,#339,.T.);
#4070=EDGE_CURVE('',#3466,#3467,#343,.T.);
#4072=EDGE_CURVE('',#3471,#3466,#347,.T.);
#4074=EDGE_CURVE('',#3081,#3471,#351,.T.);
#4076=EDGE_CURVE('',#3080,#3081,#355,.T.);
#4078=EDGE_CURVE('',#3469,#3080,#359,.T.);
#4080=EDGE_CURVE('',#3462,#3469,#363,.T.);
#4090=EDGE_CURVE('',#3598,#2881,#367,.T.);
#4092=EDGE_CURVE('',#2881,#2989,#371,.T.);
#4094=EDGE_CURVE('',#2985,#2989,#375,.T.);
#4097=EDGE_CURVE('',#2931,#2947,#379,.T.);
#4099=EDGE_CURVE('',#2947,#2877,#383,.T.);
#4101=EDGE_CURVE('',#2877,#3607,#387,.T.);
#4103=EDGE_CURVE('',#3606,#3607,#391,.T.);
#4105=EDGE_CURVE('',#3606,#2901,#395,.T.);
#4107=EDGE_CURVE('',#2901,#3199,#399,.T.);
#4109=EDGE_CURVE('',#3201,#3199,#403,.T.);
#4111=EDGE_CURVE('',#3201,#2893,#407,.T.);
#4113=EDGE_CURVE('',#2893,#3603,#411,.T.);
#4115=EDGE_CURVE('',#3602,#3603,#415,.T.);
#4117=EDGE_CURVE('',#3602,#2905,#419,.T.);
#4119=EDGE_CURVE('',#2905,#3203,#423,.T.);
#4121=EDGE_CURVE('',#3205,#3203,#427,.T.);
#4123=EDGE_CURVE('',#3205,#2885,#431,.T.);
#4125=EDGE_CURVE('',#2885,#3599,#435,.T.);
#4127=EDGE_CURVE('',#3598,#3599,#439,.T.);
#4131=EDGE_CURVE('',#3418,#3419,#443,.T.);
#4133=EDGE_CURVE('',#3419,#3421,#447,.T.);
#4135=EDGE_CURVE('',#3421,#3423,#451,.T.);
#4137=EDGE_CURVE('',#3423,#3418,#455,.T.);
#4141=EDGE_CURVE('',#3410,#3411,#459,.T.);
#4143=EDGE_CURVE('',#3411,#3413,#463,.T.);
#4145=EDGE_CURVE('',#3413,#3415,#467,.T.);
#4147=EDGE_CURVE('',#3415,#3410,#471,.T.);
#4151=EDGE_CURVE('',#3402,#3403,#475,.T.);
#4153=EDGE_CURVE('',#3403,#3405,#479,.T.);
#4155=EDGE_CURVE('',#3405,#3407,#483,.T.);
#4157=EDGE_CURVE('',#3407,#3402,#487,.T.);
#4167=EDGE_CURVE('',#3598,#3609,#491,.T.);
#4169=EDGE_CURVE('',#3609,#2880,#669,.T.);
#4171=EDGE_CURVE('',#2880,#2881,#495,.T.);
#4183=EDGE_CURVE('',#3622,#3598,#551,.T.);
#4185=EDGE_CURVE('',#3622,#3641,#1731,.T.);
#4187=EDGE_CURVE('',#3482,#3641,#1095,.T.);
#4189=EDGE_CURVE('',#3482,#3483,#499,.T.);
#4191=EDGE_CURVE('',#3483,#3609,#673,.T.);
#4202=EDGE_CURVE('',#3599,#3522,#503,.T.);
#4204=EDGE_CURVE('',#3522,#3523,#507,.T.);
#4206=EDGE_CURVE('',#3602,#3523,#511,.T.);
#4209=EDGE_CURVE('',#3603,#3518,#515,.T.);
#4211=EDGE_CURVE('',#3518,#3519,#519,.T.);
#4213=EDGE_CURVE('',#3606,#3519,#523,.T.);
#4216=EDGE_CURVE('',#3631,#3607,#1321,.T.);
#4218=EDGE_CURVE('',#3630,#3631,#1783,.T.);
#4220=EDGE_CURVE('',#3630,#3526,#527,.T.);
#4222=EDGE_CURVE('',#3526,#3527,#531,.T.);
#4224=EDGE_CURVE('',#3627,#3527,#535,.T.);
#4226=EDGE_CURVE('',#3626,#3627,#1759,.T.);
#4228=EDGE_CURVE('',#3626,#3530,#539,.T.);
#4230=EDGE_CURVE('',#3530,#3531,#543,.T.);
#4232=EDGE_CURVE('',#3623,#3531,#547,.T.);
#4234=EDGE_CURVE('',#3622,#3623,#1735,.T.);
#4245=EDGE_CURVE('',#3599,#3611,#555,.T.);
#4247=EDGE_CURVE('',#3494,#3611,#681,.T.);
#4249=EDGE_CURVE('',#3494,#3495,#809,.T.);
#4251=EDGE_CURVE('',#3495,#3522,#1015,.T.);
#4264=EDGE_CURVE('',#2884,#2885,#563,.T.);
#4266=EDGE_CURVE('',#2884,#3611,#685,.T.);
#4276=EDGE_CURVE('',#3205,#3197,#559,.T.);
#4278=EDGE_CURVE('',#3197,#2884,#689,.T.);
#4290=EDGE_CURVE('',#3221,#3213,#567,.T.);
#4292=EDGE_CURVE('',#3213,#3197,#629,.T.);
#4295=EDGE_CURVE('',#3221,#3205,#589,.T.);
#4306=EDGE_CURVE('',#3105,#3221,#580,.T.);
#4308=EDGE_CURVE('',#3101,#3105,#2857,.T.);
#4310=EDGE_CURVE('',#3101,#3213,#606,.T.);
#4320=EDGE_CURVE('',#3221,#3219,#584,.T.);
#4322=EDGE_CURVE('',#3219,#2889,#571,.T.);
#4324=EDGE_CURVE('',#2889,#3105,#576,.T.);
#4338=EDGE_CURVE('',#3203,#3219,#594,.T.);
#4348=EDGE_CURVE('',#3219,#3211,#598,.T.);
#4351=EDGE_CURVE('',#3203,#3195,#1011,.T.);
#4353=EDGE_CURVE('',#3195,#3211,#624,.T.);
#4364=EDGE_CURVE('',#3211,#2888,#615,.T.);
#4366=EDGE_CURVE('',#2888,#2889,#602,.T.);
#4377=EDGE_CURVE('',#3213,#3211,#619,.T.);
#4380=EDGE_CURVE('',#2888,#3101,#611,.T.);
#4393=EDGE_CURVE('',#3197,#3195,#693,.T.);
#4404=EDGE_CURVE('',#3615,#2900,#633,.T.);
#4406=EDGE_CURVE('',#3491,#3615,#637,.T.);
#4408=EDGE_CURVE('',#3479,#3491,#641,.T.);
#4410=EDGE_CURVE('',#3613,#3479,#645,.T.);
#4412=EDGE_CURVE('',#2876,#3613,#649,.T.);
#4414=EDGE_CURVE('',#2927,#2876,#653,.T.);
#4416=EDGE_CURVE('',#2926,#2927,#657,.T.);
#4418=EDGE_CURVE('',#2968,#2926,#1402,.T.);
#4420=EDGE_CURVE('',#2968,#2969,#661,.T.);
#4422=EDGE_CURVE('',#2880,#2969,#665,.T.);
#4426=EDGE_CURVE('',#3494,#3483,#677,.T.);
#4432=EDGE_CURVE('',#2904,#3195,#697,.T.);
#4434=EDGE_CURVE('',#3619,#2904,#701,.T.);
#4436=EDGE_CURVE('',#3499,#3619,#705,.T.);
#4438=EDGE_CURVE('',#3486,#3499,#709,.T.);
#4440=EDGE_CURVE('',#3486,#3617,#713,.T.);
#4442=EDGE_CURVE('',#2892,#3617,#717,.T.);
#4444=EDGE_CURVE('',#3193,#2892,#721,.T.);
#4446=EDGE_CURVE('',#3193,#3191,#725,.T.);
#4448=EDGE_CURVE('',#2900,#3191,#729,.T.);
#4452=EDGE_CURVE('',#3378,#3379,#733,.T.);
#4454=EDGE_CURVE('',#3383,#3378,#737,.T.);
#4456=EDGE_CURVE('',#3381,#3383,#741,.T.);
#4458=EDGE_CURVE('',#3379,#3381,#745,.T.);
#4462=EDGE_CURVE('',#3386,#3387,#749,.T.);
#4464=EDGE_CURVE('',#3391,#3386,#753,.T.);
#4466=EDGE_CURVE('',#3389,#3391,#757,.T.);
#4468=EDGE_CURVE('',#3387,#3389,#761,.T.);
#4472=EDGE_CURVE('',#3394,#3395,#765,.T.);
#4474=EDGE_CURVE('',#3399,#3394,#769,.T.);
#4476=EDGE_CURVE('',#3397,#3399,#773,.T.);
#4478=EDGE_CURVE('',#3395,#3397,#777,.T.);
#4488=EDGE_CURVE('',#3606,#3615,#781,.T.);
#4491=EDGE_CURVE('',#2900,#2901,#785,.T.);
#4504=EDGE_CURVE('',#3489,#3519,#789,.T.);
#4506=EDGE_CURVE('',#3491,#3489,#841,.T.);
#4517=EDGE_CURVE('',#3487,#3489,#845,.T.);
#4521=EDGE_CURVE('',#3487,#3518,#793,.T.);
#4531=EDGE_CURVE('',#3486,#3487,#797,.T.);
#4534=EDGE_CURVE('',#3499,#3497,#801,.T.);
#4536=EDGE_CURVE('',#3495,#3497,#805,.T.);
#4541=EDGE_CURVE('',#3515,#3482,#1091,.T.);
#4543=EDGE_CURVE('',#3515,#3513,#813,.T.);
#4545=EDGE_CURVE('',#3511,#3513,#817,.T.);
#4547=EDGE_CURVE('',#3510,#3511,#821,.T.);
#4549=EDGE_CURVE('',#3507,#3510,#1059,.T.);
#4551=EDGE_CURVE('',#3507,#3505,#825,.T.);
#4553=EDGE_CURVE('',#3503,#3505,#829,.T.);
#4555=EDGE_CURVE('',#3502,#3503,#833,.T.);
#4557=EDGE_CURVE('',#3478,#3502,#1027,.T.);
#4559=EDGE_CURVE('',#3478,#3479,#837,.T.);
#4566=EDGE_CURVE('',#3534,#3535,#849,.T.);
#4568=EDGE_CURVE('',#3535,#3537,#853,.T.);
#4570=EDGE_CURVE('',#3537,#3539,#857,.T.);
#4572=EDGE_CURVE('',#3539,#3534,#861,.T.);
#4576=EDGE_CURVE('',#3550,#3551,#865,.T.);
#4578=EDGE_CURVE('',#3551,#3553,#869,.T.);
#4580=EDGE_CURVE('',#3553,#3555,#873,.T.);
#4582=EDGE_CURVE('',#3555,#3550,#877,.T.);
#4586=EDGE_CURVE('',#3566,#3567,#881,.T.);
#4588=EDGE_CURVE('',#3569,#3567,#885,.T.);
#4590=EDGE_CURVE('',#3569,#3571,#889,.T.);
#4592=EDGE_CURVE('',#3571,#3566,#893,.T.);
#4596=EDGE_CURVE('',#3582,#3583,#897,.T.);
#4598=EDGE_CURVE('',#3583,#3585,#901,.T.);
#4600=EDGE_CURVE('',#3585,#3587,#905,.T.);
#4602=EDGE_CURVE('',#3587,#3582,#909,.T.);
#4612=EDGE_CURVE('',#3603,#3617,#913,.T.);
#4628=EDGE_CURVE('',#2892,#2893,#921,.T.);
#4639=EDGE_CURVE('',#3201,#3193,#917,.T.);
#4652=EDGE_CURVE('',#3217,#3209,#925,.T.);
#4654=EDGE_CURVE('',#3209,#3193,#987,.T.);
#4657=EDGE_CURVE('',#3217,#3201,#947,.T.);
#4668=EDGE_CURVE('',#3103,#3217,#938,.T.);
#4670=EDGE_CURVE('',#3099,#3103,#991,.T.);
#4672=EDGE_CURVE('',#3099,#3209,#964,.T.);
#4682=EDGE_CURVE('',#3217,#3215,#942,.T.);
#4684=EDGE_CURVE('',#3215,#2897,#929,.T.);
#4686=EDGE_CURVE('',#2897,#3103,#934,.T.);
#4700=EDGE_CURVE('',#3199,#3215,#952,.T.);
#4710=EDGE_CURVE('',#3215,#3207,#956,.T.);
#4713=EDGE_CURVE('',#3199,#3191,#995,.T.);
#4715=EDGE_CURVE('',#3191,#3207,#982,.T.);
#4726=EDGE_CURVE('',#3207,#2896,#973,.T.);
#4728=EDGE_CURVE('',#2896,#2897,#960,.T.);
#4739=EDGE_CURVE('',#3209,#3207,#977,.T.);
#4742=EDGE_CURVE('',#2896,#3099,#969,.T.);
#4789=EDGE_CURVE('',#3602,#3619,#1003,.T.);
#4792=EDGE_CURVE('',#3497,#3523,#999,.T.);
#4806=EDGE_CURVE('',#2904,#2905,#1007,.T.);
#4841=EDGE_CURVE('',#3109,#3633,#1019,.T.);
#4843=EDGE_CURVE('',#3633,#3478,#1023,.T.);
#4846=EDGE_CURVE('',#3502,#3635,#1031,.T.);
#4848=EDGE_CURVE('',#3635,#3140,#1035,.T.);
#4850=EDGE_CURVE('',#3140,#3159,#1039,.T.);
#4852=EDGE_CURVE('',#3161,#3159,#1043,.T.);
#4854=EDGE_CURVE('',#3161,#3144,#1047,.T.);
#4856=EDGE_CURVE('',#3144,#3637,#1051,.T.);
#4858=EDGE_CURVE('',#3507,#3637,#1055,.T.);
#4861=EDGE_CURVE('',#3510,#3639,#1063,.T.);
#4863=EDGE_CURVE('',#3639,#3132,#1067,.T.);
#4865=EDGE_CURVE('',#3132,#3163,#1071,.T.);
#4867=EDGE_CURVE('',#3165,#3163,#1075,.T.);
#4869=EDGE_CURVE('',#3165,#3124,#1079,.T.);
#4871=EDGE_CURVE('',#3124,#3643,#1083,.T.);
#4873=EDGE_CURVE('',#3515,#3643,#1087,.T.);
#4877=EDGE_CURVE('',#3641,#3112,#1099,.T.);
#4879=EDGE_CURVE('',#3112,#3113,#1103,.T.);
#4881=EDGE_CURVE('',#3113,#3108,#1705,.T.);
#4883=EDGE_CURVE('',#3108,#3109,#1107,.T.);
#4887=EDGE_CURVE('',#3301,#3302,#1111,.T.);
#4889=EDGE_CURVE('',#3302,#3304,#1115,.T.);
#4891=EDGE_CURVE('',#3304,#3306,#1119,.T.);
#4893=EDGE_CURVE('',#3307,#3306,#1151,.T.);
#4895=EDGE_CURVE('',#3308,#3307,#1156,.T.);
#4897=EDGE_CURVE('',#3309,#3308,#1166,.T.);
#4899=EDGE_CURVE('',#3310,#3309,#1171,.T.);
#4901=EDGE_CURVE('',#3310,#3312,#1175,.T.);
#4903=EDGE_CURVE('',#3312,#3314,#1179,.T.);
#4905=EDGE_CURVE('',#3314,#3316,#1183,.T.);
#4907=EDGE_CURVE('',#3316,#3318,#1187,.T.);
#4909=EDGE_CURVE('',#3318,#3320,#1191,.T.);
#4911=EDGE_CURVE('',#3320,#3322,#1195,.T.);
#4913=EDGE_CURVE('',#3322,#3324,#1199,.T.);
#4915=EDGE_CURVE('',#3324,#3326,#1203,.T.);
#4917=EDGE_CURVE('',#3326,#3328,#1207,.T.);
#4919=EDGE_CURVE('',#3328,#3330,#1211,.T.);
#4921=EDGE_CURVE('',#3330,#3332,#1215,.T.);
#4923=EDGE_CURVE('',#3332,#3334,#1219,.T.);
#4925=EDGE_CURVE('',#3334,#3336,#1223,.T.);
#4927=EDGE_CURVE('',#3336,#3338,#1227,.T.);
#4929=EDGE_CURVE('',#3338,#3340,#1231,.T.);
#4931=EDGE_CURVE('',#3341,#3340,#1236,.T.);
#4933=EDGE_CURVE('',#3341,#3343,#1240,.T.);
#4935=EDGE_CURVE('',#3344,#3343,#1256,.T.);
#4937=EDGE_CURVE('',#3345,#3344,#1261,.T.);
#4939=EDGE_CURVE('',#3346,#3345,#1266,.T.);
#4941=EDGE_CURVE('',#3347,#3346,#1272,.T.);
#4943=EDGE_CURVE('',#3348,#3347,#1277,.T.);
#4945=EDGE_CURVE('',#3348,#3350,#1281,.T.);
#4947=EDGE_CURVE('',#3350,#3352,#1285,.T.);
#4949=EDGE_CURVE('',#3352,#3354,#1289,.T.);
#4951=EDGE_CURVE('',#3355,#3354,#1294,.T.);
#4953=EDGE_CURVE('',#3356,#3355,#1299,.T.);
#4955=EDGE_CURVE('',#3357,#3356,#1304,.T.);
#4957=EDGE_CURVE('',#3301,#3357,#1309,.T.);
#4967=EDGE_CURVE('',#3631,#3633,#1313,.T.);
#4970=EDGE_CURVE('',#3109,#3117,#1317,.T.);
#4972=EDGE_CURVE('',#3117,#3631,#1787,.T.);
#4982=EDGE_CURVE('',#3607,#3613,#1325,.T.);
#4999=EDGE_CURVE('',#2876,#2877,#1329,.T.);
#5010=EDGE_CURVE('',#2927,#2947,#1333,.T.);
#5026=EDGE_CURVE('',#2926,#2931,#1337,.T.);
#5036=EDGE_CURVE('',#2909,#2931,#1341,.T.);
#5038=EDGE_CURVE('',#2926,#2909,#1407,.T.);
#5049=EDGE_CURVE('',#2908,#2909,#1349,.T.);
#5053=EDGE_CURVE('',#2908,#2930,#1429,.T.);
#5063=EDGE_CURVE('',#2961,#2963,#1345,.T.);
#5065=EDGE_CURVE('',#2963,#2909,#1411,.T.);
#5068=EDGE_CURVE('',#2914,#2908,#1425,.T.);
#5070=EDGE_CURVE('',#3157,#2914,#1353,.T.);
#5072=EDGE_CURVE('',#3155,#3157,#1714,.T.);
#5074=EDGE_CURVE('',#3155,#2965,#1357,.T.);
#5079=EDGE_CURVE('',#3072,#3073,#1365,.T.);
#5081=EDGE_CURVE('',#3073,#3075,#1369,.T.);
#5083=EDGE_CURVE('',#3075,#3077,#1373,.T.);
#5085=EDGE_CURVE('',#3077,#3072,#1377,.T.);
#5098=EDGE_CURVE('',#2963,#2985,#1385,.T.);
#5108=EDGE_CURVE('',#2968,#2985,#1389,.T.);
#5110=EDGE_CURVE('',#2968,#2963,#1398,.T.);
#5124=EDGE_CURVE('',#2969,#2989,#1393,.T.);
#5158=EDGE_CURVE('',#2908,#2911,#1416,.T.);
#5160=EDGE_CURVE('',#2915,#2911,#1468,.T.);
#5162=EDGE_CURVE('',#2914,#2915,#1421,.T.);
#5175=EDGE_CURVE('',#2930,#2933,#1434,.T.);
#5177=EDGE_CURVE('',#2911,#2933,#1604,.T.);
#5189=EDGE_CURVE('',#2936,#2937,#1443,.T.);
#5191=EDGE_CURVE('',#2937,#2933,#1657,.T.);
#5202=EDGE_CURVE('',#2915,#2937,#1447,.T.);
#5205=EDGE_CURVE('',#2914,#2936,#1697,.T.);
#5215=EDGE_CURVE('',#2915,#2921,#1464,.T.);
#5217=EDGE_CURVE('',#2921,#2943,#1451,.T.);
#5219=EDGE_CURVE('',#2937,#2943,#1661,.T.);
#5230=EDGE_CURVE('',#3084,#3085,#1456,.T.);
#5232=EDGE_CURVE('',#2860,#3084,#1693,.T.);
#5234=EDGE_CURVE('',#2923,#2860,#1673,.T.);
#5236=EDGE_CURVE('',#2923,#2921,#1460,.T.);
#5240=EDGE_CURVE('',#2911,#2919,#1472,.T.);
#5242=EDGE_CURVE('',#2918,#2919,#1476,.T.);
#5244=EDGE_CURVE('',#2918,#2864,#1596,.T.);
#5246=EDGE_CURVE('',#3089,#2864,#1576,.T.);
#5248=EDGE_CURVE('',#3088,#3089,#1481,.T.);
#5250=EDGE_CURVE('',#3040,#3088,#1568,.T.);
#5252=EDGE_CURVE('',#3040,#3041,#1485,.T.);
#5254=EDGE_CURVE('',#3041,#3024,#1490,.T.);
#5256=EDGE_CURVE('',#3024,#3025,#1494,.T.);
#5258=EDGE_CURVE('',#3025,#3027,#1499,.T.);
#5260=EDGE_CURVE('',#3027,#3029,#1503,.T.);
#5262=EDGE_CURVE('',#3029,#3043,#1508,.T.);
#5264=EDGE_CURVE('',#3043,#3045,#1512,.T.);
#5266=EDGE_CURVE('',#3085,#3045,#1520,.T.);
#5277=EDGE_CURVE('',#3085,#3093,#1516,.T.);
#5279=EDGE_CURVE('',#3092,#3093,#1609,.T.);
#5281=EDGE_CURVE('',#3084,#3092,#1685,.T.);
#5293=EDGE_CURVE('',#3045,#3053,#1524,.T.);
#5295=EDGE_CURVE('',#3093,#3053,#1528,.T.);
#5306=EDGE_CURVE('',#3043,#3051,#1532,.T.);
#5308=EDGE_CURVE('',#3051,#3053,#1613,.T.);
#5320=EDGE_CURVE('',#3029,#3037,#1536,.T.);
#5322=EDGE_CURVE('',#3037,#3051,#1618,.T.);
#5334=EDGE_CURVE('',#3027,#3035,#1540,.T.);
#5336=EDGE_CURVE('',#3035,#3037,#1622,.T.);
#5348=EDGE_CURVE('',#3025,#3033,#1544,.T.);
#5350=EDGE_CURVE('',#3033,#3035,#1627,.T.);
#5362=EDGE_CURVE('',#3024,#3032,#1548,.T.);
#5364=EDGE_CURVE('',#3032,#3033,#1631,.T.);
#5376=EDGE_CURVE('',#3041,#3049,#1552,.T.);
#5378=EDGE_CURVE('',#3049,#3032,#1636,.T.);
#5390=EDGE_CURVE('',#3040,#3048,#1556,.T.);
#5392=EDGE_CURVE('',#3048,#3049,#1640,.T.);
#5403=EDGE_CURVE('',#3088,#3096,#1560,.T.);
#5405=EDGE_CURVE('',#3048,#3096,#1564,.T.);
#5418=EDGE_CURVE('',#3089,#3097,#1572,.T.);
#5420=EDGE_CURVE('',#3096,#3097,#1645,.T.);
#5433=EDGE_CURVE('',#2864,#2865,#1580,.T.);
#5435=EDGE_CURVE('',#3097,#2865,#1584,.T.);
#5445=EDGE_CURVE('',#2918,#2940,#1588,.T.);
#5447=EDGE_CURVE('',#2940,#2865,#1592,.T.);
#5460=EDGE_CURVE('',#2919,#2941,#1600,.T.);
#5462=EDGE_CURVE('',#2940,#2941,#1649,.T.);
#5475=EDGE_CURVE('',#2933,#2941,#1653,.T.);
#5503=EDGE_CURVE('',#2945,#2943,#1665,.T.);
#5505=EDGE_CURVE('',#2945,#2861,#1681,.T.);
#5507=EDGE_CURVE('',#2861,#3092,#1689,.T.);
#5518=EDGE_CURVE('',#2923,#2945,#1669,.T.);
#5532=EDGE_CURVE('',#2860,#2861,#1677,.T.);
#5558=EDGE_CURVE('',#3157,#3116,#1701,.T.);
#5568=EDGE_CURVE('',#3108,#3157,#1719,.T.);
#5571=EDGE_CURVE('',#3108,#3116,#2011,.T.);
#5582=EDGE_CURVE('',#3113,#3155,#1710,.T.);
#5595=EDGE_CURVE('',#3113,#3121,#1723,.T.);
#5597=EDGE_CURVE('',#3155,#3121,#2015,.T.);
#5608=EDGE_CURVE('',#3112,#3120,#1727,.T.);
#5610=EDGE_CURVE('',#3120,#3121,#1799,.T.);
#5622=EDGE_CURVE('',#3622,#3120,#1803,.T.);
#5635=EDGE_CURVE('',#3125,#3623,#1739,.T.);
#5637=EDGE_CURVE('',#3173,#3125,#1743,.T.);
#5639=EDGE_CURVE('',#3173,#3171,#1747,.T.);
#5641=EDGE_CURVE('',#3133,#3171,#1751,.T.);
#5643=EDGE_CURVE('',#3626,#3133,#1755,.T.);
#5646=EDGE_CURVE('',#3145,#3627,#1763,.T.);
#5648=EDGE_CURVE('',#3169,#3145,#1767,.T.);
#5650=EDGE_CURVE('',#3169,#3167,#1771,.T.);
#5652=EDGE_CURVE('',#3141,#3167,#1775,.T.);
#5654=EDGE_CURVE('',#3630,#3141,#1779,.T.);
#5658=EDGE_CURVE('',#3116,#3117,#1791,.T.);
#5671=EDGE_CURVE('',#3623,#3643,#1807,.T.);
#5674=EDGE_CURVE('',#3124,#3125,#1811,.T.);
#5687=EDGE_CURVE('',#3513,#3531,#1815,.T.);
#5702=EDGE_CURVE('',#3511,#3530,#1819,.T.);
#5712=EDGE_CURVE('',#3626,#3639,#1823,.T.);
#5728=EDGE_CURVE('',#3132,#3133,#1831,.T.);
#5739=EDGE_CURVE('',#3171,#3163,#1827,.T.);
#5752=EDGE_CURVE('',#3187,#3179,#1835,.T.);
#5754=EDGE_CURVE('',#3163,#3179,#1897,.T.);
#5757=EDGE_CURVE('',#3171,#3187,#1857,.T.);
#5768=EDGE_CURVE('',#3187,#3153,#1848,.T.);
#5770=EDGE_CURVE('',#3149,#3153,#1901,.T.);
#5772=EDGE_CURVE('',#3179,#3149,#1874,.T.);
#5782=EDGE_CURVE('',#3189,#3187,#1852,.T.);
#5784=EDGE_CURVE('',#3129,#3189,#1839,.T.);
#5786=EDGE_CURVE('',#3153,#3129,#1844,.T.);
#5800=EDGE_CURVE('',#3189,#3173,#1862,.T.);
#5810=EDGE_CURVE('',#3189,#3181,#1866,.T.);
#5813=EDGE_CURVE('',#3173,#3165,#1905,.T.);
#5815=EDGE_CURVE('',#3181,#3165,#1892,.T.);
#5826=EDGE_CURVE('',#3128,#3181,#1883,.T.);
#5828=EDGE_CURVE('',#3128,#3129,#1870,.T.);
#5839=EDGE_CURVE('',#3181,#3179,#1887,.T.);
#5842=EDGE_CURVE('',#3149,#3128,#1879,.T.);
#5889=EDGE_CURVE('',#3627,#3637,#1909,.T.);
#5892=EDGE_CURVE('',#3144,#3145,#1913,.T.);
#5905=EDGE_CURVE('',#3505,#3527,#1917,.T.);
#5920=EDGE_CURVE('',#3503,#3526,#1921,.T.);
#5930=EDGE_CURVE('',#3630,#3635,#1925,.T.);
#5946=EDGE_CURVE('',#3140,#3141,#1933,.T.);
#5957=EDGE_CURVE('',#3167,#3159,#1929,.T.);
#5970=EDGE_CURVE('',#3183,#3175,#1937,.T.);
#5972=EDGE_CURVE('',#3159,#3175,#1999,.T.);
#5975=EDGE_CURVE('',#3167,#3183,#1959,.T.);
#5986=EDGE_CURVE('',#3183,#3151,#1950,.T.);
#5988=EDGE_CURVE('',#3147,#3151,#2003,.T.);
#5990=EDGE_CURVE('',#3175,#3147,#1976,.T.);
#6000=EDGE_CURVE('',#3185,#3183,#1954,.T.);
#6002=EDGE_CURVE('',#3137,#3185,#1941,.T.);
#6004=EDGE_CURVE('',#3151,#3137,#1946,.T.);
#6018=EDGE_CURVE('',#3185,#3169,#1964,.T.);
#6028=EDGE_CURVE('',#3185,#3177,#1968,.T.);
#6031=EDGE_CURVE('',#3169,#3161,#2007,.T.);
#6033=EDGE_CURVE('',#3177,#3161,#1994,.T.);
#6044=EDGE_CURVE('',#3136,#3177,#1985,.T.);
#6046=EDGE_CURVE('',#3136,#3137,#1972,.T.);
#6057=EDGE_CURVE('',#3177,#3175,#1989,.T.);
#6060=EDGE_CURVE('',#3147,#3136,#1981,.T.);
#6131=EDGE_CURVE('',#3475,#3469,#2019,.T.);
#6134=EDGE_CURVE('',#3080,#3073,#2059,.T.);
#6137=EDGE_CURVE('',#3475,#3072,#2023,.T.);
#6147=EDGE_CURVE('',#3474,#3475,#2043,.T.);
#6149=EDGE_CURVE('',#3474,#3471,#2051,.T.);
#6151=EDGE_CURVE('',#3469,#3471,#2063,.T.);
#6156=EDGE_CURVE('',#3454,#3455,#2027,.T.);
#6158=EDGE_CURVE('',#3454,#3458,#2031,.T.);
#6160=EDGE_CURVE('',#3458,#3459,#2035,.T.);
#6162=EDGE_CURVE('',#3455,#3459,#2039,.T.);
#6175=EDGE_CURVE('',#3474,#3077,#2047,.T.);
#6188=EDGE_CURVE('',#3081,#3075,#2055,.T.);
#6214=EDGE_CURVE('',#3466,#3430,#2075,.T.);
#6216=EDGE_CURVE('',#3426,#3430,#2095,.T.);
#6218=EDGE_CURVE('',#3462,#3426,#2083,.T.);
#6229=EDGE_CURVE('',#3431,#3467,#2067,.T.);
#6231=EDGE_CURVE('',#3430,#3431,#2071,.T.);
#6243=EDGE_CURVE('',#3427,#3463,#2091,.T.);
#6245=EDGE_CURVE('',#3427,#3431,#2079,.T.);
#6258=EDGE_CURVE('',#3426,#3427,#2087,.T.);
#6282=EDGE_CURVE('',#3455,#3434,#2099,.T.);
#6284=EDGE_CURVE('',#3434,#3435,#2103,.T.);
#6286=EDGE_CURVE('',#3435,#3437,#2107,.T.);
#6288=EDGE_CURVE('',#3437,#3439,#2111,.T.);
#6290=EDGE_CURVE('',#3439,#3441,#2115,.T.);
#6292=EDGE_CURVE('',#3441,#3454,#2119,.T.);
#6303=EDGE_CURVE('',#3459,#3444,#2143,.T.);
#6305=EDGE_CURVE('',#3434,#3444,#2163,.T.);
#6317=EDGE_CURVE('',#3451,#3458,#2123,.T.);
#6319=EDGE_CURVE('',#3449,#3451,#2127,.T.);
#6321=EDGE_CURVE('',#3447,#3449,#2131,.T.);
#6323=EDGE_CURVE('',#3445,#3447,#2135,.T.);
#6325=EDGE_CURVE('',#3444,#3445,#2139,.T.);
#6338=EDGE_CURVE('',#3441,#3451,#2147,.T.);
#6350=EDGE_CURVE('',#3439,#3449,#2151,.T.);
#6363=EDGE_CURVE('',#3437,#3447,#2155,.T.);
#6376=EDGE_CURVE('',#3435,#3445,#2159,.T.);
#6401=EDGE_CURVE('',#3301,#3224,#2167,.T.);
#6403=EDGE_CURVE('',#3224,#3225,#2311,.T.);
#6405=EDGE_CURVE('',#3302,#3225,#2307,.T.);
#6416=B_SPLINE_CURVE_WITH_KNOTS('',3,(#6410,#6411,#6412,#6413,#6414,#6415),
.UNSPECIFIED.,.F.,.F.,(4,1,1,4),(0.E0,3.049470960413E-2,9.763090847105E-1,1.E0),
.UNSPECIFIED.);
#6421=EDGE_CURVE('',#3357,#3280,#2171,.T.);
#6423=EDGE_CURVE('',#3280,#3224,#2316,.T.);
#6434=B_SPLINE_CURVE_WITH_KNOTS('',3,(#6429,#6430,#6431,#6432,#6433),
.UNSPECIFIED.,.F.,.F.,(4,1,4),(0.E0,2.900887262358E-2,1.E0),.UNSPECIFIED.);
#6439=EDGE_CURVE('',#3356,#3279,#2175,.T.);
#6441=EDGE_CURVE('',#3279,#3280,#2321,.T.);
#6452=B_SPLINE_CURVE_WITH_KNOTS('',3,(#6447,#6448,#6449,#6450,#6451),
.UNSPECIFIED.,.F.,.F.,(4,1,4),(0.E0,9.670223246316E-1,1.E0),.UNSPECIFIED.);
#6457=EDGE_CURVE('',#3355,#3278,#2179,.T.);
#6459=EDGE_CURVE('',#3278,#3279,#2326,.T.);
#6471=B_SPLINE_CURVE_WITH_KNOTS('',3,(#6465,#6466,#6467,#6468,#6469,#6470),
.UNSPECIFIED.,.F.,.F.,(4,1,1,4),(0.E0,4.091524965450E-2,9.852295868994E-1,1.E0),
.UNSPECIFIED.);
#6476=EDGE_CURVE('',#3354,#3277,#2183,.T.);
#6478=EDGE_CURVE('',#3277,#3278,#2331,.T.);
#6490=EDGE_CURVE('',#3352,#3275,#2187,.T.);
#6492=EDGE_CURVE('',#3275,#3277,#2335,.T.);
#6504=EDGE_CURVE('',#3350,#3273,#2191,.T.);
#6506=EDGE_CURVE('',#3273,#3275,#2339,.T.);
#6518=EDGE_CURVE('',#3348,#3271,#2195,.T.);
#6520=EDGE_CURVE('',#3271,#3273,#2343,.T.);
#6532=B_SPLINE_CURVE_WITH_KNOTS('',3,(#6526,#6527,#6528,#6529,#6530,#6531),
.UNSPECIFIED.,.F.,.F.,(4,1,1,4),(0.E0,2.655538725374E-2,9.696046847909E-1,1.E0),
.UNSPECIFIED.);
#6537=EDGE_CURVE('',#3347,#3270,#2199,.T.);
#6539=EDGE_CURVE('',#3270,#3271,#2348,.T.);
#6552=B_SPLINE_CURVE_WITH_KNOTS('',3,(#6545,#6546,#6547,#6548,#6549,#6550,
#6551),.UNSPECIFIED.,.F.,.F.,(4,1,1,1,4),(0.E0,2.062440779361E-2,
3.250696207977E-1,9.808249622311E-1,1.E0),.UNSPECIFIED.);
#6557=EDGE_CURVE('',#3346,#3269,#2203,.T.);
#6559=EDGE_CURVE('',#3269,#3270,#2354,.T.);
#6571=B_SPLINE_CURVE_WITH_KNOTS('',3,(#6565,#6566,#6567,#6568,#6569,#6570),
.UNSPECIFIED.,.F.,.F.,(4,1,1,4),(0.E0,2.602922109428E-2,9.770846574230E-1,1.E0),
.UNSPECIFIED.);
#6576=EDGE_CURVE('',#3345,#3268,#2207,.T.);
#6578=EDGE_CURVE('',#3268,#3269,#2359,.T.);
#6590=B_SPLINE_CURVE_WITH_KNOTS('',3,(#6584,#6585,#6586,#6587,#6588,#6589),
.UNSPECIFIED.,.F.,.F.,(4,1,1,4),(0.E0,1.257428996868E-2,9.878764379030E-1,1.E0),
.UNSPECIFIED.);
#6595=EDGE_CURVE('',#3344,#3267,#2211,.T.);
#6597=EDGE_CURVE('',#3267,#3268,#2364,.T.);
#6620=B_SPLINE_CURVE_WITH_KNOTS('',3,(#6603,#6604,#6605,#6606,#6607,#6608,#6609,
#6610,#6611,#6612,#6613,#6614,#6615,#6616,#6617,#6618,#6619),.UNSPECIFIED.,.F.,
.F.,(4,1,1,1,1,1,1,1,1,1,1,1,1,1,4),(0.E0,8.215359946326E-3,1.485352975906E-1,
2.888552352350E-1,3.590152040571E-1,4.291751728793E-1,4.993351417014E-1,
5.344151261125E-1,5.694951105236E-1,6.222453163669E-1,6.749955222103E-1,
7.804959338969E-1,8.859963455835E-1,9.914967572702E-1,1.E0),.UNSPECIFIED.);
#6625=EDGE_CURVE('',#3343,#3266,#2215,.T.);
#6627=EDGE_CURVE('',#3266,#3267,#2380,.T.);
#6639=EDGE_CURVE('',#3341,#3264,#2219,.T.);
#6641=EDGE_CURVE('',#3264,#3266,#2384,.T.);
#6653=B_SPLINE_CURVE_WITH_KNOTS('',3,(#6647,#6648,#6649,#6650,#6651,#6652),
.UNSPECIFIED.,.F.,.F.,(4,1,1,4),(0.E0,8.072434041176E-2,9.571043839389E-1,1.E0),
.UNSPECIFIED.);
#6658=EDGE_CURVE('',#3340,#3263,#2223,.T.);
#6660=EDGE_CURVE('',#3263,#3264,#2389,.T.);
#6672=EDGE_CURVE('',#3338,#3261,#2227,.T.);
#6674=EDGE_CURVE('',#3261,#3263,#2393,.T.);
#6686=EDGE_CURVE('',#3336,#3259,#2231,.T.);
#6688=EDGE_CURVE('',#3259,#3261,#2397,.T.);
#6700=EDGE_CURVE('',#3334,#3257,#2235,.T.);
#6702=EDGE_CURVE('',#3257,#3259,#2401,.T.);
#6714=EDGE_CURVE('',#3332,#3255,#2239,.T.);
#6716=EDGE_CURVE('',#3255,#3257,#2405,.T.);
#6728=EDGE_CURVE('',#3330,#3253,#2243,.T.);
#6730=EDGE_CURVE('',#3253,#3255,#2409,.T.);
#6742=EDGE_CURVE('',#3328,#3251,#2247,.T.);
#6744=EDGE_CURVE('',#3251,#3253,#2413,.T.);
#6756=EDGE_CURVE('',#3326,#3249,#2251,.T.);
#6758=EDGE_CURVE('',#3249,#3251,#2417,.T.);
#6770=EDGE_CURVE('',#3324,#3247,#2255,.T.);
#6772=EDGE_CURVE('',#3247,#3249,#2421,.T.);
#6784=EDGE_CURVE('',#3322,#3245,#2259,.T.);
#6786=EDGE_CURVE('',#3245,#3247,#2425,.T.);
#6798=EDGE_CURVE('',#3320,#3243,#2263,.T.);
#6800=EDGE_CURVE('',#3243,#3245,#2429,.T.);
#6812=EDGE_CURVE('',#3318,#3241,#2267,.T.);
#6814=EDGE_CURVE('',#3241,#3243,#2433,.T.);
#6826=EDGE_CURVE('',#3316,#3239,#2271,.T.);
#6828=EDGE_CURVE('',#3239,#3241,#2437,.T.);
#6840=EDGE_CURVE('',#3314,#3237,#2275,.T.);
#6842=EDGE_CURVE('',#3237,#3239,#2441,.T.);
#6854=EDGE_CURVE('',#3312,#3235,#2279,.T.);
#6856=EDGE_CURVE('',#3235,#3237,#2445,.T.);
#6868=EDGE_CURVE('',#3310,#3233,#2283,.T.);
#6870=EDGE_CURVE('',#3233,#3235,#2449,.T.);
#6882=B_SPLINE_CURVE_WITH_KNOTS('',3,(#6876,#6877,#6878,#6879,#6880,#6881),
.UNSPECIFIED.,.F.,.F.,(4,1,1,4),(0.E0,2.313665442393E-2,9.727461596012E-1,1.E0),
.UNSPECIFIED.);
#6887=EDGE_CURVE('',#3309,#3232,#2287,.T.);
#6889=EDGE_CURVE('',#3232,#3233,#2454,.T.);
#6906=B_SPLINE_CURVE_WITH_KNOTS('',3,(#6895,#6896,#6897,#6898,#6899,#6900,#6901,
#6902,#6903,#6904,#6905),.UNSPECIFIED.,.F.,.F.,(4,1,1,1,1,1,1,1,4),(0.E0,
8.879263452703E-3,4.291054647776E-1,6.392185654400E-1,7.442751157712E-1,
8.493316661024E-1,9.772581025038E-1,9.796171822347E-1,1.E0),.UNSPECIFIED.);
#6911=EDGE_CURVE('',#3308,#3231,#2291,.T.);
#6913=EDGE_CURVE('',#3231,#3232,#2464,.T.);
#6923=B_SPLINE_CURVE_WITH_KNOTS('',3,(#6919,#6920,#6921,#6922),.UNSPECIFIED.,
.F.,.F.,(4,4),(0.E0,1.E0),.UNSPECIFIED.);
#6928=EDGE_CURVE('',#3307,#3230,#2295,.T.);
#6930=EDGE_CURVE('',#3230,#3231,#2469,.T.);
#6969=B_SPLINE_CURVE_WITH_KNOTS('',3,(#6936,#6937,#6938,#6939,#6940,#6941,#6942,
#6943,#6944,#6945,#6946,#6947,#6948,#6949,#6950,#6951,#6952,#6953,#6954,#6955,
#6956,#6957,#6958,#6959,#6960,#6961,#6962,#6963,#6964,#6965,#6966,#6967,#6968),
.UNSPECIFIED.,.F.,.F.,(4,1,1,1,1,1,1,1,1,1,1,1,1,1,1,1,1,1,1,1,1,1,1,1,1,1,1,1,
1,1,4),(0.E0,6.513088536498E-3,9.500013078024E-2,1.834871730240E-1,
2.277306941459E-1,2.719742152677E-1,3.162177363896E-1,3.383394969505E-1,
3.604612575115E-1,3.819047894771E-1,4.033483214428E-1,4.462353853740E-1,
4.891224493053E-1,5.320095132366E-1,5.748965771679E-1,6.177836410991E-1,
6.392271730648E-1,6.606707050304E-1,6.821142369960E-1,6.928360029789E-1,
7.035577689617E-1,7.213291207059E-1,7.391004724501E-1,7.568718241944E-1,
7.746431759386E-1,8.101858794270E-1,8.457285829155E-1,8.812712864039E-1,
9.168139898924E-1,9.878993968693E-1,1.E0),.UNSPECIFIED.);
#6974=EDGE_CURVE('',#3306,#3229,#2299,.T.);
#6976=EDGE_CURVE('',#3229,#3230,#2501,.T.);
#6988=EDGE_CURVE('',#3304,#3227,#2303,.T.);
#6990=EDGE_CURVE('',#3227,#3229,#2505,.T.);
#7003=EDGE_CURVE('',#3225,#3227,#2509,.T.);
#7052=EDGE_CURVE('',#3281,#3282,#2514,.T.);
#7054=EDGE_CURVE('',#3286,#3281,#2519,.T.);
#7056=EDGE_CURVE('',#3285,#3286,#2524,.T.);
#7058=EDGE_CURVE('',#3283,#3285,#2528,.T.);
#7060=EDGE_CURVE('',#3282,#3283,#2533,.T.);
#7064=EDGE_CURVE('',#3289,#3290,#2537,.T.);
#7066=EDGE_CURVE('',#3292,#3289,#2542,.T.);
#7068=EDGE_CURVE('',#3291,#3292,#2547,.T.);
#7070=EDGE_CURVE('',#3290,#3291,#2552,.T.);
#7074=EDGE_CURVE('',#3295,#3296,#2556,.T.);
#7076=EDGE_CURVE('',#3298,#3295,#2561,.T.);
#7078=EDGE_CURVE('',#3296,#3298,#2565,.T.);
#7089=B_SPLINE_CURVE_WITH_KNOTS('',3,(#7083,#7084,#7085,#7086,#7087,#7088),
.UNSPECIFIED.,.F.,.F.,(4,1,1,4),(0.E0,3.902123661005E-2,9.523593570330E-1,1.E0),
.UNSPECIFIED.);
#7093=EDGE_CURVE('',#3358,#3359,#2574,.T.);
#7095=EDGE_CURVE('',#3359,#3281,#2569,.T.);
#7098=EDGE_CURVE('',#3358,#3282,#2597,.T.);
#7109=EDGE_CURVE('',#3360,#3358,#2579,.T.);
#7111=EDGE_CURVE('',#3360,#3362,#2583,.T.);
#7113=EDGE_CURVE('',#3363,#3362,#2588,.T.);
#7115=EDGE_CURVE('',#3359,#3363,#2593,.T.);
#7126=B_SPLINE_CURVE_WITH_KNOTS('',3,(#7120,#7121,#7122,#7123,#7124,#7125),
.UNSPECIFIED.,.F.,.F.,(4,1,1,4),(0.E0,7.759117539833E-2,9.496156627302E-1,1.E0),
.UNSPECIFIED.);
#7133=EDGE_CURVE('',#3360,#3283,#2601,.T.);
#7146=EDGE_CURVE('',#3362,#3285,#2605,.T.);
#7157=B_SPLINE_CURVE_WITH_KNOTS('',3,(#7151,#7152,#7153,#7154,#7155,#7156),
.UNSPECIFIED.,.F.,.F.,(4,1,1,4),(0.E0,1.923076923077E-2,9.807692307692E-1,1.E0),
.UNSPECIFIED.);
#7164=EDGE_CURVE('',#3363,#3286,#2609,.T.);
#7175=B_SPLINE_CURVE_WITH_KNOTS('',3,(#7169,#7170,#7171,#7172,#7173,#7174),
.UNSPECIFIED.,.F.,.F.,(4,1,1,4),(0.E0,4.204331315815E-2,9.440340330806E-1,1.E0),
.UNSPECIFIED.);
#7191=EDGE_CURVE('',#3366,#3367,#2617,.T.);
#7193=EDGE_CURVE('',#3366,#3289,#2613,.T.);
#7196=EDGE_CURVE('',#3367,#3290,#2636,.T.);
#7207=EDGE_CURVE('',#3368,#3367,#2622,.T.);
#7209=EDGE_CURVE('',#3369,#3368,#2627,.T.);
#7211=EDGE_CURVE('',#3366,#3369,#2632,.T.);
#7222=B_SPLINE_CURVE_WITH_KNOTS('',3,(#7216,#7217,#7218,#7219,#7220,#7221),
.UNSPECIFIED.,.F.,.F.,(4,1,1,4),(0.E0,4.790291973623E-2,9.259105327267E-1,1.E0),
.UNSPECIFIED.);
#7229=EDGE_CURVE('',#3368,#3291,#2640,.T.);
#7240=B_SPLINE_CURVE_WITH_KNOTS('',3,(#7234,#7235,#7236,#7237,#7238,#7239),
.UNSPECIFIED.,.F.,.F.,(4,1,1,4),(0.E0,3.613906758583E-2,9.620336643384E-1,1.E0),
.UNSPECIFIED.);
#7247=EDGE_CURVE('',#3369,#3292,#2644,.T.);
#7258=B_SPLINE_CURVE_WITH_KNOTS('',3,(#7252,#7253,#7254,#7255,#7256,#7257),
.UNSPECIFIED.,.F.,.F.,(4,1,1,4),(0.E0,1.312067679769E-1,9.469565208976E-1,1.E0),
.UNSPECIFIED.);
#7274=EDGE_CURVE('',#3372,#3373,#2652,.T.);
#7276=EDGE_CURVE('',#3372,#3295,#2648,.T.);
#7279=EDGE_CURVE('',#3373,#3296,#2665,.T.);
#7290=EDGE_CURVE('',#3373,#3375,#2656,.T.);
#7292=EDGE_CURVE('',#3372,#3375,#2661,.T.);
#7305=EDGE_CURVE('',#3375,#3298,#2669,.T.);
#7316=B_SPLINE_CURVE_WITH_KNOTS('',3,(#7310,#7311,#7312,#7313,#7314,#7315),
.UNSPECIFIED.,.F.,.F.,(4,1,1,4),(0.E0,2.434841559082E-2,9.720704557213E-1,1.E0),
.UNSPECIFIED.);
#7332=EDGE_CURVE('',#3547,#3542,#2673,.T.);
#7334=EDGE_CURVE('',#3535,#3547,#2703,.T.);
#7337=EDGE_CURVE('',#3534,#3542,#2677,.T.);
#7347=EDGE_CURVE('',#3542,#3543,#2682,.T.);
#7349=EDGE_CURVE('',#3545,#3543,#2690,.T.);
#7351=EDGE_CURVE('',#3545,#3547,#2699,.T.);
#7365=EDGE_CURVE('',#3539,#3543,#2686,.T.);
#7378=EDGE_CURVE('',#3537,#3545,#2694,.T.);
#7400=EDGE_CURVE('',#3563,#3558,#2707,.T.);
#7402=EDGE_CURVE('',#3551,#3563,#2737,.T.);
#7405=EDGE_CURVE('',#3550,#3558,#2711,.T.);
#7415=EDGE_CURVE('',#3558,#3559,#2716,.T.);
#7417=EDGE_CURVE('',#3561,#3559,#2724,.T.);
#7419=EDGE_CURVE('',#3561,#3563,#2733,.T.);
#7433=EDGE_CURVE('',#3555,#3559,#2720,.T.);
#7446=EDGE_CURVE('',#3553,#3561,#2728,.T.);
#7468=EDGE_CURVE('',#3579,#3574,#2741,.T.);
#7470=EDGE_CURVE('',#3567,#3579,#2771,.T.);
#7473=EDGE_CURVE('',#3566,#3574,#2745,.T.);
#7483=EDGE_CURVE('',#3574,#3575,#2750,.T.);
#7485=EDGE_CURVE('',#3577,#3575,#2758,.T.);
#7487=EDGE_CURVE('',#3577,#3579,#2767,.T.);
#7501=EDGE_CURVE('',#3571,#3575,#2754,.T.);
#7514=EDGE_CURVE('',#3569,#3577,#2762,.T.);
#7536=EDGE_CURVE('',#3595,#3590,#2775,.T.);
#7538=EDGE_CURVE('',#3583,#3595,#2805,.T.);
#7541=EDGE_CURVE('',#3582,#3590,#2779,.T.);
#7551=EDGE_CURVE('',#3590,#3591,#2784,.T.);
#7553=EDGE_CURVE('',#3593,#3591,#2792,.T.);
#7555=EDGE_CURVE('',#3593,#3595,#2801,.T.);
#7569=EDGE_CURVE('',#3587,#3591,#2788,.T.);
#7582=EDGE_CURVE('',#3585,#3593,#2796,.T.);
#7605=EDGE_CURVE('',#3379,#3403,#2809,.T.);
#7608=EDGE_CURVE('',#3378,#3402,#2821,.T.);
#7619=EDGE_CURVE('',#3381,#3405,#2813,.T.);
#7632=EDGE_CURVE('',#3383,#3407,#2817,.T.);
#7657=EDGE_CURVE('',#3387,#3411,#2825,.T.);
#7660=EDGE_CURVE('',#3386,#3410,#2837,.T.);
#7671=EDGE_CURVE('',#3389,#3413,#2829,.T.);
#7684=EDGE_CURVE('',#3391,#3415,#2833,.T.);
#7709=EDGE_CURVE('',#3395,#3419,#2841,.T.);
#7712=EDGE_CURVE('',#3394,#3418,#2853,.T.);
#7723=EDGE_CURVE('',#3397,#3421,#2845,.T.);
#7736=EDGE_CURVE('',#3399,#3423,#2849,.T.);
#7770=(LENGTH_UNIT()NAMED_UNIT(*)SI_UNIT(.MILLI.,.METRE.));
#7774=(NAMED_UNIT(*)PLANE_ANGLE_UNIT()SI_UNIT($,.RADIAN.));
#7777=(NAMED_UNIT(*)SI_UNIT($,.STERADIAN.)SOLID_ANGLE_UNIT());
#7780=ADVANCED_BREP_SHAPE_REPRESENTATION('',(#7768),#7779);
#7787=PRODUCT_DEFINITION('part definition','',#7786,#7783);
#7788=PRODUCT_DEFINITION_SHAPE('','SHAPE FOR OS-103011MS8QP1_SW0001_PRT.',
#7787);
#7789=SHAPE_DEFINITION_REPRESENTATION(#7788,#7780);
ENDSEC;
END-ISO-10303-21;
